{
	"credit": "Made with Blockbench",
	"textures": {
		"0": "items/camo",
		"1": "items/healthcross",
		"2": "items/grenades",
		"particle": "items/camo"
	},
	"elements": [
		{
			"name": "Sidepuch",
			"from": [2, 7.25, 6],
			"to": [4, 13.75, 10],
			"faces": {
				"north": {"uv": [0, 0, 16, 16], "texture": "#0"},
				"east": {"uv": [0, 0, 16, 16], "texture": "#0"},
				"south": {"uv": [0, 0, 16, 16], "texture": "#0"},
				"west": {"uv": [0, 0, 16, 16], "texture": "#0"},
				"up": {"uv": [0, 0, 16, 16], "texture": "#0"},
				"down": {"uv": [0, 0, 16, 16], "texture": "#0"}
			}
		},
		{
			"name": "Sidepuch",
			"from": [12, 7.25, 6],
			"to": [14, 13.75, 10],
			"faces": {
				"north": {"uv": [0, 0, 16, 16], "texture": "#0"},
				"east": {"uv": [0, 0, 16, 16], "texture": "#0"},
				"south": {"uv": [0, 0, 16, 16], "texture": "#0"},
				"west": {"uv": [0, 0, 16, 16], "texture": "#0"},
				"up": {"uv": [0, 0, 16, 16], "texture": "#0"},
				"down": {"uv": [0, 0, 16, 16], "texture": "#0"}
			}
		},
		{
			"name": "top",
			"from": [3.25, 13.25, 5.25],
			"to": [12.75, 14.5, 10.75],
			"faces": {
				"north": {"uv": [0, 0, 16, 16], "texture": "#0"},
				"east": {"uv": [0, 0, 16, 16], "texture": "#0"},
				"south": {"uv": [0, 0, 16, 16], "texture": "#0"},
				"west": {"uv": [0, 0, 16, 16], "texture": "#0"},
				"up": {"uv": [0, 0, 16, 16], "texture": "#0"},
				"down": {"uv": [0, 0, 16, 16], "texture": "#0"}
			}
		},
		{
			"from": [3, 7, 5],
			"to": [13, 14, 11],
			"faces": {
				"north": {"uv": [0, 0, 16, 16], "texture": "#0"},
				"east": {"uv": [0, 0, 16, 16], "texture": "#0"},
				"south": {"uv": [0, 0, 16, 16], "texture": "#0"},
				"west": {"uv": [0, 0, 16, 16], "texture": "#0"},
				"up": {"uv": [0, 0, 16, 16], "texture": "#0"},
				"down": {"uv": [0, 0, 16, 16], "texture": "#0"}
			}
		},
		{
			"from": [3.25, 9.5, 10.25],
			"to": [12.75, 13.75, 11.25],
			"faces": {
				"north": {"uv": [0, 0, 16, 16], "texture": "#0"},
				"east": {"uv": [0, 0, 16, 16], "texture": "#0"},
				"south": {"uv": [0, 0, 16, 16], "texture": "#0"},
				"west": {"uv": [0, 0, 16, 16], "texture": "#0"},
				"up": {"uv": [0, 0, 16, 16], "texture": "#0"},
				"down": {"uv": [0, 0, 16, 16], "texture": "#0"}
			}
		},
		{
			"from": [6, 9.75, 11.26],
			"to": [10, 13.75, 11.26],
			"faces": {
				"north": {"uv": [0, 0, 16, 16], "texture": "#1"},
				"east": {"uv": [0, 0, 16, 16], "texture": "#1"},
				"south": {"uv": [0, 0, 16, 16], "texture": "#1"},
				"west": {"uv": [0, 0, 16, 16], "texture": "#1"},
				"up": {"uv": [0, 0, 16, 16], "texture": "#1"},
				"down": {"uv": [0, 0, 16, 16], "texture": "#1"}
			}
		},
		{
			"from": [4, 9.25, 11.26],
			"to": [4.3, 14, 11.26],
			"faces": {
				"north": {"uv": [6, 1, 7, 3], "texture": "#2"},
				"east": {"uv": [6, 1, 7, 3], "texture": "#2"},
				"south": {"uv": [6, 1, 7, 3], "texture": "#2"},
				"west": {"uv": [6, 1, 7, 3], "texture": "#2"},
				"up": {"uv": [6, 1, 7, 3], "texture": "#2"},
				"down": {"uv": [6, 1, 7, 3], "texture": "#2"}
			}
		},
		{
			"from": [12, 9.25, 11.26],
			"to": [12.3, 14, 11.26],
			"faces": {
				"north": {"uv": [6, 1, 7, 3], "texture": "#2"},
				"east": {"uv": [6, 1, 7, 3], "texture": "#2"},
				"south": {"uv": [6, 1, 7, 3], "texture": "#2"},
				"west": {"uv": [6, 1, 7, 3], "texture": "#2"},
				"up": {"uv": [6, 1, 7, 3], "texture": "#2"},
				"down": {"uv": [6, 1, 7, 3], "texture": "#2"}
			}
		},
		{
			"from": [4, 9.25, 11.26],
			"to": [12.3, 9.5, 11.26],
			"faces": {
				"north": {"uv": [6, 1, 7, 3], "texture": "#2"},
				"east": {"uv": [6, 1, 7, 3], "texture": "#2"},
				"south": {"uv": [6, 1, 7, 3], "texture": "#2"},
				"west": {"uv": [6, 1, 7, 3], "texture": "#2"},
				"up": {"uv": [6, 1, 7, 3], "texture": "#2"},
				"down": {"uv": [6, 1, 7, 3], "texture": "#2"}
			}
		},
		{
			"from": [4, 7, 11.06],
			"to": [4.3, 10, 11.06],
			"faces": {
				"north": {"uv": [6, 1, 7, 3], "texture": "#2"},
				"east": {"uv": [6, 1, 7, 3], "texture": "#2"},
				"south": {"uv": [6, 1, 7, 3], "texture": "#2"},
				"west": {"uv": [6, 1, 7, 3], "texture": "#2"},
				"up": {"uv": [6, 1, 7, 3], "texture": "#2"},
				"down": {"uv": [6, 1, 7, 3], "texture": "#2"}
			}
		},
		{
			"from": [12, 7, 4.99],
			"to": [12.3, 10, 4.99],
			"faces": {
				"north": {"uv": [6, 1, 7, 3], "texture": "#2"},
				"east": {"uv": [6, 1, 7, 3], "texture": "#2"},
				"south": {"uv": [6, 1, 7, 3], "texture": "#2"},
				"west": {"uv": [6, 1, 7, 3], "texture": "#2"},
				"up": {"uv": [6, 1, 7, 3], "texture": "#2"},
				"down": {"uv": [6, 1, 7, 3], "texture": "#2"}
			}
		},
		{
			"name": "Front",
			"from": [3.25, 9.5, 4.75],
			"to": [12.75, 13.75, 5.75],
			"faces": {
				"north": {"uv": [0, 0, 16, 16], "texture": "#0"},
				"east": {"uv": [0, 0, 16, 16], "texture": "#0"},
				"south": {"uv": [0, 0, 16, 16], "texture": "#0"},
				"west": {"uv": [0, 0, 16, 16], "texture": "#0"},
				"up": {"uv": [0, 0, 16, 16], "texture": "#0"},
				"down": {"uv": [0, 0, 16, 16], "texture": "#0"}
			}
		},
		{
			"from": [6, 9.75, 4.74],
			"to": [10, 13.75, 4.74],
			"faces": {
				"north": {"uv": [0, 0, 16, 16], "texture": "#1"},
				"east": {"uv": [0, 0, 16, 16], "texture": "#1"},
				"south": {"uv": [0, 0, 16, 16], "texture": "#1"},
				"west": {"uv": [0, 0, 16, 16], "texture": "#1"},
				"up": {"uv": [0, 0, 16, 16], "texture": "#1"},
				"down": {"uv": [0, 0, 16, 16], "texture": "#1"}
			}
		},
		{
			"from": [4, 9.25, 4.74],
			"to": [4.3, 14, 4.74],
			"faces": {
				"north": {"uv": [6, 1, 7, 3], "texture": "#2"},
				"east": {"uv": [6, 1, 7, 3], "texture": "#2"},
				"south": {"uv": [6, 1, 7, 3], "texture": "#2"},
				"west": {"uv": [6, 1, 7, 3], "texture": "#2"},
				"up": {"uv": [6, 1, 7, 3], "texture": "#2"},
				"down": {"uv": [6, 1, 7, 3], "texture": "#2"}
			}
		},
		{
			"from": [12, 9.25, 4.74],
			"to": [12.3, 14, 4.74],
			"faces": {
				"north": {"uv": [6, 1, 7, 3], "texture": "#2"},
				"east": {"uv": [6, 1, 7, 3], "texture": "#2"},
				"south": {"uv": [6, 1, 7, 3], "texture": "#2"},
				"west": {"uv": [6, 1, 7, 3], "texture": "#2"},
				"up": {"uv": [6, 1, 7, 3], "texture": "#2"},
				"down": {"uv": [6, 1, 7, 3], "texture": "#2"}
			}
		},
		{
			"from": [4, 9.25, 4.74],
			"to": [12.3, 9.5, 4.74],
			"faces": {
				"north": {"uv": [6, 1, 7, 3], "texture": "#2"},
				"east": {"uv": [6, 1, 7, 3], "texture": "#2"},
				"south": {"uv": [6, 1, 7, 3], "texture": "#2"},
				"west": {"uv": [6, 1, 7, 3], "texture": "#2"},
				"up": {"uv": [6, 1, 7, 3], "texture": "#2"},
				"down": {"uv": [6, 1, 7, 3], "texture": "#2"}
			}
		},
		{
			"from": [12, 7, 11.06],
			"to": [12.3, 10, 11.06],
			"faces": {
				"north": {"uv": [6, 1, 7, 3], "texture": "#2"},
				"east": {"uv": [6, 1, 7, 3], "texture": "#2"},
				"south": {"uv": [6, 1, 7, 3], "texture": "#2"},
				"west": {"uv": [6, 1, 7, 3], "texture": "#2"},
				"up": {"uv": [6, 1, 7, 3], "texture": "#2"},
				"down": {"uv": [6, 1, 7, 3], "texture": "#2"}
			}
		},
		{
			"from": [4, 7, 4.99],
			"to": [4.3, 10, 4.99],
			"faces": {
				"north": {"uv": [6, 1, 7, 3], "texture": "#2"},
				"east": {"uv": [6, 1, 7, 3], "texture": "#2"},
				"south": {"uv": [6, 1, 7, 3], "texture": "#2"},
				"west": {"uv": [6, 1, 7, 3], "texture": "#2"},
				"up": {"uv": [6, 1, 7, 3], "texture": "#2"},
				"down": {"uv": [6, 1, 7, 3], "texture": "#2"}
			}
		}
	],
	"display": {
		"thirdperson_righthand": {
			"scale": [0.3, 0.3, 0.3]
		},
		"thirdperson_lefthand": {
			"scale": [0.3, 0.3, 0.3]
		},
		"firstperson_righthand": {
			"scale": [0.3, 0.3, 0.3]
		},
		"firstperson_lefthand": {
			"scale": [0.3, 0.3, 0.3]
		},
		"gui": {
			"translation": [0, -2.5, 0]
		},
		"fixed": {
			"translation": [0, -2.5, 0]
		}
	}
}