{
    "providers": [
	
	
	
	
		
		{ "file": "minecraft:font/emoji/0.png", "chars": [ "\ue000" ], "height": 9, "ascent": 8, "type": "bitmap" },
		{ "file": "minecraft:font/emoji/1.png", "chars": [ "\ue001" ], "height": 9, "ascent": 8, "type": "bitmap" },
		{ "file": "minecraft:font/emoji/2.png", "chars": [ "\ue002" ], "height": 9, "ascent": 8, "type": "bitmap" },
		{ "file": "minecraft:font/emoji/3.png", "chars": [ "\ue003" ], "height": 9, "ascent": 8, "type": "bitmap" },
		{ "file": "minecraft:font/emoji/4.png", "chars": [ "\ue004" ], "height": 9, "ascent": 8, "type": "bitmap" },
		{ "file": "minecraft:font/emoji/5.png", "chars": [ "\ue005" ], "height": 9, "ascent": 8, "type": "bitmap" },
		{ "file": "minecraft:font/emoji/6.png", "chars": [ "\ue006" ], "height": 9, "ascent": 8, "type": "bitmap" },
		{ "file": "minecraft:font/emoji/7.png", "chars": [ "\ue007" ], "height": 9, "ascent": 8, "type": "bitmap" },
		{ "file": "minecraft:font/emoji/8.png", "chars": [ "\ue008" ], "height": 9, "ascent": 8, "type": "bitmap" },
		{ "file": "minecraft:font/emoji/9.png", "chars": [ "\ue009" ], "height": 9, "ascent": 8, "type": "bitmap" },
		{ "file": "minecraft:font/emoji/alarmclock.png", "chars": [ "\ue00a" ], "height": 9, "ascent": 8, "type": "bitmap" },
		{ "file": "minecraft:font/emoji/alien.png", "chars": [ "\ue00b" ], "height": 9, "ascent": 8, "type": "bitmap" },
		{ "file": "minecraft:font/emoji/angry.png", "chars": [ "\ue00c" ], "height": 9, "ascent": 8, "type": "bitmap" },
		{ "file": "minecraft:font/emoji/angry1.png", "chars": [ "\ue00d" ], "height": 9, "ascent": 8, "type": "bitmap" },
		{ "file": "minecraft:font/emoji/angry2.png", "chars": [ "\ue00e" ], "height": 9, "ascent": 8, "type": "bitmap" },
		{ "file": "minecraft:font/emoji/angry3.png", "chars": [ "\ue00f" ], "height": 9, "ascent": 8, "type": "bitmap" },
		{ "file": "minecraft:font/emoji/anxious.png", "chars": [ "\ue010" ], "height": 9, "ascent": 8, "type": "bitmap" },
		{ "file": "minecraft:font/emoji/aquarius.png", "chars": [ "\ue011" ], "height": 9, "ascent": 8, "type": "bitmap" },
		{ "file": "minecraft:font/emoji/aries.png", "chars": [ "\ue012" ], "height": 9, "ascent": 8, "type": "bitmap" },
		{ "file": "minecraft:font/emoji/asterisk.png", "chars": [ "\ue013" ], "height": 9, "ascent": 8, "type": "bitmap" },
		{ "file": "minecraft:font/emoji/atm.png", "chars": [ "\ue014" ], "height": 9, "ascent": 8, "type": "bitmap" },
		{ "file": "minecraft:font/emoji/avocado.png", "chars": [ "\ue015" ], "height": 9, "ascent": 8, "type": "bitmap" },
		{ "file": "minecraft:font/emoji/bacon.png", "chars": [ "\ue016" ], "height": 9, "ascent": 8, "type": "bitmap" },
		{ "file": "minecraft:font/emoji/baguette.png", "chars": [ "\ue017" ], "height": 9, "ascent": 8, "type": "bitmap" },
		{ "file": "minecraft:font/emoji/bandage.png", "chars": [ "\ue018" ], "height": 9, "ascent": 8, "type": "bitmap" },
		{ "file": "minecraft:font/emoji/bat.png", "chars": [ "\ue019" ], "height": 9, "ascent": 8, "type": "bitmap" },
		{ "file": "minecraft:font/emoji/biceps.png", "chars": [ "\ue01a" ], "height": 9, "ascent": 8, "type": "bitmap" },
		{ "file": "minecraft:font/emoji/biohazard.png", "chars": [ "\ue01b" ], "height": 9, "ascent": 8, "type": "bitmap" },
		{ "file": "minecraft:font/emoji/blocked.png", "chars": [ "\ue01c" ], "height": 9, "ascent": 8, "type": "bitmap" },
		{ "file": "minecraft:font/emoji/blood.png", "chars": [ "\ue01d" ], "height": 9, "ascent": 8, "type": "bitmap" },
		{ "file": "minecraft:font/emoji/blush.png", "chars": [ "\ue01e" ], "height": 9, "ascent": 8, "type": "bitmap" },
		{ "file": "minecraft:font/emoji/bye.png", "chars": [ "\ue01f" ], "height": 9, "ascent": 8, "type": "bitmap" },
		{ "file": "minecraft:font/emoji/callme.png", "chars": [ "\ue020" ], "height": 9, "ascent": 8, "type": "bitmap" },
		{ "file": "minecraft:font/emoji/cancel.png", "chars": [ "\ue021" ], "height": 9, "ascent": 8, "type": "bitmap" },
		{ "file": "minecraft:font/emoji/cancer.png", "chars": [ "\ue022" ], "height": 9, "ascent": 8, "type": "bitmap" },
		{ "file": "minecraft:font/emoji/capricorn.png", "chars": [ "\ue023" ], "height": 9, "ascent": 8, "type": "bitmap" },
		{ "file": "minecraft:font/emoji/carrot.png", "chars": [ "\ue024" ], "height": 9, "ascent": 8, "type": "bitmap" },
		{ "file": "minecraft:font/emoji/chair.png", "chars": [ "\ue025" ], "height": 9, "ascent": 8, "type": "bitmap" },
		{ "file": "minecraft:font/emoji/chick.png", "chars": [ "\ue026" ], "height": 9, "ascent": 8, "type": "bitmap" },
		{ "file": "minecraft:font/emoji/chick1.png", "chars": [ "\ue027" ], "height": 9, "ascent": 8, "type": "bitmap" },
		{ "file": "minecraft:font/emoji/chick2.png", "chars": [ "\ue028" ], "height": 9, "ascent": 8, "type": "bitmap" },
		{ "file": "minecraft:font/emoji/clap.png", "chars": [ "\ue029" ], "height": 9, "ascent": 8, "type": "bitmap" },
		{ "file": "minecraft:font/emoji/coffin.png", "chars": [ "\ue02a" ], "height": 9, "ascent": 8, "type": "bitmap" },
		{ "file": "minecraft:font/emoji/cold.png", "chars": [ "\ue02b" ], "height": 9, "ascent": 8, "type": "bitmap" },
		{ "file": "minecraft:font/emoji/confirm.png", "chars": [ "\ue02c" ], "height": 9, "ascent": 8, "type": "bitmap" },
		{ "file": "minecraft:font/emoji/confused.png", "chars": [ "\ue02d" ], "height": 9, "ascent": 8, "type": "bitmap" },
		{ "file": "minecraft:font/emoji/confused1.png", "chars": [ "\ue02e" ], "height": 9, "ascent": 8, "type": "bitmap" },
		{ "file": "minecraft:font/emoji/couple.png", "chars": [ "\ue02f" ], "height": 9, "ascent": 8, "type": "bitmap" },
		{ "file": "minecraft:font/emoji/cowboy.png", "chars": [ "\ue030" ], "height": 9, "ascent": 8, "type": "bitmap" },
		{ "file": "minecraft:font/emoji/crab.png", "chars": [ "\ue031" ], "height": 9, "ascent": 8, "type": "bitmap" },
		{ "file": "minecraft:font/emoji/croissant.png", "chars": [ "\ue032" ], "height": 9, "ascent": 8, "type": "bitmap" },
		{ "file": "minecraft:font/emoji/crossedfingers.png", "chars": [ "\ue033" ], "height": 9, "ascent": 8, "type": "bitmap" },
		{ "file": "minecraft:font/emoji/cry.png", "chars": [ "\ue034" ], "height": 9, "ascent": 8, "type": "bitmap" },
		{ "file": "minecraft:font/emoji/cry1.png", "chars": [ "\ue035" ], "height": 9, "ascent": 8, "type": "bitmap" },
		{ "file": "minecraft:font/emoji/crycat.png", "chars": [ "\ue036" ], "height": 9, "ascent": 8, "type": "bitmap" },
		{ "file": "minecraft:font/emoji/cucumber.png", "chars": [ "\ue037" ], "height": 9, "ascent": 8, "type": "bitmap" },
		{ "file": "minecraft:font/emoji/dead.png", "chars": [ "\ue038" ], "height": 9, "ascent": 8, "type": "bitmap" },
		{ "file": "minecraft:font/emoji/dead1.png", "chars": [ "\ue039" ], "height": 9, "ascent": 8, "type": "bitmap" },
		{ "file": "minecraft:font/emoji/dollar.png", "chars": [ "\ue03a" ], "height": 9, "ascent": 8, "type": "bitmap" },
		{ "file": "minecraft:font/emoji/doubleexclamation.png", "chars": [ "\ue03b" ], "height": 9, "ascent": 8, "type": "bitmap" },
		{ "file": "minecraft:font/emoji/down.png", "chars": [ "\ue03c" ], "height": 9, "ascent": 8, "type": "bitmap" },
		{ "file": "minecraft:font/emoji/drops.png", "chars": [ "\ue03d" ], "height": 9, "ascent": 8, "type": "bitmap" },
		{ "file": "minecraft:font/emoji/drumstick.png", "chars": [ "\ue03e" ], "height": 9, "ascent": 8, "type": "bitmap" },
		{ "file": "minecraft:font/emoji/duck.png", "chars": [ "\ue03f" ], "height": 9, "ascent": 8, "type": "bitmap" },
		{ "file": "minecraft:font/emoji/eagle.png", "chars": [ "\ue040" ], "height": 9, "ascent": 8, "type": "bitmap" },
		{ "file": "minecraft:font/emoji/eggplant.png", "chars": [ "\ue041" ], "height": 9, "ascent": 8, "type": "bitmap" },
		{ "file": "minecraft:font/emoji/eject.png", "chars": [ "\ue042" ], "height": 9, "ascent": 8, "type": "bitmap" },
		{ "file": "minecraft:font/emoji/evil.png", "chars": [ "\ue043" ], "height": 9, "ascent": 8, "type": "bitmap" },
		{ "file": "minecraft:font/emoji/explodehead.png", "chars": [ "\ue044" ], "height": 9, "ascent": 8, "type": "bitmap" },
		{ "file": "minecraft:font/emoji/eyes.png", "chars": [ "\ue045" ], "height": 9, "ascent": 8, "type": "bitmap" },
		{ "file": "minecraft:font/emoji/facemask.png", "chars": [ "\ue046" ], "height": 9, "ascent": 8, "type": "bitmap" },
		{ "file": "minecraft:font/emoji/fastdown.png", "chars": [ "\ue047" ], "height": 9, "ascent": 8, "type": "bitmap" },
		{ "file": "minecraft:font/emoji/fastforward.png", "chars": [ "\ue048" ], "height": 9, "ascent": 8, "type": "bitmap" },
		{ "file": "minecraft:font/emoji/fastreverse.png", "chars": [ "\ue049" ], "height": 9, "ascent": 8, "type": "bitmap" },
		{ "file": "minecraft:font/emoji/fastup.png", "chars": [ "\ue04a" ], "height": 9, "ascent": 8, "type": "bitmap" },
		{ "file": "minecraft:font/emoji/fbowing.png", "chars": [ "\ue04b" ], "height": 9, "ascent": 8, "type": "bitmap" },
		{ "file": "minecraft:font/emoji/fear.png", "chars": [ "\ue04c" ], "height": 9, "ascent": 8, "type": "bitmap" },
		{ "file": "minecraft:font/emoji/fear1.png", "chars": [ "\ue04d" ], "height": 9, "ascent": 8, "type": "bitmap" },
		{ "file": "minecraft:font/emoji/fear3.png", "chars": [ "\ue04e" ], "height": 9, "ascent": 8, "type": "bitmap" },
		{ "file": "minecraft:font/emoji/featcat.png", "chars": [ "\ue04f" ], "height": 9, "ascent": 8, "type": "bitmap" },
		{ "file": "minecraft:font/emoji/ffacepalm.png", "chars": [ "\ue050" ], "height": 9, "ascent": 8, "type": "bitmap" },
		{ "file": "minecraft:font/emoji/fidk.png", "chars": [ "\ue051" ], "height": 9, "ascent": 8, "type": "bitmap" },
		{ "file": "minecraft:font/emoji/finger.png", "chars": [ "\ue052" ], "height": 9, "ascent": 8, "type": "bitmap" },
		{ "file": "minecraft:font/emoji/fire.png", "chars": [ "\ue053" ], "height": 9, "ascent": 8, "type": "bitmap" },
		{ "file": "minecraft:font/emoji/fish.png", "chars": [ "\ue054" ], "height": 9, "ascent": 8, "type": "bitmap" },
		{ "file": "minecraft:font/emoji/flamingo.png", "chars": [ "\ue055" ], "height": 9, "ascent": 8, "type": "bitmap" },
		{ "file": "minecraft:font/emoji/fmage.png", "chars": [ "\ue056" ], "height": 9, "ascent": 8, "type": "bitmap" },
		{ "file": "minecraft:font/emoji/fno.png", "chars": [ "\ue057" ], "height": 9, "ascent": 8, "type": "bitmap" },
		{ "file": "minecraft:font/emoji/fok.png", "chars": [ "\ue058" ], "height": 9, "ascent": 8, "type": "bitmap" },
		{ "file": "minecraft:font/emoji/frown.png", "chars": [ "\ue059" ], "height": 9, "ascent": 8, "type": "bitmap" },
		{ "file": "minecraft:font/emoji/frown2.png", "chars": [ "\ue05a" ], "height": 9, "ascent": 8, "type": "bitmap" },
		{ "file": "minecraft:font/emoji/frown3.png", "chars": [ "\ue05b" ], "height": 9, "ascent": 8, "type": "bitmap" },
		{ "file": "minecraft:font/emoji/frown4.png", "chars": [ "\ue05c" ], "height": 9, "ascent": 8, "type": "bitmap" },
		{ "file": "minecraft:font/emoji/frown5.png", "chars": [ "\ue05d" ], "height": 9, "ascent": 8, "type": "bitmap" },
		{ "file": "minecraft:font/emoji/frown6.png", "chars": [ "\ue05e" ], "height": 9, "ascent": 8, "type": "bitmap" },
		{ "file": "minecraft:font/emoji/gemini.png", "chars": [ "\ue05f" ], "height": 9, "ascent": 8, "type": "bitmap" },
		{ "file": "minecraft:font/emoji/giraffe.png", "chars": [ "\ue060" ], "height": 9, "ascent": 8, "type": "bitmap" },
		{ "file": "minecraft:font/emoji/halo.png", "chars": [ "\ue061" ], "height": 9, "ascent": 8, "type": "bitmap" },
		{ "file": "minecraft:font/emoji/hamburger.png", "chars": [ "\ue062" ], "height": 9, "ascent": 8, "type": "bitmap" },
		{ "file": "minecraft:font/emoji/handshake.png", "chars": [ "\ue063" ], "height": 9, "ascent": 8, "type": "bitmap" },
		{ "file": "minecraft:font/emoji/hashtag.png", "chars": [ "\ue064" ], "height": 9, "ascent": 8, "type": "bitmap" },
		{ "file": "minecraft:font/emoji/heart.png", "chars": [ "\ue065" ], "height": 9, "ascent": 8, "type": "bitmap" },
		{ "file": "minecraft:font/emoji/heart1.png", "chars": [ "\ue066" ], "height": 9, "ascent": 8, "type": "bitmap" },
		{ "file": "minecraft:font/emoji/heart2.png", "chars": [ "\ue067" ], "height": 9, "ascent": 8, "type": "bitmap" },
		{ "file": "minecraft:font/emoji/heart3.png", "chars": [ "\ue068" ], "height": 9, "ascent": 8, "type": "bitmap" },
		{ "file": "minecraft:font/emoji/heart4.png", "chars": [ "\ue069" ], "height": 9, "ascent": 8, "type": "bitmap" },
		{ "file": "minecraft:font/emoji/heart5.png", "chars": [ "\ue06a" ], "height": 9, "ascent": 8, "type": "bitmap" },
		{ "file": "minecraft:font/emoji/heart6.png", "chars": [ "\ue06b" ], "height": 9, "ascent": 8, "type": "bitmap" },
		{ "file": "minecraft:font/emoji/hehe.png", "chars": [ "\ue06c" ], "height": 9, "ascent": 8, "type": "bitmap" },
		{ "file": "minecraft:font/emoji/hot.png", "chars": [ "\ue06d" ], "height": 9, "ascent": 8, "type": "bitmap" },
		{ "file": "minecraft:font/emoji/hourglass.png", "chars": [ "\ue06e" ], "height": 9, "ascent": 8, "type": "bitmap" },
		{ "file": "minecraft:font/emoji/hourglass1.png", "chars": [ "\ue06f" ], "height": 9, "ascent": 8, "type": "bitmap" },
		{ "file": "minecraft:font/emoji/hug.png", "chars": [ "\ue070" ], "height": 9, "ascent": 8, "type": "bitmap" },
		{ "file": "minecraft:font/emoji/ice.png", "chars": [ "\ue071" ], "height": 9, "ascent": 8, "type": "bitmap" },
		{ "file": "minecraft:font/emoji/ill.png", "chars": [ "\ue072" ], "height": 9, "ascent": 8, "type": "bitmap" },
		{ "file": "minecraft:font/emoji/inlove.png", "chars": [ "\ue073" ], "height": 9, "ascent": 8, "type": "bitmap" },
		{ "file": "minecraft:font/emoji/inlove1.png", "chars": [ "\ue074" ], "height": 9, "ascent": 8, "type": "bitmap" },
		{ "file": "minecraft:font/emoji/inlovecat.png", "chars": [ "\ue075" ], "height": 9, "ascent": 8, "type": "bitmap" },
		{ "file": "minecraft:font/emoji/jackolantern.png", "chars": [ "\ue076" ], "height": 9, "ascent": 8, "type": "bitmap" },
		{ "file": "minecraft:font/emoji/kebab.png", "chars": [ "\ue077" ], "height": 9, "ascent": 8, "type": "bitmap" },
		{ "file": "minecraft:font/emoji/kiss.png", "chars": [ "\ue078" ], "height": 9, "ascent": 8, "type": "bitmap" },
		{ "file": "minecraft:font/emoji/kiss1.png", "chars": [ "\ue079" ], "height": 9, "ascent": 8, "type": "bitmap" },
		{ "file": "minecraft:font/emoji/kiss2.png", "chars": [ "\ue07a" ], "height": 9, "ascent": 8, "type": "bitmap" },
		{ "file": "minecraft:font/emoji/kiss3.png", "chars": [ "\ue07b" ], "height": 9, "ascent": 8, "type": "bitmap" },
		{ "file": "minecraft:font/emoji/lasttrack.png", "chars": [ "\ue07c" ], "height": 9, "ascent": 8, "type": "bitmap" },
		{ "file": "minecraft:font/emoji/laugh.png", "chars": [ "\ue07d" ], "height": 9, "ascent": 8, "type": "bitmap" },
		{ "file": "minecraft:font/emoji/laugh2.png", "chars": [ "\ue07e" ], "height": 9, "ascent": 8, "type": "bitmap" },
		{ "file": "minecraft:font/emoji/laugh3.png", "chars": [ "\ue07f" ], "height": 9, "ascent": 8, "type": "bitmap" },
		{ "file": "minecraft:font/emoji/laugh4.png", "chars": [ "\ue080" ], "height": 9, "ascent": 8, "type": "bitmap" },
		{ "file": "minecraft:font/emoji/laughcat.png", "chars": [ "\ue081" ], "height": 9, "ascent": 8, "type": "bitmap" },
		{ "file": "minecraft:font/emoji/left.png", "chars": [ "\ue082" ], "height": 9, "ascent": 8, "type": "bitmap" },
		{ "file": "minecraft:font/emoji/leftcurve.png", "chars": [ "\ue083" ], "height": 9, "ascent": 8, "type": "bitmap" },
		{ "file": "minecraft:font/emoji/leo.png", "chars": [ "\ue084" ], "height": 9, "ascent": 8, "type": "bitmap" },
		{ "file": "minecraft:font/emoji/lion.png", "chars": [ "\ue085" ], "height": 9, "ascent": 8, "type": "bitmap" },
		{ "file": "minecraft:font/emoji/lock.png", "chars": [ "\ue086" ], "height": 9, "ascent": 8, "type": "bitmap" },
		{ "file": "minecraft:font/emoji/luck.png", "chars": [ "\ue087" ], "height": 9, "ascent": 8, "type": "bitmap" },
		{ "file": "minecraft:font/emoji/lying.png", "chars": [ "\ue088" ], "height": 9, "ascent": 8, "type": "bitmap" },
		{ "file": "minecraft:font/emoji/m.png", "chars": [ "\ue089" ], "height": 9, "ascent": 8, "type": "bitmap" },
		{ "file": "minecraft:font/emoji/mad.png", "chars": [ "\ue08a" ], "height": 9, "ascent": 8, "type": "bitmap" },
		{ "file": "minecraft:font/emoji/mbowing.png", "chars": [ "\ue08b" ], "height": 9, "ascent": 8, "type": "bitmap" },
		{ "file": "minecraft:font/emoji/medal.png", "chars": [ "\ue08c" ], "height": 9, "ascent": 8, "type": "bitmap" },
		{ "file": "minecraft:font/emoji/mfacepalm.png", "chars": [ "\ue08d" ], "height": 9, "ascent": 8, "type": "bitmap" },
		{ "file": "minecraft:font/emoji/midk.png", "chars": [ "\ue08e" ], "height": 9, "ascent": 8, "type": "bitmap" },
		{ "file": "minecraft:font/emoji/mmage.png", "chars": [ "\ue08f" ], "height": 9, "ascent": 8, "type": "bitmap" },
		{ "file": "minecraft:font/emoji/mmh.png", "chars": [ "\ue090" ], "height": 9, "ascent": 8, "type": "bitmap" },
		{ "file": "minecraft:font/emoji/mno.png", "chars": [ "\ue091" ], "height": 9, "ascent": 8, "type": "bitmap" },
		{ "file": "minecraft:font/emoji/mok.png", "chars": [ "\ue092" ], "height": 9, "ascent": 8, "type": "bitmap" },
		{ "file": "minecraft:font/emoji/money.png", "chars": [ "\ue093" ], "height": 9, "ascent": 8, "type": "bitmap" },
		{ "file": "minecraft:font/emoji/moneyface.png", "chars": [ "\ue094" ], "height": 9, "ascent": 8, "type": "bitmap" },
		{ "file": "minecraft:font/emoji/monkey1.png", "chars": [ "\ue095" ], "height": 9, "ascent": 8, "type": "bitmap" },
		{ "file": "minecraft:font/emoji/monkey2.png", "chars": [ "\ue096" ], "height": 9, "ascent": 8, "type": "bitmap" },
		{ "file": "minecraft:font/emoji/monkey3.png", "chars": [ "\ue097" ], "height": 9, "ascent": 8, "type": "bitmap" },
		{ "file": "minecraft:font/emoji/monocle.png", "chars": [ "\ue098" ], "height": 9, "ascent": 8, "type": "bitmap" },
		{ "file": "minecraft:font/emoji/moon.png", "chars": [ "\ue099" ], "height": 9, "ascent": 8, "type": "bitmap" },
		{ "file": "minecraft:font/emoji/moon1.png", "chars": [ "\ue09a" ], "height": 9, "ascent": 8, "type": "bitmap" },
		{ "file": "minecraft:font/emoji/moon2.png", "chars": [ "\ue09b" ], "height": 9, "ascent": 8, "type": "bitmap" },
		{ "file": "minecraft:font/emoji/moon3.png", "chars": [ "\ue09c" ], "height": 9, "ascent": 8, "type": "bitmap" },
		{ "file": "minecraft:font/emoji/moon4.png", "chars": [ "\ue09d" ], "height": 9, "ascent": 8, "type": "bitmap" },
		{ "file": "minecraft:font/emoji/moon5.png", "chars": [ "\ue09e" ], "height": 9, "ascent": 8, "type": "bitmap" },
		{ "file": "minecraft:font/emoji/nausea.png", "chars": [ "\ue09f" ], "height": 9, "ascent": 8, "type": "bitmap" },
		{ "file": "minecraft:font/emoji/nerd.png", "chars": [ "\ue0a0" ], "height": 9, "ascent": 8, "type": "bitmap" },
		{ "file": "minecraft:font/emoji/neutral.png", "chars": [ "\ue0a1" ], "height": 9, "ascent": 8, "type": "bitmap" },
		{ "file": "minecraft:font/emoji/nexttrack.png", "chars": [ "\ue0a2" ], "height": 9, "ascent": 8, "type": "bitmap" },
		{ "file": "minecraft:font/emoji/no1.png", "chars": [ "\ue0a3" ], "height": 9, "ascent": 8, "type": "bitmap" },
		{ "file": "minecraft:font/emoji/noexpression.png", "chars": [ "\ue0a4" ], "height": 9, "ascent": 8, "type": "bitmap" },
		{ "file": "minecraft:font/emoji/nomouth.png", "chars": [ "\ue0a5" ], "height": 9, "ascent": 8, "type": "bitmap" },
		{ "file": "minecraft:font/emoji/ok.png", "chars": [ "\ue0a6" ], "height": 9, "ascent": 8, "type": "bitmap" },
		{ "file": "minecraft:font/emoji/ok1.png", "chars": [ "\ue0a7" ], "height": 9, "ascent": 8, "type": "bitmap" },
		{ "file": "minecraft:font/emoji/owl.png", "chars": [ "\ue0a8" ], "height": 9, "ascent": 8, "type": "bitmap" },
		{ "file": "minecraft:font/emoji/pan.png", "chars": [ "\ue0a9" ], "height": 9, "ascent": 8, "type": "bitmap" },
		{ "file": "minecraft:font/emoji/party.png", "chars": [ "\ue0aa" ], "height": 9, "ascent": 8, "type": "bitmap" },
		{ "file": "minecraft:font/emoji/party1.png", "chars": [ "\ue0ab" ], "height": 9, "ascent": 8, "type": "bitmap" },
		{ "file": "minecraft:font/emoji/pause.png", "chars": [ "\ue0ac" ], "height": 9, "ascent": 8, "type": "bitmap" },
		{ "file": "minecraft:font/emoji/peace.png", "chars": [ "\ue0ad" ], "height": 9, "ascent": 8, "type": "bitmap" },
		{ "file": "minecraft:font/emoji/peach.png", "chars": [ "\ue0ae" ], "height": 9, "ascent": 8, "type": "bitmap" },
		{ "file": "minecraft:font/emoji/pencil.png", "chars": [ "\ue0af" ], "height": 9, "ascent": 8, "type": "bitmap" },
		{ "file": "minecraft:font/emoji/person.png", "chars": [ "\ue0b0" ], "height": 9, "ascent": 8, "type": "bitmap" },
		{ "file": "minecraft:font/emoji/pick.png", "chars": [ "\ue0b1" ], "height": 9, "ascent": 8, "type": "bitmap" },
		{ "file": "minecraft:font/emoji/pig.png", "chars": [ "\ue0b2" ], "height": 9, "ascent": 8, "type": "bitmap" },
		{ "file": "minecraft:font/emoji/pisces.png", "chars": [ "\ue0b3" ], "height": 9, "ascent": 8, "type": "bitmap" },
		{ "file": "minecraft:font/emoji/pizza.png", "chars": [ "\ue0b4" ], "height": 9, "ascent": 8, "type": "bitmap" },
		{ "file": "minecraft:font/emoji/play.png", "chars": [ "\ue0b5" ], "height": 9, "ascent": 8, "type": "bitmap" },
		{ "file": "minecraft:font/emoji/playpause.png", "chars": [ "\ue0b6" ], "height": 9, "ascent": 8, "type": "bitmap" },
		{ "file": "minecraft:font/emoji/please.png", "chars": [ "\ue0b7" ], "height": 9, "ascent": 8, "type": "bitmap" },
		{ "file": "minecraft:font/emoji/poo.png", "chars": [ "\ue0b8" ], "height": 9, "ascent": 8, "type": "bitmap" },
		{ "file": "minecraft:font/emoji/potato.png", "chars": [ "\ue0b9" ], "height": 9, "ascent": 8, "type": "bitmap" },
		{ "file": "minecraft:font/emoji/puke.png", "chars": [ "\ue0ba" ], "height": 9, "ascent": 8, "type": "bitmap" },
		{ "file": "minecraft:font/emoji/punch.png", "chars": [ "\ue0bb" ], "height": 9, "ascent": 8, "type": "bitmap" },
		{ "file": "minecraft:font/emoji/question.png", "chars": [ "\ue0bc" ], "height": 9, "ascent": 8, "type": "bitmap" },
		{ "file": "minecraft:font/emoji/radioactive.png", "chars": [ "\ue0bd" ], "height": 9, "ascent": 8, "type": "bitmap" },
		{ "file": "minecraft:font/emoji/raisedfist.png", "chars": [ "\ue0be" ], "height": 9, "ascent": 8, "type": "bitmap" },
		{ "file": "minecraft:font/emoji/raisedhand.png", "chars": [ "\ue0bf" ], "height": 9, "ascent": 8, "type": "bitmap" },
		{ "file": "minecraft:font/emoji/record.png", "chars": [ "\ue0c0" ], "height": 9, "ascent": 8, "type": "bitmap" },
		{ "file": "minecraft:font/emoji/redcircle.png", "chars": [ "\ue0c1" ], "height": 9, "ascent": 8, "type": "bitmap" },
		{ "file": "minecraft:font/emoji/reverse.png", "chars": [ "\ue0c2" ], "height": 9, "ascent": 8, "type": "bitmap" },
		{ "file": "minecraft:font/emoji/riceball.png", "chars": [ "\ue0c3" ], "height": 9, "ascent": 8, "type": "bitmap" },
		{ "file": "minecraft:font/emoji/rightarrow.png", "chars": [ "\ue0c4" ], "height": 9, "ascent": 8, "type": "bitmap" },
		{ "file": "minecraft:font/emoji/rightcurve.png", "chars": [ "\ue0c5" ], "height": 9, "ascent": 8, "type": "bitmap" },
		{ "file": "minecraft:font/emoji/robot.png", "chars": [ "\ue0c6" ], "height": 9, "ascent": 8, "type": "bitmap" },
		{ "file": "minecraft:font/emoji/rock.png", "chars": [ "\ue0c7" ], "height": 9, "ascent": 8, "type": "bitmap" },
		{ "file": "minecraft:font/emoji/rolling.png", "chars": [ "\ue0c8" ], "height": 9, "ascent": 8, "type": "bitmap" },
		{ "file": "minecraft:font/emoji/rooster.png", "chars": [ "\ue0c9" ], "height": 9, "ascent": 8, "type": "bitmap" },
		{ "file": "minecraft:font/emoji/sad.png", "chars": [ "\ue0ca" ], "height": 9, "ascent": 8, "type": "bitmap" },
		{ "file": "minecraft:font/emoji/sagittarius.png", "chars": [ "\ue0cb" ], "height": 9, "ascent": 8, "type": "bitmap" },
		{ "file": "minecraft:font/emoji/salad.png", "chars": [ "\ue0cc" ], "height": 9, "ascent": 8, "type": "bitmap" },
		{ "file": "minecraft:font/emoji/salt.png", "chars": [ "\ue0cd" ], "height": 9, "ascent": 8, "type": "bitmap" },
		{ "file": "minecraft:font/emoji/scorpio.png", "chars": [ "\ue0ce" ], "height": 9, "ascent": 8, "type": "bitmap" },
		{ "file": "minecraft:font/emoji/scorpion.png", "chars": [ "\ue0cf" ], "height": 9, "ascent": 8, "type": "bitmap" },
		{ "file": "minecraft:font/emoji/shark.png", "chars": [ "\ue0d0" ], "height": 9, "ascent": 8, "type": "bitmap" },
		{ "file": "minecraft:font/emoji/shh.png", "chars": [ "\ue0d1" ], "height": 9, "ascent": 8, "type": "bitmap" },
		{ "file": "minecraft:font/emoji/shrimp.png", "chars": [ "\ue0d2" ], "height": 9, "ascent": 8, "type": "bitmap" },
		{ "file": "minecraft:font/emoji/sleeping.png", "chars": [ "\ue0d3" ], "height": 9, "ascent": 8, "type": "bitmap" },
		{ "file": "minecraft:font/emoji/sleepy.png", "chars": [ "\ue0d4" ], "height": 9, "ascent": 8, "type": "bitmap" },
		{ "file": "minecraft:font/emoji/small.png", "chars": [ "\ue0d5" ], "height": 9, "ascent": 8, "type": "bitmap" },
		{ "file": "minecraft:font/emoji/smile.png", "chars": [ "\ue0d6" ], "height": 9, "ascent": 8, "type": "bitmap" },
		{ "file": "minecraft:font/emoji/smile2.png", "chars": [ "\ue0d7" ], "height": 9, "ascent": 8, "type": "bitmap" },
		{ "file": "minecraft:font/emoji/smile3.png", "chars": [ "\ue0d8" ], "height": 9, "ascent": 8, "type": "bitmap" },
		{ "file": "minecraft:font/emoji/smile4.png", "chars": [ "\ue0d9" ], "height": 9, "ascent": 8, "type": "bitmap" },
		{ "file": "minecraft:font/emoji/smile5.png", "chars": [ "\ue0da" ], "height": 9, "ascent": 8, "type": "bitmap" },
		{ "file": "minecraft:font/emoji/smile6.png", "chars": [ "\ue0db" ], "height": 9, "ascent": 8, "type": "bitmap" },
		{ "file": "minecraft:font/emoji/smilecat.png", "chars": [ "\ue0dc" ], "height": 9, "ascent": 8, "type": "bitmap" },
		{ "file": "minecraft:font/emoji/sneeze.png", "chars": [ "\ue0dd" ], "height": 9, "ascent": 8, "type": "bitmap" },
		{ "file": "minecraft:font/emoji/soccerball.png", "chars": [ "\ue0de" ], "height": 9, "ascent": 8, "type": "bitmap" },
		{ "file": "minecraft:font/emoji/sparkles.png", "chars": [ "\ue0df" ], "height": 9, "ascent": 8, "type": "bitmap" },
		{ "file": "minecraft:font/emoji/squid.png", "chars": [ "\ue0e0" ], "height": 9, "ascent": 8, "type": "bitmap" },
		{ "file": "minecraft:font/emoji/star.png", "chars": [ "\ue0e1" ], "height": 9, "ascent": 8, "type": "bitmap" },
		{ "file": "minecraft:font/emoji/starcrescent.png", "chars": [ "\ue0e2" ], "height": 9, "ascent": 8, "type": "bitmap" },
		{ "file": "minecraft:font/emoji/stareyes.png", "chars": [ "\ue0e3" ], "height": 9, "ascent": 8, "type": "bitmap" },
		{ "file": "minecraft:font/emoji/stop.png", "chars": [ "\ue0e4" ], "height": 9, "ascent": 8, "type": "bitmap" },
		{ "file": "minecraft:font/emoji/stopsign.png", "chars": [ "\ue0e5" ], "height": 9, "ascent": 8, "type": "bitmap" },
		{ "file": "minecraft:font/emoji/sun.png", "chars": [ "\ue0e6" ], "height": 9, "ascent": 8, "type": "bitmap" },
		{ "file": "minecraft:font/emoji/sunglasses.png", "chars": [ "\ue0e7" ], "height": 9, "ascent": 8, "type": "bitmap" },
		{ "file": "minecraft:font/emoji/surprised.png", "chars": [ "\ue0e8" ], "height": 9, "ascent": 8, "type": "bitmap" },
		{ "file": "minecraft:font/emoji/sushi.png", "chars": [ "\ue0e9" ], "height": 9, "ascent": 8, "type": "bitmap" },
		{ "file": "minecraft:font/emoji/sweat.png", "chars": [ "\ue0ea" ], "height": 9, "ascent": 8, "type": "bitmap" },
		{ "file": "minecraft:font/emoji/taurus.png", "chars": [ "\ue0eb" ], "height": 9, "ascent": 8, "type": "bitmap" },
		{ "file": "minecraft:font/emoji/think.png", "chars": [ "\ue0ec" ], "height": 9, "ascent": 8, "type": "bitmap" },
		{ "file": "minecraft:font/emoji/think1.png", "chars": [ "\ue0ed" ], "height": 9, "ascent": 8, "type": "bitmap" },
		{ "file": "minecraft:font/emoji/think2.png", "chars": [ "\ue0ee" ], "height": 9, "ascent": 8, "type": "bitmap" },
		{ "file": "minecraft:font/emoji/think3.png", "chars": [ "\ue0ef" ], "height": 9, "ascent": 8, "type": "bitmap" },
		{ "file": "minecraft:font/emoji/think4.png", "chars": [ "\ue0f0" ], "height": 9, "ascent": 8, "type": "bitmap" },
		{ "file": "minecraft:font/emoji/think5.png", "chars": [ "\ue0f1" ], "height": 9, "ascent": 8, "type": "bitmap" },
		{ "file": "minecraft:font/emoji/think6.png", "chars": [ "\ue0f2" ], "height": 9, "ascent": 8, "type": "bitmap" },
		{ "file": "minecraft:font/emoji/tongue.png", "chars": [ "\ue0f3" ], "height": 9, "ascent": 8, "type": "bitmap" },
		{ "file": "minecraft:font/emoji/tree.png", "chars": [ "\ue0f4" ], "height": 9, "ascent": 8, "type": "bitmap" },
		{ "file": "minecraft:font/emoji/trex.png", "chars": [ "\ue0f5" ], "height": 9, "ascent": 8, "type": "bitmap" },
		{ "file": "minecraft:font/emoji/turkey.png", "chars": [ "\ue0f6" ], "height": 9, "ascent": 8, "type": "bitmap" },
		{ "file": "minecraft:font/emoji/twofingers.png", "chars": [ "\ue0f7" ], "height": 9, "ascent": 8, "type": "bitmap" },
		{ "file": "minecraft:font/emoji/unamused.png", "chars": [ "\ue0f8" ], "height": 9, "ascent": 8, "type": "bitmap" },
		{ "file": "minecraft:font/emoji/unicorn.png", "chars": [ "\ue0f9" ], "height": 9, "ascent": 8, "type": "bitmap" },
		{ "file": "minecraft:font/emoji/unlock.png", "chars": [ "\ue0fa" ], "height": 9, "ascent": 8, "type": "bitmap" },
		{ "file": "minecraft:font/emoji/up.png", "chars": [ "\ue0fb" ], "height": 9, "ascent": 8, "type": "bitmap" },
		{ "file": "minecraft:font/emoji/upsidedown.png", "chars": [ "\ue0fc" ], "height": 9, "ascent": 8, "type": "bitmap" },
		{ "file": "minecraft:font/emoji/virgo.png", "chars": [ "\ue0fd" ], "height": 9, "ascent": 8, "type": "bitmap" },
		{ "file": "minecraft:font/emoji/voltage.png", "chars": [ "\ue0fe" ], "height": 9, "ascent": 8, "type": "bitmap" },
		{ "file": "minecraft:font/emoji/warning.png", "chars": [ "\ue0ff" ], "height": 9, "ascent": 8, "type": "bitmap" },
		{ "file": "minecraft:font/emoji/wc.png", "chars": [ "\ue100" ], "height": 9, "ascent": 8, "type": "bitmap" },
		{ "file": "minecraft:font/emoji/what.png", "chars": [ "\ue101" ], "height": 9, "ascent": 8, "type": "bitmap" },
		{ "file": "minecraft:font/emoji/wink.png", "chars": [ "\ue102" ], "height": 9, "ascent": 8, "type": "bitmap" },
		{ "file": "minecraft:font/emoji/woozy.png", "chars": [ "\ue103" ], "height": 9, "ascent": 8, "type": "bitmap" },
		{ "file": "minecraft:font/emoji/write.png", "chars": [ "\ue104" ], "height": 9, "ascent": 8, "type": "bitmap" },
		{ "file": "minecraft:font/emoji/xd.png", "chars": [ "\ue105" ], "height": 9, "ascent": 8, "type": "bitmap" },
		{ "file": "minecraft:font/emoji/yawn.png", "chars": [ "\ue106" ], "height": 9, "ascent": 8, "type": "bitmap" },
		{ "file": "minecraft:font/emoji/yinyang.png", "chars": [ "\ue107" ], "height": 9, "ascent": 8, "type": "bitmap" },
		{ "file": "minecraft:font/emoji/yum.png", "chars": [ "\ue108" ], "height": 9, "ascent": 8, "type": "bitmap" },
		{ "file": "minecraft:font/emoji/zebra.png", "chars": [ "\ue109" ], "height": 9, "ascent": 8, "type": "bitmap" },
		{ "file": "minecraft:font/emoji/zip.png", "chars": [ "\ue10a" ], "height": 9, "ascent": 8, "type": "bitmap" },
	
	
					
		{ "file": "minecraft:font/minecraft_emoji/mc_acacia_boat.png", "chars": [ "\ue678" ], "height": 9, "ascent": 8, "type": "bitmap" },
		{ "file": "minecraft:font/minecraft_emoji/mc_acacia_door.png", "chars": [ "\ue679" ], "height": 9, "ascent": 8, "type": "bitmap" },
		{ "file": "minecraft:font/minecraft_emoji/mc_acacia_sign.png", "chars": [ "\ue67a" ], "height": 9, "ascent": 8, "type": "bitmap" },
		{ "file": "minecraft:font/minecraft_emoji/mc_apple.png", "chars": [ "\ue67b" ], "height": 9, "ascent": 8, "type": "bitmap" },
		{ "file": "minecraft:font/minecraft_emoji/mc_armor_stand.png", "chars": [ "\ue67c" ], "height": 9, "ascent": 8, "type": "bitmap" },
		{ "file": "minecraft:font/minecraft_emoji/mc_arrow.png", "chars": [ "\ue67d" ], "height": 9, "ascent": 8, "type": "bitmap" },
		{ "file": "minecraft:font/minecraft_emoji/mc_baked_potato.png", "chars": [ "\ue67e" ], "height": 9, "ascent": 8, "type": "bitmap" },
		{ "file": "minecraft:font/minecraft_emoji/mc_bamboo.png", "chars": [ "\ue67f" ], "height": 9, "ascent": 8, "type": "bitmap" },
		{ "file": "minecraft:font/minecraft_emoji/mc_barrier.png", "chars": [ "\ue680" ], "height": 9, "ascent": 8, "type": "bitmap" },
		{ "file": "minecraft:font/minecraft_emoji/mc_beef.png", "chars": [ "\ue681" ], "height": 9, "ascent": 8, "type": "bitmap" },
		{ "file": "minecraft:font/minecraft_emoji/mc_beetroot.png", "chars": [ "\ue682" ], "height": 9, "ascent": 8, "type": "bitmap" },
		{ "file": "minecraft:font/minecraft_emoji/mc_beetroot_seeds.png", "chars": [ "\ue683" ], "height": 9, "ascent": 8, "type": "bitmap" },
		{ "file": "minecraft:font/minecraft_emoji/mc_beetroot_soup.png", "chars": [ "\ue684" ], "height": 9, "ascent": 8, "type": "bitmap" },
		{ "file": "minecraft:font/minecraft_emoji/mc_bell.png", "chars": [ "\ue685" ], "height": 9, "ascent": 8, "type": "bitmap" },
		{ "file": "minecraft:font/minecraft_emoji/mc_birch_boat.png", "chars": [ "\ue686" ], "height": 9, "ascent": 8, "type": "bitmap" },
		{ "file": "minecraft:font/minecraft_emoji/mc_birch_door.png", "chars": [ "\ue687" ], "height": 9, "ascent": 8, "type": "bitmap" },
		{ "file": "minecraft:font/minecraft_emoji/mc_birch_sign.png", "chars": [ "\ue688" ], "height": 9, "ascent": 8, "type": "bitmap" },
		{ "file": "minecraft:font/minecraft_emoji/mc_black_dye.png", "chars": [ "\ue689" ], "height": 9, "ascent": 8, "type": "bitmap" },
		{ "file": "minecraft:font/minecraft_emoji/mc_blaze_powder.png", "chars": [ "\ue68a" ], "height": 9, "ascent": 8, "type": "bitmap" },
		{ "file": "minecraft:font/minecraft_emoji/mc_blaze_rod.png", "chars": [ "\ue68b" ], "height": 9, "ascent": 8, "type": "bitmap" },
		{ "file": "minecraft:font/minecraft_emoji/mc_blue_dye.png", "chars": [ "\ue68c" ], "height": 9, "ascent": 8, "type": "bitmap" },
		{ "file": "minecraft:font/minecraft_emoji/mc_bone.png", "chars": [ "\ue68d" ], "height": 9, "ascent": 8, "type": "bitmap" },
		{ "file": "minecraft:font/minecraft_emoji/mc_bone_meal.png", "chars": [ "\ue68e" ], "height": 9, "ascent": 8, "type": "bitmap" },
		{ "file": "minecraft:font/minecraft_emoji/mc_book.png", "chars": [ "\ue68f" ], "height": 9, "ascent": 8, "type": "bitmap" },
		{ "file": "minecraft:font/minecraft_emoji/mc_bow.png", "chars": [ "\ue690" ], "height": 9, "ascent": 8, "type": "bitmap" },
		{ "file": "minecraft:font/minecraft_emoji/mc_bowl.png", "chars": [ "\ue691" ], "height": 9, "ascent": 8, "type": "bitmap" },
		{ "file": "minecraft:font/minecraft_emoji/mc_bow_pulling_0.png", "chars": [ "\ue692" ], "height": 9, "ascent": 8, "type": "bitmap" },
		{ "file": "minecraft:font/minecraft_emoji/mc_bow_pulling_1.png", "chars": [ "\ue693" ], "height": 9, "ascent": 8, "type": "bitmap" },
		{ "file": "minecraft:font/minecraft_emoji/mc_bow_pulling_2.png", "chars": [ "\ue694" ], "height": 9, "ascent": 8, "type": "bitmap" },
		{ "file": "minecraft:font/minecraft_emoji/mc_bread.png", "chars": [ "\ue695" ], "height": 9, "ascent": 8, "type": "bitmap" },
		{ "file": "minecraft:font/minecraft_emoji/mc_brewing_stand.png", "chars": [ "\ue696" ], "height": 9, "ascent": 8, "type": "bitmap" },
		{ "file": "minecraft:font/minecraft_emoji/mc_brick.png", "chars": [ "\ue697" ], "height": 9, "ascent": 8, "type": "bitmap" },
		{ "file": "minecraft:font/minecraft_emoji/mc_broken_elytra.png", "chars": [ "\ue698" ], "height": 9, "ascent": 8, "type": "bitmap" },
		{ "file": "minecraft:font/minecraft_emoji/mc_brown_dye.png", "chars": [ "\ue699" ], "height": 9, "ascent": 8, "type": "bitmap" },
		{ "file": "minecraft:font/minecraft_emoji/mc_bucket.png", "chars": [ "\ue69a" ], "height": 9, "ascent": 8, "type": "bitmap" },
		{ "file": "minecraft:font/minecraft_emoji/mc_cake.png", "chars": [ "\ue69b" ], "height": 9, "ascent": 8, "type": "bitmap" },
		{ "file": "minecraft:font/minecraft_emoji/mc_campfire.png", "chars": [ "\ue69c" ], "height": 9, "ascent": 8, "type": "bitmap" },
		{ "file": "minecraft:font/minecraft_emoji/mc_carrot.png", "chars": [ "\ue69d" ], "height": 9, "ascent": 8, "type": "bitmap" },
		{ "file": "minecraft:font/minecraft_emoji/mc_carrot_on_a_stick.png", "chars": [ "\ue69e" ], "height": 9, "ascent": 8, "type": "bitmap" },
		{ "file": "minecraft:font/minecraft_emoji/mc_cauldron.png", "chars": [ "\ue69f" ], "height": 9, "ascent": 8, "type": "bitmap" },
		{ "file": "minecraft:font/minecraft_emoji/mc_chainmail_boots.png", "chars": [ "\ue6a0" ], "height": 9, "ascent": 8, "type": "bitmap" },
		{ "file": "minecraft:font/minecraft_emoji/mc_chainmail_chestplate.png", "chars": [ "\ue6a1" ], "height": 9, "ascent": 8, "type": "bitmap" },
		{ "file": "minecraft:font/minecraft_emoji/mc_chainmail_helmet.png", "chars": [ "\ue6a2" ], "height": 9, "ascent": 8, "type": "bitmap" },
		{ "file": "minecraft:font/minecraft_emoji/mc_chainmail_leggings.png", "chars": [ "\ue6a3" ], "height": 9, "ascent": 8, "type": "bitmap" },
		{ "file": "minecraft:font/minecraft_emoji/mc_charcoal.png", "chars": [ "\ue6a4" ], "height": 9, "ascent": 8, "type": "bitmap" },
		{ "file": "minecraft:font/minecraft_emoji/mc_chest_minecart.png", "chars": [ "\ue6a5" ], "height": 9, "ascent": 8, "type": "bitmap" },
		{ "file": "minecraft:font/minecraft_emoji/mc_chicken.png", "chars": [ "\ue6a6" ], "height": 9, "ascent": 8, "type": "bitmap" },
		{ "file": "minecraft:font/minecraft_emoji/mc_chorus_fruit.png", "chars": [ "\ue6a7" ], "height": 9, "ascent": 8, "type": "bitmap" },
		{ "file": "minecraft:font/minecraft_emoji/mc_clay_ball.png", "chars": [ "\ue6a8" ], "height": 9, "ascent": 8, "type": "bitmap" },
		{ "file": "minecraft:font/minecraft_emoji/mc_clock.png", "chars": [ "\ue6a9" ], "height": 9, "ascent": 8, "type": "bitmap" },
		{ "file": "minecraft:font/minecraft_emoji/mc_coal.png", "chars": [ "\ue6aa" ], "height": 9, "ascent": 8, "type": "bitmap" },
		{ "file": "minecraft:font/minecraft_emoji/mc_cocoa_beans.png", "chars": [ "\ue6ab" ], "height": 9, "ascent": 8, "type": "bitmap" },
		{ "file": "minecraft:font/minecraft_emoji/mc_cod.png", "chars": [ "\ue6ac" ], "height": 9, "ascent": 8, "type": "bitmap" },
		{ "file": "minecraft:font/minecraft_emoji/mc_cod_bucket.png", "chars": [ "\ue6ad" ], "height": 9, "ascent": 8, "type": "bitmap" },
		{ "file": "minecraft:font/minecraft_emoji/mc_command_block_minecart.png", "chars": [ "\ue6ae" ], "height": 9, "ascent": 8, "type": "bitmap" },
		{ "file": "minecraft:font/minecraft_emoji/mc_comparator.png", "chars": [ "\ue6af" ], "height": 9, "ascent": 8, "type": "bitmap" },
		{ "file": "minecraft:font/minecraft_emoji/mc_compass.png", "chars": [ "\ue6b0" ], "height": 9, "ascent": 8, "type": "bitmap" },
		{ "file": "minecraft:font/minecraft_emoji/mc_cooked_beef.png", "chars": [ "\ue6b1" ], "height": 9, "ascent": 8, "type": "bitmap" },
		{ "file": "minecraft:font/minecraft_emoji/mc_cooked_chicken.png", "chars": [ "\ue6b2" ], "height": 9, "ascent": 8, "type": "bitmap" },
		{ "file": "minecraft:font/minecraft_emoji/mc_cooked_cod.png", "chars": [ "\ue6b3" ], "height": 9, "ascent": 8, "type": "bitmap" },
		{ "file": "minecraft:font/minecraft_emoji/mc_cooked_mutton.png", "chars": [ "\ue6b4" ], "height": 9, "ascent": 8, "type": "bitmap" },
		{ "file": "minecraft:font/minecraft_emoji/mc_cooked_porkchop.png", "chars": [ "\ue6b5" ], "height": 9, "ascent": 8, "type": "bitmap" },
		{ "file": "minecraft:font/minecraft_emoji/mc_cooked_rabbit.png", "chars": [ "\ue6b6" ], "height": 9, "ascent": 8, "type": "bitmap" },
		{ "file": "minecraft:font/minecraft_emoji/mc_cooked_salmon.png", "chars": [ "\ue6b7" ], "height": 9, "ascent": 8, "type": "bitmap" },
		{ "file": "minecraft:font/minecraft_emoji/mc_cookie.png", "chars": [ "\ue6b8" ], "height": 9, "ascent": 8, "type": "bitmap" },
		{ "file": "minecraft:font/minecraft_emoji/mc_creeper_banner_pattern.png", "chars": [ "\ue6b9" ], "height": 9, "ascent": 8, "type": "bitmap" },
		{ "file": "minecraft:font/minecraft_emoji/mc_crossbow_arrow.png", "chars": [ "\ue6ba" ], "height": 9, "ascent": 8, "type": "bitmap" },
		{ "file": "minecraft:font/minecraft_emoji/mc_crossbow_firework.png", "chars": [ "\ue6bb" ], "height": 9, "ascent": 8, "type": "bitmap" },
		{ "file": "minecraft:font/minecraft_emoji/mc_crossbow_pulling_0.png", "chars": [ "\ue6bc" ], "height": 9, "ascent": 8, "type": "bitmap" },
		{ "file": "minecraft:font/minecraft_emoji/mc_crossbow_pulling_1.png", "chars": [ "\ue6bd" ], "height": 9, "ascent": 8, "type": "bitmap" },
		{ "file": "minecraft:font/minecraft_emoji/mc_crossbow_pulling_2.png", "chars": [ "\ue6be" ], "height": 9, "ascent": 8, "type": "bitmap" },
		{ "file": "minecraft:font/minecraft_emoji/mc_crossbow_standby.png", "chars": [ "\ue6bf" ], "height": 9, "ascent": 8, "type": "bitmap" },
		{ "file": "minecraft:font/minecraft_emoji/mc_cyan_dye.png", "chars": [ "\ue6c0" ], "height": 9, "ascent": 8, "type": "bitmap" },
		{ "file": "minecraft:font/minecraft_emoji/mc_dark_oak_boat.png", "chars": [ "\ue6c1" ], "height": 9, "ascent": 8, "type": "bitmap" },
		{ "file": "minecraft:font/minecraft_emoji/mc_dark_oak_door.png", "chars": [ "\ue6c2" ], "height": 9, "ascent": 8, "type": "bitmap" },
		{ "file": "minecraft:font/minecraft_emoji/mc_dark_oak_sign.png", "chars": [ "\ue6c3" ], "height": 9, "ascent": 8, "type": "bitmap" },
		{ "file": "minecraft:font/minecraft_emoji/mc_diamond.png", "chars": [ "\ue6c4" ], "height": 9, "ascent": 8, "type": "bitmap" },
		{ "file": "minecraft:font/minecraft_emoji/mc_diamond_axe.png", "chars": [ "\ue6c5" ], "height": 9, "ascent": 8, "type": "bitmap" },
		{ "file": "minecraft:font/minecraft_emoji/mc_diamond_boots.png", "chars": [ "\ue6c6" ], "height": 9, "ascent": 8, "type": "bitmap" },
		{ "file": "minecraft:font/minecraft_emoji/mc_diamond_chestplate.png", "chars": [ "\ue6c7" ], "height": 9, "ascent": 8, "type": "bitmap" },
		{ "file": "minecraft:font/minecraft_emoji/mc_diamond_helmet.png", "chars": [ "\ue6c8" ], "height": 9, "ascent": 8, "type": "bitmap" },
		{ "file": "minecraft:font/minecraft_emoji/mc_diamond_hoe.png", "chars": [ "\ue6c9" ], "height": 9, "ascent": 8, "type": "bitmap" },
		{ "file": "minecraft:font/minecraft_emoji/mc_diamond_horse_armor.png", "chars": [ "\ue6ca" ], "height": 9, "ascent": 8, "type": "bitmap" },
		{ "file": "minecraft:font/minecraft_emoji/mc_diamond_leggings.png", "chars": [ "\ue6cb" ], "height": 9, "ascent": 8, "type": "bitmap" },
		{ "file": "minecraft:font/minecraft_emoji/mc_diamond_pickaxe.png", "chars": [ "\ue6cc" ], "height": 9, "ascent": 8, "type": "bitmap" },
		{ "file": "minecraft:font/minecraft_emoji/mc_diamond_shovel.png", "chars": [ "\ue6cd" ], "height": 9, "ascent": 8, "type": "bitmap" },
		{ "file": "minecraft:font/minecraft_emoji/mc_diamond_sword.png", "chars": [ "\ue6ce" ], "height": 9, "ascent": 8, "type": "bitmap" },
		{ "file": "minecraft:font/minecraft_emoji/mc_dragon_breath.png", "chars": [ "\ue6cf" ], "height": 9, "ascent": 8, "type": "bitmap" },
		{ "file": "minecraft:font/minecraft_emoji/mc_dried_kelp.png", "chars": [ "\ue6d0" ], "height": 9, "ascent": 8, "type": "bitmap" },
		{ "file": "minecraft:font/minecraft_emoji/mc_egg.png", "chars": [ "\ue6d1" ], "height": 9, "ascent": 8, "type": "bitmap" },
		{ "file": "minecraft:font/minecraft_emoji/mc_elytra.png", "chars": [ "\ue6d2" ], "height": 9, "ascent": 8, "type": "bitmap" },
		{ "file": "minecraft:font/minecraft_emoji/mc_emerald.png", "chars": [ "\ue6d3" ], "height": 9, "ascent": 8, "type": "bitmap" },
		{ "file": "minecraft:font/minecraft_emoji/mc_enchanted_book.png", "chars": [ "\ue6d4" ], "height": 9, "ascent": 8, "type": "bitmap" },
		{ "file": "minecraft:font/minecraft_emoji/mc_ender_eye.png", "chars": [ "\ue6d5" ], "height": 9, "ascent": 8, "type": "bitmap" },
		{ "file": "minecraft:font/minecraft_emoji/mc_ender_pearl.png", "chars": [ "\ue6d6" ], "height": 9, "ascent": 8, "type": "bitmap" },
		{ "file": "minecraft:font/minecraft_emoji/mc_end_crystal.png", "chars": [ "\ue6d7" ], "height": 9, "ascent": 8, "type": "bitmap" },
		{ "file": "minecraft:font/minecraft_emoji/mc_experience_bottle.png", "chars": [ "\ue6d8" ], "height": 9, "ascent": 8, "type": "bitmap" },
		{ "file": "minecraft:font/minecraft_emoji/mc_feather.png", "chars": [ "\ue6d9" ], "height": 9, "ascent": 8, "type": "bitmap" },
		{ "file": "minecraft:font/minecraft_emoji/mc_fermented_spider_eye.png", "chars": [ "\ue6da" ], "height": 9, "ascent": 8, "type": "bitmap" },
		{ "file": "minecraft:font/minecraft_emoji/mc_filled_map.png", "chars": [ "\ue6db" ], "height": 9, "ascent": 8, "type": "bitmap" },
		{ "file": "minecraft:font/minecraft_emoji/mc_filled_map_markings.png", "chars": [ "\ue6dc" ], "height": 9, "ascent": 8, "type": "bitmap" },
		{ "file": "minecraft:font/minecraft_emoji/mc_firework_rocket.png", "chars": [ "\ue6dd" ], "height": 9, "ascent": 8, "type": "bitmap" },
		{ "file": "minecraft:font/minecraft_emoji/mc_firework_star.png", "chars": [ "\ue6de" ], "height": 9, "ascent": 8, "type": "bitmap" },
		{ "file": "minecraft:font/minecraft_emoji/mc_firework_star_overlay.png", "chars": [ "\ue6df" ], "height": 9, "ascent": 8, "type": "bitmap" },
		{ "file": "minecraft:font/minecraft_emoji/mc_fire_charge.png", "chars": [ "\ue6e0" ], "height": 9, "ascent": 8, "type": "bitmap" },
		{ "file": "minecraft:font/minecraft_emoji/mc_fishing_rod.png", "chars": [ "\ue6e1" ], "height": 9, "ascent": 8, "type": "bitmap" },
		{ "file": "minecraft:font/minecraft_emoji/mc_fishing_rod_cast.png", "chars": [ "\ue6e2" ], "height": 9, "ascent": 8, "type": "bitmap" },
		{ "file": "minecraft:font/minecraft_emoji/mc_flint.png", "chars": [ "\ue6e3" ], "height": 9, "ascent": 8, "type": "bitmap" },
		{ "file": "minecraft:font/minecraft_emoji/mc_flint_and_steel.png", "chars": [ "\ue6e4" ], "height": 9, "ascent": 8, "type": "bitmap" },
		{ "file": "minecraft:font/minecraft_emoji/mc_flower_banner_pattern.png", "chars": [ "\ue6e5" ], "height": 9, "ascent": 8, "type": "bitmap" },
		{ "file": "minecraft:font/minecraft_emoji/mc_flower_pot.png", "chars": [ "\ue6e6" ], "height": 9, "ascent": 8, "type": "bitmap" },
		{ "file": "minecraft:font/minecraft_emoji/mc_furnace_minecart.png", "chars": [ "\ue6e7" ], "height": 9, "ascent": 8, "type": "bitmap" },
		{ "file": "minecraft:font/minecraft_emoji/mc_ghast_tear.png", "chars": [ "\ue6e8" ], "height": 9, "ascent": 8, "type": "bitmap" },
		{ "file": "minecraft:font/minecraft_emoji/mc_glass_bottle.png", "chars": [ "\ue6e9" ], "height": 9, "ascent": 8, "type": "bitmap" },
		{ "file": "minecraft:font/minecraft_emoji/mc_glistering_melon_slice.png", "chars": [ "\ue6ea" ], "height": 9, "ascent": 8, "type": "bitmap" },
		{ "file": "minecraft:font/minecraft_emoji/mc_globe_banner_pattern.png", "chars": [ "\ue6eb" ], "height": 9, "ascent": 8, "type": "bitmap" },
		{ "file": "minecraft:font/minecraft_emoji/mc_glowstone_dust.png", "chars": [ "\ue6ec" ], "height": 9, "ascent": 8, "type": "bitmap" },
		{ "file": "minecraft:font/minecraft_emoji/mc_golden_apple.png", "chars": [ "\ue6ed" ], "height": 9, "ascent": 8, "type": "bitmap" },
		{ "file": "minecraft:font/minecraft_emoji/mc_golden_axe.png", "chars": [ "\ue6ee" ], "height": 9, "ascent": 8, "type": "bitmap" },
		{ "file": "minecraft:font/minecraft_emoji/mc_golden_boots.png", "chars": [ "\ue6ef" ], "height": 9, "ascent": 8, "type": "bitmap" },
		{ "file": "minecraft:font/minecraft_emoji/mc_golden_carrot.png", "chars": [ "\ue6f0" ], "height": 9, "ascent": 8, "type": "bitmap" },
		{ "file": "minecraft:font/minecraft_emoji/mc_golden_chestplate.png", "chars": [ "\ue6f1" ], "height": 9, "ascent": 8, "type": "bitmap" },
		{ "file": "minecraft:font/minecraft_emoji/mc_golden_helmet.png", "chars": [ "\ue6f2" ], "height": 9, "ascent": 8, "type": "bitmap" },
		{ "file": "minecraft:font/minecraft_emoji/mc_golden_hoe.png", "chars": [ "\ue6f3" ], "height": 9, "ascent": 8, "type": "bitmap" },
		{ "file": "minecraft:font/minecraft_emoji/mc_golden_horse_armor.png", "chars": [ "\ue6f4" ], "height": 9, "ascent": 8, "type": "bitmap" },
		{ "file": "minecraft:font/minecraft_emoji/mc_golden_leggings.png", "chars": [ "\ue6f5" ], "height": 9, "ascent": 8, "type": "bitmap" },
		{ "file": "minecraft:font/minecraft_emoji/mc_golden_pickaxe.png", "chars": [ "\ue6f6" ], "height": 9, "ascent": 8, "type": "bitmap" },
		{ "file": "minecraft:font/minecraft_emoji/mc_golden_shovel.png", "chars": [ "\ue6f7" ], "height": 9, "ascent": 8, "type": "bitmap" },
		{ "file": "minecraft:font/minecraft_emoji/mc_golden_sword.png", "chars": [ "\ue6f8" ], "height": 9, "ascent": 8, "type": "bitmap" },
		{ "file": "minecraft:font/minecraft_emoji/mc_gold_ingot.png", "chars": [ "\ue6f9" ], "height": 9, "ascent": 8, "type": "bitmap" },
		{ "file": "minecraft:font/minecraft_emoji/mc_gold_nugget.png", "chars": [ "\ue6fa" ], "height": 9, "ascent": 8, "type": "bitmap" },
		{ "file": "minecraft:font/minecraft_emoji/mc_gray_dye.png", "chars": [ "\ue6fb" ], "height": 9, "ascent": 8, "type": "bitmap" },
		{ "file": "minecraft:font/minecraft_emoji/mc_green_dye.png", "chars": [ "\ue6fc" ], "height": 9, "ascent": 8, "type": "bitmap" },
		{ "file": "minecraft:font/minecraft_emoji/mc_gunpowder.png", "chars": [ "\ue6fd" ], "height": 9, "ascent": 8, "type": "bitmap" },
		{ "file": "minecraft:font/minecraft_emoji/mc_heart_of_the_sea.png", "chars": [ "\ue6fe" ], "height": 9, "ascent": 8, "type": "bitmap" },
		{ "file": "minecraft:font/minecraft_emoji/mc_hopper.png", "chars": [ "\ue6ff" ], "height": 9, "ascent": 8, "type": "bitmap" },
		{ "file": "minecraft:font/minecraft_emoji/mc_hopper_minecart.png", "chars": [ "\ue700" ], "height": 9, "ascent": 8, "type": "bitmap" },
		{ "file": "minecraft:font/minecraft_emoji/mc_ink_sac.png", "chars": [ "\ue701" ], "height": 9, "ascent": 8, "type": "bitmap" },
		{ "file": "minecraft:font/minecraft_emoji/mc_iron_axe.png", "chars": [ "\ue702" ], "height": 9, "ascent": 8, "type": "bitmap" },
		{ "file": "minecraft:font/minecraft_emoji/mc_iron_boots.png", "chars": [ "\ue703" ], "height": 9, "ascent": 8, "type": "bitmap" },
		{ "file": "minecraft:font/minecraft_emoji/mc_iron_chestplate.png", "chars": [ "\ue704" ], "height": 9, "ascent": 8, "type": "bitmap" },
		{ "file": "minecraft:font/minecraft_emoji/mc_iron_door.png", "chars": [ "\ue705" ], "height": 9, "ascent": 8, "type": "bitmap" },
		{ "file": "minecraft:font/minecraft_emoji/mc_iron_helmet.png", "chars": [ "\ue706" ], "height": 9, "ascent": 8, "type": "bitmap" },
		{ "file": "minecraft:font/minecraft_emoji/mc_iron_hoe.png", "chars": [ "\ue707" ], "height": 9, "ascent": 8, "type": "bitmap" },
		{ "file": "minecraft:font/minecraft_emoji/mc_iron_horse_armor.png", "chars": [ "\ue708" ], "height": 9, "ascent": 8, "type": "bitmap" },
		{ "file": "minecraft:font/minecraft_emoji/mc_iron_ingot.png", "chars": [ "\ue709" ], "height": 9, "ascent": 8, "type": "bitmap" },
		{ "file": "minecraft:font/minecraft_emoji/mc_iron_leggings.png", "chars": [ "\ue70a" ], "height": 9, "ascent": 8, "type": "bitmap" },
		{ "file": "minecraft:font/minecraft_emoji/mc_iron_nugget.png", "chars": [ "\ue70b" ], "height": 9, "ascent": 8, "type": "bitmap" },
		{ "file": "minecraft:font/minecraft_emoji/mc_iron_pickaxe.png", "chars": [ "\ue70c" ], "height": 9, "ascent": 8, "type": "bitmap" },
		{ "file": "minecraft:font/minecraft_emoji/mc_iron_shovel.png", "chars": [ "\ue70d" ], "height": 9, "ascent": 8, "type": "bitmap" },
		{ "file": "minecraft:font/minecraft_emoji/mc_iron_sword.png", "chars": [ "\ue70e" ], "height": 9, "ascent": 8, "type": "bitmap" },
		{ "file": "minecraft:font/minecraft_emoji/mc_item_frame.png", "chars": [ "\ue70f" ], "height": 9, "ascent": 8, "type": "bitmap" },
		{ "file": "minecraft:font/minecraft_emoji/mc_jungle_boat.png", "chars": [ "\ue710" ], "height": 9, "ascent": 8, "type": "bitmap" },
		{ "file": "minecraft:font/minecraft_emoji/mc_jungle_door.png", "chars": [ "\ue711" ], "height": 9, "ascent": 8, "type": "bitmap" },
		{ "file": "minecraft:font/minecraft_emoji/mc_jungle_sign.png", "chars": [ "\ue712" ], "height": 9, "ascent": 8, "type": "bitmap" },
		{ "file": "minecraft:font/minecraft_emoji/mc_kelp.png", "chars": [ "\ue713" ], "height": 9, "ascent": 8, "type": "bitmap" },
		{ "file": "minecraft:font/minecraft_emoji/mc_knowledge_book.png", "chars": [ "\ue714" ], "height": 9, "ascent": 8, "type": "bitmap" },
		{ "file": "minecraft:font/minecraft_emoji/mc_lantern.png", "chars": [ "\ue715" ], "height": 9, "ascent": 8, "type": "bitmap" },
		{ "file": "minecraft:font/minecraft_emoji/mc_lapis_lazuli.png", "chars": [ "\ue716" ], "height": 9, "ascent": 8, "type": "bitmap" },
		{ "file": "minecraft:font/minecraft_emoji/mc_lava_bucket.png", "chars": [ "\ue717" ], "height": 9, "ascent": 8, "type": "bitmap" },
		{ "file": "minecraft:font/minecraft_emoji/mc_lead.png", "chars": [ "\ue718" ], "height": 9, "ascent": 8, "type": "bitmap" },
		{ "file": "minecraft:font/minecraft_emoji/mc_leather.png", "chars": [ "\ue719" ], "height": 9, "ascent": 8, "type": "bitmap" },
		{ "file": "minecraft:font/minecraft_emoji/mc_leather_horse_armor.png", "chars": [ "\ue71a" ], "height": 9, "ascent": 8, "type": "bitmap" },
		{ "file": "minecraft:font/minecraft_emoji/mc_light_blue_dye.png", "chars": [ "\ue71b" ], "height": 9, "ascent": 8, "type": "bitmap" },
		{ "file": "minecraft:font/minecraft_emoji/mc_light_gray_dye.png", "chars": [ "\ue71c" ], "height": 9, "ascent": 8, "type": "bitmap" },
		{ "file": "minecraft:font/minecraft_emoji/mc_lime_dye.png", "chars": [ "\ue71d" ], "height": 9, "ascent": 8, "type": "bitmap" },
		{ "file": "minecraft:font/minecraft_emoji/mc_lingering_potion.png", "chars": [ "\ue71e" ], "height": 9, "ascent": 8, "type": "bitmap" },
		{ "file": "minecraft:font/minecraft_emoji/mc_magenta_dye.png", "chars": [ "\ue71f" ], "height": 9, "ascent": 8, "type": "bitmap" },
		{ "file": "minecraft:font/minecraft_emoji/mc_magma_cream.png", "chars": [ "\ue720" ], "height": 9, "ascent": 8, "type": "bitmap" },
		{ "file": "minecraft:font/minecraft_emoji/mc_map.png", "chars": [ "\ue721" ], "height": 9, "ascent": 8, "type": "bitmap" },
		{ "file": "minecraft:font/minecraft_emoji/mc_melon_seeds.png", "chars": [ "\ue722" ], "height": 9, "ascent": 8, "type": "bitmap" },
		{ "file": "minecraft:font/minecraft_emoji/mc_melon_slice.png", "chars": [ "\ue723" ], "height": 9, "ascent": 8, "type": "bitmap" },
		{ "file": "minecraft:font/minecraft_emoji/mc_milk_bucket.png", "chars": [ "\ue724" ], "height": 9, "ascent": 8, "type": "bitmap" },
		{ "file": "minecraft:font/minecraft_emoji/mc_minecart.png", "chars": [ "\ue725" ], "height": 9, "ascent": 8, "type": "bitmap" },
		{ "file": "minecraft:font/minecraft_emoji/mc_mojang_banner_pattern.png", "chars": [ "\ue726" ], "height": 9, "ascent": 8, "type": "bitmap" },
		{ "file": "minecraft:font/minecraft_emoji/mc_mushroom_stew.png", "chars": [ "\ue727" ], "height": 9, "ascent": 8, "type": "bitmap" },
		{ "file": "minecraft:font/minecraft_emoji/mc_music_disc_11.png", "chars": [ "\ue728" ], "height": 9, "ascent": 8, "type": "bitmap" },
		{ "file": "minecraft:font/minecraft_emoji/mc_music_disc_13.png", "chars": [ "\ue729" ], "height": 9, "ascent": 8, "type": "bitmap" },
		{ "file": "minecraft:font/minecraft_emoji/mc_music_disc_blocks.png", "chars": [ "\ue72a" ], "height": 9, "ascent": 8, "type": "bitmap" },
		{ "file": "minecraft:font/minecraft_emoji/mc_music_disc_cat.png", "chars": [ "\ue72b" ], "height": 9, "ascent": 8, "type": "bitmap" },
		{ "file": "minecraft:font/minecraft_emoji/mc_music_disc_chirp.png", "chars": [ "\ue72c" ], "height": 9, "ascent": 8, "type": "bitmap" },
		{ "file": "minecraft:font/minecraft_emoji/mc_music_disc_far.png", "chars": [ "\ue72d" ], "height": 9, "ascent": 8, "type": "bitmap" },
		{ "file": "minecraft:font/minecraft_emoji/mc_music_disc_mall.png", "chars": [ "\ue72e" ], "height": 9, "ascent": 8, "type": "bitmap" },
		{ "file": "minecraft:font/minecraft_emoji/mc_music_disc_mellohi.png", "chars": [ "\ue72f" ], "height": 9, "ascent": 8, "type": "bitmap" },
		{ "file": "minecraft:font/minecraft_emoji/mc_music_disc_stal.png", "chars": [ "\ue730" ], "height": 9, "ascent": 8, "type": "bitmap" },
		{ "file": "minecraft:font/minecraft_emoji/mc_music_disc_strad.png", "chars": [ "\ue731" ], "height": 9, "ascent": 8, "type": "bitmap" },
		{ "file": "minecraft:font/minecraft_emoji/mc_music_disc_wait.png", "chars": [ "\ue732" ], "height": 9, "ascent": 8, "type": "bitmap" },
		{ "file": "minecraft:font/minecraft_emoji/mc_music_disc_ward.png", "chars": [ "\ue733" ], "height": 9, "ascent": 8, "type": "bitmap" },
		{ "file": "minecraft:font/minecraft_emoji/mc_mutton.png", "chars": [ "\ue734" ], "height": 9, "ascent": 8, "type": "bitmap" },
		{ "file": "minecraft:font/minecraft_emoji/mc_name_tag.png", "chars": [ "\ue735" ], "height": 9, "ascent": 8, "type": "bitmap" },
		{ "file": "minecraft:font/minecraft_emoji/mc_nautilus_shell.png", "chars": [ "\ue736" ], "height": 9, "ascent": 8, "type": "bitmap" },
		{ "file": "minecraft:font/minecraft_emoji/mc_nether_brick.png", "chars": [ "\ue737" ], "height": 9, "ascent": 8, "type": "bitmap" },
		{ "file": "minecraft:font/minecraft_emoji/mc_nether_star.png", "chars": [ "\ue738" ], "height": 9, "ascent": 8, "type": "bitmap" },
		{ "file": "minecraft:font/minecraft_emoji/mc_nether_wart.png", "chars": [ "\ue739" ], "height": 9, "ascent": 8, "type": "bitmap" },
		{ "file": "minecraft:font/minecraft_emoji/mc_oak_boat.png", "chars": [ "\ue73a" ], "height": 9, "ascent": 8, "type": "bitmap" },
		{ "file": "minecraft:font/minecraft_emoji/mc_oak_door.png", "chars": [ "\ue73b" ], "height": 9, "ascent": 8, "type": "bitmap" },
		{ "file": "minecraft:font/minecraft_emoji/mc_oak_sign.png", "chars": [ "\ue73c" ], "height": 9, "ascent": 8, "type": "bitmap" },
		{ "file": "minecraft:font/minecraft_emoji/mc_orange_dye.png", "chars": [ "\ue73d" ], "height": 9, "ascent": 8, "type": "bitmap" },
		{ "file": "minecraft:font/minecraft_emoji/mc_painting.png", "chars": [ "\ue73e" ], "height": 9, "ascent": 8, "type": "bitmap" },
		{ "file": "minecraft:font/minecraft_emoji/mc_paper.png", "chars": [ "\ue73f" ], "height": 9, "ascent": 8, "type": "bitmap" },
		{ "file": "minecraft:font/minecraft_emoji/mc_phantom_membrane.png", "chars": [ "\ue740" ], "height": 9, "ascent": 8, "type": "bitmap" },
		{ "file": "minecraft:font/minecraft_emoji/mc_pink_dye.png", "chars": [ "\ue741" ], "height": 9, "ascent": 8, "type": "bitmap" },
		{ "file": "minecraft:font/minecraft_emoji/mc_poisonous_potato.png", "chars": [ "\ue742" ], "height": 9, "ascent": 8, "type": "bitmap" },
		{ "file": "minecraft:font/minecraft_emoji/mc_popped_chorus_fruit.png", "chars": [ "\ue743" ], "height": 9, "ascent": 8, "type": "bitmap" },
		{ "file": "minecraft:font/minecraft_emoji/mc_porkchop.png", "chars": [ "\ue744" ], "height": 9, "ascent": 8, "type": "bitmap" },
		{ "file": "minecraft:font/minecraft_emoji/mc_potato.png", "chars": [ "\ue745" ], "height": 9, "ascent": 8, "type": "bitmap" },
		{ "file": "minecraft:font/minecraft_emoji/mc_potion.png", "chars": [ "\ue746" ], "height": 9, "ascent": 8, "type": "bitmap" },
		{ "file": "minecraft:font/minecraft_emoji/mc_potion_overlay.png", "chars": [ "\ue747" ], "height": 9, "ascent": 8, "type": "bitmap" },
		{ "file": "minecraft:font/minecraft_emoji/mc_prismarine_crystals.png", "chars": [ "\ue748" ], "height": 9, "ascent": 8, "type": "bitmap" },
		{ "file": "minecraft:font/minecraft_emoji/mc_prismarine_shard.png", "chars": [ "\ue749" ], "height": 9, "ascent": 8, "type": "bitmap" },
		{ "file": "minecraft:font/minecraft_emoji/mc_pufferfish.png", "chars": [ "\ue74a" ], "height": 9, "ascent": 8, "type": "bitmap" },
		{ "file": "minecraft:font/minecraft_emoji/mc_pufferfish_bucket.png", "chars": [ "\ue74b" ], "height": 9, "ascent": 8, "type": "bitmap" },
		{ "file": "minecraft:font/minecraft_emoji/mc_pumpkin_pie.png", "chars": [ "\ue74c" ], "height": 9, "ascent": 8, "type": "bitmap" },
		{ "file": "minecraft:font/minecraft_emoji/mc_pumpkin_seeds.png", "chars": [ "\ue74d" ], "height": 9, "ascent": 8, "type": "bitmap" },
		{ "file": "minecraft:font/minecraft_emoji/mc_purple_dye.png", "chars": [ "\ue74e" ], "height": 9, "ascent": 8, "type": "bitmap" },
		{ "file": "minecraft:font/minecraft_emoji/mc_quartz.png", "chars": [ "\ue74f" ], "height": 9, "ascent": 8, "type": "bitmap" },
		{ "file": "minecraft:font/minecraft_emoji/mc_rabbit.png", "chars": [ "\ue750" ], "height": 9, "ascent": 8, "type": "bitmap" },
		{ "file": "minecraft:font/minecraft_emoji/mc_rabbit_foot.png", "chars": [ "\ue751" ], "height": 9, "ascent": 8, "type": "bitmap" },
		{ "file": "minecraft:font/minecraft_emoji/mc_rabbit_hide.png", "chars": [ "\ue752" ], "height": 9, "ascent": 8, "type": "bitmap" },
		{ "file": "minecraft:font/minecraft_emoji/mc_rabbit_stew.png", "chars": [ "\ue753" ], "height": 9, "ascent": 8, "type": "bitmap" },
		{ "file": "minecraft:font/minecraft_emoji/mc_redstone.png", "chars": [ "\ue754" ], "height": 9, "ascent": 8, "type": "bitmap" },
		{ "file": "minecraft:font/minecraft_emoji/mc_red_dye.png", "chars": [ "\ue755" ], "height": 9, "ascent": 8, "type": "bitmap" },
		{ "file": "minecraft:font/minecraft_emoji/mc_repeater.png", "chars": [ "\ue756" ], "height": 9, "ascent": 8, "type": "bitmap" },
		{ "file": "minecraft:font/minecraft_emoji/mc_rotten_flesh.png", "chars": [ "\ue757" ], "height": 9, "ascent": 8, "type": "bitmap" },
		{ "file": "minecraft:font/minecraft_emoji/mc_ruby.png", "chars": [ "\ue758" ], "height": 9, "ascent": 8, "type": "bitmap" },
		{ "file": "minecraft:font/minecraft_emoji/mc_saddle.png", "chars": [ "\ue759" ], "height": 9, "ascent": 8, "type": "bitmap" },
		{ "file": "minecraft:font/minecraft_emoji/mc_salmon.png", "chars": [ "\ue75a" ], "height": 9, "ascent": 8, "type": "bitmap" },
		{ "file": "minecraft:font/minecraft_emoji/mc_salmon_bucket.png", "chars": [ "\ue75b" ], "height": 9, "ascent": 8, "type": "bitmap" },
		{ "file": "minecraft:font/minecraft_emoji/mc_scute.png", "chars": [ "\ue75c" ], "height": 9, "ascent": 8, "type": "bitmap" },
		{ "file": "minecraft:font/minecraft_emoji/mc_seagrass.png", "chars": [ "\ue75d" ], "height": 9, "ascent": 8, "type": "bitmap" },
		{ "file": "minecraft:font/minecraft_emoji/mc_sea_pickle.png", "chars": [ "\ue75e" ], "height": 9, "ascent": 8, "type": "bitmap" },
		{ "file": "minecraft:font/minecraft_emoji/mc_shears.png", "chars": [ "\ue75f" ], "height": 9, "ascent": 8, "type": "bitmap" },
		{ "file": "minecraft:font/minecraft_emoji/mc_shulker_shell.png", "chars": [ "\ue760" ], "height": 9, "ascent": 8, "type": "bitmap" },
		{ "file": "minecraft:font/minecraft_emoji/mc_skull_banner_pattern.png", "chars": [ "\ue761" ], "height": 9, "ascent": 8, "type": "bitmap" },
		{ "file": "minecraft:font/minecraft_emoji/mc_slime_ball.png", "chars": [ "\ue762" ], "height": 9, "ascent": 8, "type": "bitmap" },
		{ "file": "minecraft:font/minecraft_emoji/mc_snowball.png", "chars": [ "\ue763" ], "height": 9, "ascent": 8, "type": "bitmap" },
		{ "file": "minecraft:font/minecraft_emoji/mc_spawn_egg.png", "chars": [ "\ue764" ], "height": 9, "ascent": 8, "type": "bitmap" },
		{ "file": "minecraft:font/minecraft_emoji/mc_spawn_egg_overlay.png", "chars": [ "\ue765" ], "height": 9, "ascent": 8, "type": "bitmap" },
		{ "file": "minecraft:font/minecraft_emoji/mc_spectral_arrow.png", "chars": [ "\ue766" ], "height": 9, "ascent": 8, "type": "bitmap" },
		{ "file": "minecraft:font/minecraft_emoji/mc_spider_eye.png", "chars": [ "\ue767" ], "height": 9, "ascent": 8, "type": "bitmap" },
		{ "file": "minecraft:font/minecraft_emoji/mc_splash_potion.png", "chars": [ "\ue768" ], "height": 9, "ascent": 8, "type": "bitmap" },
		{ "file": "minecraft:font/minecraft_emoji/mc_spruce_boat.png", "chars": [ "\ue769" ], "height": 9, "ascent": 8, "type": "bitmap" },
		{ "file": "minecraft:font/minecraft_emoji/mc_spruce_door.png", "chars": [ "\ue76a" ], "height": 9, "ascent": 8, "type": "bitmap" },
		{ "file": "minecraft:font/minecraft_emoji/mc_spruce_sign.png", "chars": [ "\ue76b" ], "height": 9, "ascent": 8, "type": "bitmap" },
		{ "file": "minecraft:font/minecraft_emoji/mc_stick.png", "chars": [ "\ue76c" ], "height": 9, "ascent": 8, "type": "bitmap" },
		{ "file": "minecraft:font/minecraft_emoji/mc_stone_axe.png", "chars": [ "\ue76d" ], "height": 9, "ascent": 8, "type": "bitmap" },
		{ "file": "minecraft:font/minecraft_emoji/mc_stone_hoe.png", "chars": [ "\ue76e" ], "height": 9, "ascent": 8, "type": "bitmap" },
		{ "file": "minecraft:font/minecraft_emoji/mc_stone_pickaxe.png", "chars": [ "\ue76f" ], "height": 9, "ascent": 8, "type": "bitmap" },
		{ "file": "minecraft:font/minecraft_emoji/mc_stone_shovel.png", "chars": [ "\ue770" ], "height": 9, "ascent": 8, "type": "bitmap" },
		{ "file": "minecraft:font/minecraft_emoji/mc_stone_sword.png", "chars": [ "\ue771" ], "height": 9, "ascent": 8, "type": "bitmap" },
		{ "file": "minecraft:font/minecraft_emoji/mc_string.png", "chars": [ "\ue772" ], "height": 9, "ascent": 8, "type": "bitmap" },
		{ "file": "minecraft:font/minecraft_emoji/mc_structure_void.png", "chars": [ "\ue773" ], "height": 9, "ascent": 8, "type": "bitmap" },
		{ "file": "minecraft:font/minecraft_emoji/mc_sugar.png", "chars": [ "\ue774" ], "height": 9, "ascent": 8, "type": "bitmap" },
		{ "file": "minecraft:font/minecraft_emoji/mc_sugar_cane.png", "chars": [ "\ue775" ], "height": 9, "ascent": 8, "type": "bitmap" },
		{ "file": "minecraft:font/minecraft_emoji/mc_suspicious_stew.png", "chars": [ "\ue776" ], "height": 9, "ascent": 8, "type": "bitmap" },
		{ "file": "minecraft:font/minecraft_emoji/mc_sweet_berries.png", "chars": [ "\ue777" ], "height": 9, "ascent": 8, "type": "bitmap" },
		{ "file": "minecraft:font/minecraft_emoji/mc_tipped_arrow_base.png", "chars": [ "\ue778" ], "height": 9, "ascent": 8, "type": "bitmap" },
		{ "file": "minecraft:font/minecraft_emoji/mc_tipped_arrow_head.png", "chars": [ "\ue779" ], "height": 9, "ascent": 8, "type": "bitmap" },
		{ "file": "minecraft:font/minecraft_emoji/mc_tnt_minecart.png", "chars": [ "\ue77a" ], "height": 9, "ascent": 8, "type": "bitmap" },
		{ "file": "minecraft:font/minecraft_emoji/mc_totem_of_undying.png", "chars": [ "\ue77b" ], "height": 9, "ascent": 8, "type": "bitmap" },
		{ "file": "minecraft:font/minecraft_emoji/mc_trident.png", "chars": [ "\ue77c" ], "height": 9, "ascent": 8, "type": "bitmap" },
		{ "file": "minecraft:font/minecraft_emoji/mc_tropical_fish.png", "chars": [ "\ue77d" ], "height": 9, "ascent": 8, "type": "bitmap" },
		{ "file": "minecraft:font/minecraft_emoji/mc_tropical_fish_bucket.png", "chars": [ "\ue77e" ], "height": 9, "ascent": 8, "type": "bitmap" },
		{ "file": "minecraft:font/minecraft_emoji/mc_turtle_egg.png", "chars": [ "\ue77f" ], "height": 9, "ascent": 8, "type": "bitmap" },
		{ "file": "minecraft:font/minecraft_emoji/mc_turtle_helmet.png", "chars": [ "\ue780" ], "height": 9, "ascent": 8, "type": "bitmap" },
		{ "file": "minecraft:font/minecraft_emoji/mc_water_bucket.png", "chars": [ "\ue781" ], "height": 9, "ascent": 8, "type": "bitmap" },
		{ "file": "minecraft:font/minecraft_emoji/mc_wheat.png", "chars": [ "\ue782" ], "height": 9, "ascent": 8, "type": "bitmap" },
		{ "file": "minecraft:font/minecraft_emoji/mc_wheat_seeds.png", "chars": [ "\ue783" ], "height": 9, "ascent": 8, "type": "bitmap" },
		{ "file": "minecraft:font/minecraft_emoji/mc_white_dye.png", "chars": [ "\ue784" ], "height": 9, "ascent": 8, "type": "bitmap" },
		{ "file": "minecraft:font/minecraft_emoji/mc_wooden_axe.png", "chars": [ "\ue785" ], "height": 9, "ascent": 8, "type": "bitmap" },
		{ "file": "minecraft:font/minecraft_emoji/mc_wooden_hoe.png", "chars": [ "\ue786" ], "height": 9, "ascent": 8, "type": "bitmap" },
		{ "file": "minecraft:font/minecraft_emoji/mc_wooden_pickaxe.png", "chars": [ "\ue787" ], "height": 9, "ascent": 8, "type": "bitmap" },
		{ "file": "minecraft:font/minecraft_emoji/mc_wooden_shovel.png", "chars": [ "\ue788" ], "height": 9, "ascent": 8, "type": "bitmap" },
		{ "file": "minecraft:font/minecraft_emoji/mc_wooden_sword.png", "chars": [ "\ue789" ], "height": 9, "ascent": 8, "type": "bitmap" },
		{ "file": "minecraft:font/minecraft_emoji/mc_writable_book.png", "chars": [ "\ue78a" ], "height": 9, "ascent": 8, "type": "bitmap" },
		{ "file": "minecraft:font/minecraft_emoji/mc_written_book.png", "chars": [ "\ue78b" ], "height": 9, "ascent": 8, "type": "bitmap" },
		{ "file": "minecraft:font/minecraft_emoji/mc_yellow_dye.png", "chars": [ "\ue78c" ], "height": 9, "ascent": 8, "type": "bitmap" },
			
			
			
			
			
			
			
			
			
			
			
			
			
			
			
			
			
			
			
			
			
			
			
	
	
	
	
	
	
	
	
	
	
	
    	{
      		"file": "minecraft:font/hud/thirst_bar/positive.png",
      		"chars": [
        		"\ue120"
      		],
      		"height": 10,
      		"ascent": -15,
      		"type": "bitmap"
    	},
    	{
      		"file": "minecraft:font/hud/thirst_bar/negative.png",
      		"chars": [
        		"\ue121"
      		],
      		"height": 10,
      		"ascent": -15,
      		"type": "bitmap"
    	},
    	{
      		"file": "minecraft:font/hud/thirst_bar/half.png",
      		"chars": [
        		"\ue122"
      		],
      		"height": 10,
      		"ascent": -15,
      		"type": "bitmap"
    	},
    	{
      		"file": "minecraft:font/hud/thirst_bar/positive.png",
      		"chars": [
        		"\ue123"
      		],
      		"height": 10,
      		"ascent": 9,
      		"type": "bitmap"
    	},
    	{
      		"file": "minecraft:font/hud/thirst_bar/negative.png",
      		"chars": [
        		"\ue124"
      		],
      		"height": 10,
      		"ascent": 9,
      		"type": "bitmap"
    	},
    	{
      		"file": "minecraft:font/hud/thirst_bar/half2.png",
      		"chars": [
        		"\ue125"
      		],
      		"height": 10,
      		"ascent": 9,
      		"type": "bitmap"
    	},
    {
      "file": "font/base/black.png",
      "chars": [
        "\uF823"
      ],
      "height": 10,
      "ascent": -5000,
      "type": "bitmap"
    }
    ]
}