{
	"credit": "Made with Blockbench",
	"textures": {
		"1": "items/texturedmaterials1",
		"particle": "items/rgbsheet1"
	},
	"elements": [
		{
			"from": [7.5, 9.5, 9.75],
			"to": [8.5, 10.5, 12.25],
			"rotation": {"angle": 22.5, "axis": "x", "origin": [8, 10.25, 10]},
			"faces": {
				"north": {"uv": [8, 8, 16, 12], "rotation": 90, "texture": "#1"},
				"east": {"uv": [8, 8, 16, 12], "rotation": 90, "texture": "#1"},
				"south": {"uv": [8, 8, 16, 12], "rotation": 90, "texture": "#1"},
				"west": {"uv": [8, 8, 16, 12], "rotation": 90, "texture": "#1"},
				"up": {"uv": [8, 8, 16, 12], "rotation": 90, "texture": "#1"},
				"down": {"uv": [8, 8, 16, 12], "rotation": 90, "texture": "#1"}
			}
		},
		{
			"from": [7.5, 9.75, 6.25],
			"to": [8.5, 11, 7.25],
			"rotation": {"angle": -22.5, "axis": "x", "origin": [8, 11.25, 7]},
			"faces": {
				"north": {"uv": [8, 8, 16, 12], "texture": "#1"},
				"east": {"uv": [8, 8, 16, 12], "texture": "#1"},
				"south": {"uv": [8, 8, 16, 12], "texture": "#1"},
				"west": {"uv": [8, 8, 16, 12], "texture": "#1"},
				"up": {"uv": [8, 8, 16, 12], "texture": "#1"},
				"down": {"uv": [8, 8, 16, 12], "texture": "#1"}
			}
		},
		{
			"from": [7.5, 10.5, 6.5],
			"to": [8.5, 11.25, 7.5],
			"faces": {
				"north": {"uv": [8, 8, 16, 12], "texture": "#1"},
				"east": {"uv": [8, 8, 16, 12], "texture": "#1"},
				"south": {"uv": [8, 8, 16, 12], "texture": "#1"},
				"west": {"uv": [8, 8, 16, 12], "texture": "#1"},
				"up": {"uv": [8, 8, 16, 12], "texture": "#1"},
				"down": {"uv": [8, 8, 16, 12], "texture": "#1"}
			}
		},
		{
			"from": [8.5, 12, 7],
			"to": [8.75, 13.5, 7.75],
			"faces": {
				"north": {"uv": [8, 8, 16, 12], "texture": "#1"},
				"east": {"uv": [8, 8, 16, 12], "texture": "#1"},
				"south": {"uv": [8, 8, 16, 12], "texture": "#1"},
				"west": {"uv": [8, 8, 16, 12], "texture": "#1"},
				"up": {"uv": [8, 8, 16, 12], "texture": "#1"},
				"down": {"uv": [8, 8, 16, 12], "texture": "#1"}
			}
		},
		{
			"from": [7.5, 12.75, 6.75],
			"to": [8.5, 13.5, 7],
			"faces": {
				"north": {"uv": [8, 8, 16, 12], "texture": "#1"},
				"east": {"uv": [8, 8, 16, 12], "texture": "#1"},
				"south": {"uv": [8, 8, 16, 12], "texture": "#1"},
				"west": {"uv": [8, 8, 16, 12], "texture": "#1"},
				"up": {"uv": [8, 8, 16, 12], "texture": "#1"},
				"down": {"uv": [8, 8, 16, 12], "texture": "#1"}
			}
		},
		{
			"from": [7.75, 13.75, 7],
			"to": [8.25, 14.25, 9.75],
			"faces": {
				"north": {"uv": [8, 8, 16, 12], "texture": "#1"},
				"east": {"uv": [8, 8, 16, 12], "texture": "#1"},
				"south": {"uv": [8, 8, 16, 12], "texture": "#1"},
				"west": {"uv": [8, 8, 16, 12], "texture": "#1"},
				"up": {"uv": [8, 8, 16, 12], "texture": "#1"},
				"down": {"uv": [8, 8, 16, 12], "texture": "#1"}
			}
		},
		{
			"from": [7.25, 13.5, 7],
			"to": [8.75, 13.75, 9.75],
			"faces": {
				"north": {"uv": [8, 8, 16, 12], "texture": "#1"},
				"east": {"uv": [8, 8, 16, 12], "texture": "#1"},
				"south": {"uv": [8, 8, 16, 12], "texture": "#1"},
				"west": {"uv": [8, 8, 16, 12], "texture": "#1"},
				"up": {"uv": [8, 8, 16, 12], "texture": "#1"},
				"down": {"uv": [8, 8, 16, 12], "texture": "#1"}
			}
		},
		{
			"from": [7.25, 12, 7],
			"to": [7.5, 13.5, 7.75],
			"faces": {
				"north": {"uv": [8, 8, 16, 12], "texture": "#1"},
				"east": {"uv": [8, 8, 16, 12], "texture": "#1"},
				"south": {"uv": [8, 8, 16, 12], "texture": "#1"},
				"west": {"uv": [8, 8, 16, 12], "texture": "#1"},
				"up": {"uv": [8, 8, 16, 12], "texture": "#1"},
				"down": {"uv": [8, 8, 16, 12], "texture": "#1"}
			}
		},
		{
			"from": [7.5, 12.75, 7],
			"to": [8.5, 13.25, 14.75],
			"faces": {
				"north": {"uv": [8, 0, 16, 4], "texture": "#1"},
				"east": {"uv": [8, 0, 16, 4], "texture": "#1"},
				"south": {"uv": [8, 0, 16, 4], "texture": "#1"},
				"west": {"uv": [8, 0, 16, 4], "texture": "#1"},
				"up": {"uv": [8, 0, 16, 4], "texture": "#1"},
				"down": {"uv": [8, 0, 16, 4], "texture": "#1"}
			}
		},
		{
			"from": [7.5, 9.5, 7],
			"to": [8.5, 10.25, 9.75],
			"faces": {
				"north": {"uv": [8, 8, 16, 12], "texture": "#1"},
				"east": {"uv": [8, 8, 16, 12], "texture": "#1"},
				"south": {"uv": [8, 8, 16, 12], "texture": "#1"},
				"west": {"uv": [8, 8, 16, 12], "texture": "#1"},
				"up": {"uv": [8, 8, 16, 12], "texture": "#1"},
				"down": {"uv": [8, 8, 16, 12], "texture": "#1"}
			}
		},
		{
			"from": [7.5, 9.5, 9.5],
			"to": [8.5, 11.25, 10.5],
			"faces": {
				"north": {"uv": [8, 8, 16, 12], "texture": "#1"},
				"east": {"uv": [8, 8, 16, 12], "texture": "#1"},
				"south": {"uv": [8, 8, 16, 12], "texture": "#1"},
				"west": {"uv": [8, 8, 16, 12], "texture": "#1"},
				"up": {"uv": [8, 8, 16, 12], "texture": "#1"},
				"down": {"uv": [8, 8, 16, 12], "texture": "#1"}
			}
		},
		{
			"from": [7.5, 9, 11.5],
			"to": [8.5, 10, 14.75],
			"rotation": {"angle": -22.5, "axis": "x", "origin": [8, 9.75, 12.75]},
			"faces": {
				"north": {"uv": [8, 8, 16, 12], "texture": "#1"},
				"east": {"uv": [8, 8, 16, 12], "texture": "#1"},
				"south": {"uv": [8, 8, 16, 12], "texture": "#1"},
				"west": {"uv": [8, 8, 16, 12], "texture": "#1"},
				"up": {"uv": [8, 8, 16, 12], "texture": "#1"},
				"down": {"uv": [8, 8, 16, 12], "texture": "#1"}
			}
		},
		{
			"from": [7.5, 9.5, 12.5],
			"to": [8.5, 11.25, 14.5],
			"faces": {
				"north": {"uv": [8, 8, 16, 12], "texture": "#1"},
				"east": {"uv": [8, 8, 16, 12], "texture": "#1"},
				"south": {"uv": [8, 8, 16, 12], "texture": "#1"},
				"west": {"uv": [8, 8, 16, 12], "texture": "#1"},
				"up": {"uv": [8, 8, 16, 12], "texture": "#1"},
				"down": {"uv": [8, 8, 16, 12], "texture": "#1"}
			}
		},
		{
			"from": [7.25, 9.5, 14.5],
			"to": [8.75, 11.25, 18.5],
			"faces": {
				"north": {"uv": [8, 8, 16, 12], "texture": "#1"},
				"east": {"uv": [8, 8, 16, 12], "texture": "#1"},
				"south": {"uv": [8, 8, 16, 12], "texture": "#1"},
				"west": {"uv": [8, 8, 16, 12], "texture": "#1"},
				"up": {"uv": [8, 8, 16, 12], "texture": "#1"},
				"down": {"uv": [8, 8, 16, 12], "texture": "#1"}
			}
		},
		{
			"from": [7.5, 12.75, 14.75],
			"to": [8.5, 13.25, 18.5],
			"faces": {
				"north": {"uv": [8, 8, 16, 12], "texture": "#1"},
				"east": {"uv": [8, 8, 16, 12], "texture": "#1"},
				"south": {"uv": [8, 8, 16, 12], "texture": "#1"},
				"west": {"uv": [8, 8, 16, 12], "texture": "#1"},
				"up": {"uv": [8, 8, 16, 12], "texture": "#1"},
				"down": {"uv": [8, 8, 16, 12], "texture": "#1"}
			}
		},
		{
			"from": [7.25, 11.25, 6.5],
			"to": [8.75, 12.75, 18.5],
			"faces": {
				"north": {"uv": [8, 8, 16, 12], "texture": "#1"},
				"east": {"uv": [8, 8, 16, 12], "texture": "#1"},
				"south": {"uv": [8, 8, 16, 12], "texture": "#1"},
				"west": {"uv": [8, 8, 16, 12], "texture": "#1"},
				"up": {"uv": [8, 8, 16, 12], "texture": "#1"},
				"down": {"uv": [8, 8, 16, 12], "texture": "#1"}
			}
		},
		{
			"from": [7.75, 11.5, 1.5],
			"to": [8.25, 12.5, 6.5],
			"faces": {
				"north": {"uv": [8, 8, 16, 12], "rotation": 90, "texture": "#1"},
				"east": {"uv": [8, 8, 16, 12], "rotation": 90, "texture": "#1"},
				"south": {"uv": [8, 8, 16, 12], "rotation": 90, "texture": "#1"},
				"west": {"uv": [8, 8, 16, 12], "rotation": 90, "texture": "#1"},
				"up": {"uv": [8, 8, 16, 12], "rotation": 90, "texture": "#1"},
				"down": {"uv": [8, 8, 16, 12], "rotation": 90, "texture": "#1"}
			}
		},
		{
			"from": [7.5, 11.75, 1.5],
			"to": [8.5, 12.25, 6.5],
			"rotation": {"angle": -45, "axis": "z", "origin": [8, 12, 4]},
			"faces": {
				"north": {"uv": [8, 8, 16, 12], "texture": "#1"},
				"east": {"uv": [8, 8, 16, 12], "texture": "#1"},
				"south": {"uv": [8, 8, 16, 12], "texture": "#1"},
				"west": {"uv": [8, 8, 16, 12], "texture": "#1"},
				"up": {"uv": [8, 8, 16, 12], "texture": "#1"},
				"down": {"uv": [8, 8, 16, 12], "texture": "#1"}
			}
		},
		{
			"from": [7.5, 11.75, 1.5],
			"to": [8.5, 12.25, 6.5],
			"rotation": {"angle": 45, "axis": "z", "origin": [8, 12, 4]},
			"faces": {
				"north": {"uv": [8, 8, 16, 12], "texture": "#1"},
				"east": {"uv": [8, 8, 16, 12], "texture": "#1"},
				"south": {"uv": [8, 8, 16, 12], "texture": "#1"},
				"west": {"uv": [8, 8, 16, 12], "texture": "#1"},
				"up": {"uv": [8, 8, 16, 12], "texture": "#1"},
				"down": {"uv": [8, 8, 16, 12], "texture": "#1"}
			}
		},
		{
			"from": [7.5, 11.75, 1.5],
			"to": [8.5, 12.25, 6.5],
			"faces": {
				"north": {"uv": [8, 8, 16, 12], "texture": "#1"},
				"east": {"uv": [8, 8, 16, 12], "texture": "#1"},
				"south": {"uv": [8, 8, 16, 12], "texture": "#1"},
				"west": {"uv": [8, 8, 16, 12], "texture": "#1"},
				"up": {"uv": [8, 8, 16, 12], "texture": "#1"},
				"down": {"uv": [8, 8, 16, 12], "texture": "#1"}
			}
		},
		{
			"from": [7.25, 12, 9],
			"to": [7.5, 13.5, 9.75],
			"faces": {
				"north": {"uv": [8, 8, 16, 12], "texture": "#1"},
				"east": {"uv": [8, 8, 16, 12], "texture": "#1"},
				"south": {"uv": [8, 8, 16, 12], "texture": "#1"},
				"west": {"uv": [8, 8, 16, 12], "texture": "#1"},
				"up": {"uv": [8, 8, 16, 12], "texture": "#1"},
				"down": {"uv": [8, 8, 16, 12], "texture": "#1"}
			}
		},
		{
			"from": [8.5, 12, 9],
			"to": [8.75, 13.5, 9.75],
			"faces": {
				"north": {"uv": [8, 8, 16, 12], "texture": "#1"},
				"east": {"uv": [8, 8, 16, 12], "texture": "#1"},
				"south": {"uv": [8, 8, 16, 12], "texture": "#1"},
				"west": {"uv": [8, 8, 16, 12], "texture": "#1"},
				"up": {"uv": [8, 8, 16, 12], "texture": "#1"},
				"down": {"uv": [8, 8, 16, 12], "texture": "#1"}
			}
		}
	],
	"display": {
		"thirdperson_righthand": {
			"rotation": [4, -1, 3],
			"translation": [0, 0, 1],
			"scale": [0.7, 0.7, 0.7]
		},
		"thirdperson_lefthand": {
			"rotation": [-7, 1, -9],
			"translation": [-12, -1, 0.5],
			"scale": [0.7, 0.7, 0.7]
		},
		"firstperson_righthand": {
			"rotation": [0, -2, 0]
		},
		"firstperson_lefthand": {
			"translation": [-9, 1, 4.5],
			"scale": [1, 1, 0.4]
		},
		"ground": {
			"rotation": [0.51, -2.95, -95.53],
			"translation": [3.59, -0.94, 6.05]
		},
		"gui": {
			"rotation": [-44, -126, -59],
			"translation": [3, -1, -3],
			"scale": [0.8, 0.8, 0.8]
		},
		"fixed": {
			"rotation": [-97, 132, 99],
			"translation": [-3, -1.5, -1.25]
		}
	},
	"groups": [
		0,
		1,
		2,
		3,
		4,
		5,
		6,
		7,
		8,
		9,
		10,
		11,
		12,
		13,
		14,
		15,
		{
			"name": "group",
			"origin": [8, 8, 8],
			"color": 0,
			"children": [16, 17, 18, 19]
		},
		20,
		21
	]
}