{
	"credit": "Stolen From Vaipah",
	"ambientocclusion": false,
	"textures": {
		"2": "block/smooth_stone",
		"6": "block/yellow_concrete",
		"7": "block/lime_concrete",
		"8": "block/white_concrete",
		"9": "block/red_concrete",
		"10": "block/gray_concrete",
		"11": "block/iron_block",
		"12": "tecnotexture/logotecnocraft",
		"13": "block/black_concrete",
		"14": "new_carte/carta_oro",
		"particle": "block/iron_block"
	},
	"elements": [
		{
			"from": [0, 0, 0],
			"to": [16, 1, 16],
			"faces": {
				"north": {"uv": [0, 15, 16, 16], "texture": "#11"},
				"east": {"uv": [0, 15, 16, 16], "texture": "#11"},
				"south": {"uv": [1, 15, 15, 16], "texture": "#11"},
				"west": {"uv": [0, 15, 16, 16], "texture": "#11"},
				"up": {"uv": [0, 0, 16, 16], "rotation": 180, "texture": "#missing"},
				"down": {"uv": [0, 0, 16, 16], "rotation": 180, "texture": "#11"}
			}
		},
		{
			"from": [15, 1, 0],
			"to": [16, 16, 16],
			"faces": {
				"north": {"uv": [0, 0, 1, 15], "texture": "#11"},
				"east": {"uv": [0, 0, 16, 15], "texture": "#11"},
				"south": {"uv": [14, 0, 15, 15], "texture": "#11"},
				"west": {"uv": [2, 0, 16, 15], "texture": "#11"},
				"up": {"uv": [15, 0, 16, 16], "rotation": 180, "texture": "#11"},
				"down": {"uv": [0, 0, 1, 16], "rotation": 180, "texture": "#missing"}
			}
		},
		{
			"from": [0, 1, 0],
			"to": [1, 16, 16],
			"faces": {
				"north": {"uv": [15, 0, 16, 15], "texture": "#11"},
				"east": {"uv": [0, 0, 16, 15], "texture": "#11"},
				"south": {"uv": [0, 0, 1, 15], "texture": "#11"},
				"west": {"uv": [0, 0, 16, 15], "texture": "#11"},
				"up": {"uv": [0, 0, 1, 16], "rotation": 180, "texture": "#11"},
				"down": {"uv": [0, 0, 1, 16], "rotation": 180, "texture": "#missing"}
			}
		},
		{
			"from": [1, 1, 0],
			"to": [15, 16, 10],
			"faces": {
				"north": {"uv": [1, 0, 15, 15], "texture": "#11"},
				"east": {"uv": [0, 0, 1, 15], "texture": "#missing"},
				"south": {"uv": [1, 0, 15, 15], "texture": "#11"},
				"west": {"uv": [0, 0, 1, 15], "texture": "#missing"},
				"up": {"uv": [1, 6, 15, 16], "rotation": 180, "texture": "#11"},
				"down": {"uv": [0, 0, 14, 1], "rotation": 180, "texture": "#missing"}
			}
		},
		{
			"from": [1, 15, 10],
			"to": [15, 16, 16],
			"faces": {
				"north": {"uv": [0, 0, 14, 1], "texture": "#missing"},
				"east": {"uv": [0, 0, 15, 1], "texture": "#missing"},
				"south": {"uv": [1, 0, 15, 1], "texture": "#11"},
				"west": {"uv": [0, 0, 15, 1], "texture": "#missing"},
				"up": {"uv": [1, 0, 15, 6], "rotation": 180, "texture": "#11"},
				"down": {"uv": [1, 1, 15, 16], "rotation": 180, "texture": "#missing"}
			}
		},
		{
			"from": [1, 1, 1],
			"to": [15, 2, 16],
			"faces": {
				"north": {"uv": [0, 0, 14, 1], "texture": "#missing"},
				"east": {"uv": [0, 0, 15, 1], "texture": "#missing"},
				"south": {"uv": [1, 0, 15, 1], "texture": "#2"},
				"west": {"uv": [0, 0, 15, 1], "texture": "#missing"},
				"up": {"uv": [1, 1, 15, 15], "rotation": 180, "texture": "#2"},
				"down": {"uv": [0, 0, 14, 15], "rotation": 180, "texture": "#missing"}
			}
		},
		{
			"from": [1, 14, 1],
			"to": [15, 15, 16],
			"faces": {
				"north": {"uv": [0, 0, 14, 1], "texture": "#missing"},
				"east": {"uv": [0, 0, 15, 1], "texture": "#missing"},
				"south": {"uv": [1, 0, 15, 1], "texture": "#2"},
				"west": {"uv": [0, 0, 15, 1], "texture": "#missing"},
				"up": {"uv": [0, 0, 14, 15], "rotation": 180, "texture": "#missing"},
				"down": {"uv": [1, 1, 15, 15], "rotation": 180, "texture": "#2"}
			}
		},
		{
			"from": [2, 6, 10],
			"to": [11, 12, 11],
			"faces": {
				"north": {"uv": [0, 0, 9, 6], "texture": "#10"},
				"east": {"uv": [0, 0, 1, 6], "texture": "#10"},
				"south": {"uv": [0, 0, 16, 16], "texture": "#10"},
				"west": {"uv": [0, 0, 1, 6], "texture": "#10"},
				"up": {"uv": [0, 0, 9, 1], "rotation": 180, "texture": "#10"},
				"down": {"uv": [0, 0, 9, 1], "rotation": 180, "texture": "#10"}
			}
		},
		{
			"from": [12, 2, 1],
			"to": [15, 14, 14],
			"faces": {
				"north": {"uv": [0, 0, 3, 12], "texture": "#missing"},
				"east": {"uv": [0, 0, 8, 12], "texture": "#missing"},
				"south": {"uv": [6, 2, 10, 14], "texture": "#2"},
				"west": {"uv": [4, 2, 12, 14], "texture": "#2"},
				"up": {"uv": [0, 0, 3, 8], "rotation": 180, "texture": "#missing"},
				"down": {"uv": [0, 0, 3, 8], "rotation": 180, "texture": "#missing"}
			}
		},
		{
			"from": [3, 3.25, 10],
			"to": [10, 4.25, 10.1],
			"faces": {
				"north": {"uv": [0, 0, 7, 1], "texture": "#13"},
				"east": {"uv": [0, 0, 0.1, 1], "texture": "#13"},
				"south": {"uv": [0, 0, 7, 1], "texture": "#13"},
				"west": {"uv": [0, 0, 0.1, 1], "texture": "#13"},
				"up": {"uv": [0, 0, 7, 0.1], "rotation": 180, "texture": "#13"},
				"down": {"uv": [0, 0, 7, 0.1], "rotation": 180, "texture": "#13"}
			}
		},
		{
			"from": [4, 6.5, 11.1],
			"to": [9, 11.5, 11.1],
			"faces": {
				"north": {"uv": [0, 0, 16, 16], "texture": "#12"},
				"east": {"uv": [0, 0, 0, 5], "texture": "#12"},
				"south": {"uv": [0, 0, 16, 16], "texture": "#12"},
				"west": {"uv": [0, 0, 0, 5], "texture": "#12"},
				"up": {"uv": [0, 0, 7, 0], "rotation": 180, "texture": "#12"},
				"down": {"uv": [0, 0, 7, 0], "rotation": 180, "texture": "#12"}
			}
		},
		{
			"from": [12.5, 6.5, 14],
			"to": [14.5, 7, 14.2],
			"faces": {
				"north": {"uv": [0, 0, 16, 16], "texture": "#6"},
				"east": {"uv": [0, 0, 0, 5], "texture": "#6"},
				"south": {"uv": [0, 0, 16, 16], "texture": "#6"},
				"west": {"uv": [0, 0, 0, 5], "texture": "#6"},
				"up": {"uv": [0, 0, 7, 0], "rotation": 180, "texture": "#6"},
				"down": {"uv": [0, 0, 7, 0], "rotation": 180, "texture": "#6"}
			}
		},
		{
			"from": [12.5, 7.25, 14],
			"to": [14.5, 7.75, 14.2],
			"faces": {
				"north": {"uv": [0, 0, 16, 16], "texture": "#6"},
				"east": {"uv": [0, 0, 0, 5], "texture": "#6"},
				"south": {"uv": [0, 0, 16, 16], "texture": "#6"},
				"west": {"uv": [0, 0, 0, 5], "texture": "#6"},
				"up": {"uv": [0, 0, 7, 0], "rotation": 180, "texture": "#6"},
				"down": {"uv": [0, 0, 7, 0], "rotation": 180, "texture": "#6"}
			}
		},
		{
			"from": [12.5, 9.25, 14],
			"to": [14.75, 10.75, 14.2],
			"faces": {
				"north": {"uv": [0, 0, 16, 16], "texture": "#6"},
				"east": {"uv": [0, 0, 0, 5], "texture": "#6"},
				"south": {"uv": [0, 2.25, 16, 13.75], "texture": "#14"},
				"west": {"uv": [0, 0, 0, 5], "texture": "#6"},
				"up": {"uv": [0, 0, 7, 0], "rotation": 180, "texture": "#6"},
				"down": {"uv": [0, 0, 7, 0], "rotation": 180, "texture": "#6"}
			}
		},
		{
			"from": [3, 2, 11],
			"to": [4, 2.5, 12],
			"faces": {
				"north": {"uv": [0, 0, 1, 0.5], "texture": "#8"},
				"east": {"uv": [0, 0, 1, 0.5], "texture": "#8"},
				"south": {"uv": [0, 0, 1, 0.5], "texture": "#8"},
				"west": {"uv": [0, 0, 1, 0.5], "texture": "#8"},
				"up": {"uv": [0, 0, 1, 1], "rotation": 180, "texture": "#8"},
				"down": {"uv": [0, 0, 1, 1], "rotation": 180, "texture": "#8"}
			}
		},
		{
			"from": [5, 2, 11],
			"to": [6, 2.5, 12],
			"faces": {
				"north": {"uv": [0, 0, 1, 0.5], "texture": "#8"},
				"east": {"uv": [0, 0, 1, 0.5], "texture": "#8"},
				"south": {"uv": [0, 0, 1, 0.5], "texture": "#8"},
				"west": {"uv": [0, 0, 1, 0.5], "texture": "#8"},
				"up": {"uv": [0, 0, 1, 1], "rotation": 180, "texture": "#8"},
				"down": {"uv": [0, 0, 1, 1], "rotation": 180, "texture": "#8"}
			}
		},
		{
			"from": [7, 2, 11],
			"to": [8, 2.5, 12],
			"faces": {
				"north": {"uv": [0, 0, 1, 0.5], "texture": "#8"},
				"east": {"uv": [0, 0, 1, 0.5], "texture": "#8"},
				"south": {"uv": [0, 0, 1, 0.5], "texture": "#8"},
				"west": {"uv": [0, 0, 1, 0.5], "texture": "#8"},
				"up": {"uv": [0, 0, 1, 1], "rotation": 180, "texture": "#8"},
				"down": {"uv": [0, 0, 1, 1], "rotation": 180, "texture": "#8"}
			}
		},
		{
			"from": [9.25, 2, 11],
			"to": [10.25, 2.5, 13],
			"faces": {
				"north": {"uv": [0, 0, 1, 0.5], "texture": "#9"},
				"east": {"uv": [0, 0, 2, 0.5], "texture": "#9"},
				"south": {"uv": [0, 0, 1, 0.5], "texture": "#9"},
				"west": {"uv": [0, 0, 2, 0.5], "texture": "#9"},
				"up": {"uv": [0, 0, 1, 2], "rotation": 180, "texture": "#9"},
				"down": {"uv": [0, 0, 1, 2], "rotation": 180, "texture": "#9"}
			}
		},
		{
			"from": [9.25, 2, 13.5],
			"to": [10.25, 2.5, 15.5],
			"faces": {
				"north": {"uv": [0, 0, 1, 0.5], "texture": "#7"},
				"east": {"uv": [0, 0, 2, 0.5], "texture": "#7"},
				"south": {"uv": [0, 0, 1, 0.5], "texture": "#7"},
				"west": {"uv": [0, 0, 2, 0.5], "texture": "#7"},
				"up": {"uv": [0, 0, 1, 2], "rotation": 180, "texture": "#7"},
				"down": {"uv": [0, 0, 1, 2], "rotation": 180, "texture": "#7"}
			}
		},
		{
			"from": [3, 2, 12.5],
			"to": [4, 2.5, 13.5],
			"faces": {
				"north": {"uv": [0, 0, 1, 0.5], "texture": "#8"},
				"east": {"uv": [0, 0, 1, 0.5], "texture": "#8"},
				"south": {"uv": [0, 0, 1, 0.5], "texture": "#8"},
				"west": {"uv": [0, 0, 1, 0.5], "texture": "#8"},
				"up": {"uv": [0, 0, 1, 1], "rotation": 180, "texture": "#8"},
				"down": {"uv": [0, 0, 1, 1], "rotation": 180, "texture": "#8"}
			}
		},
		{
			"from": [5, 2, 12.5],
			"to": [6, 2.5, 13.5],
			"faces": {
				"north": {"uv": [0, 0, 1, 0.5], "texture": "#8"},
				"east": {"uv": [0, 0, 1, 0.5], "texture": "#8"},
				"south": {"uv": [0, 0, 1, 0.5], "texture": "#8"},
				"west": {"uv": [0, 0, 1, 0.5], "texture": "#8"},
				"up": {"uv": [0, 0, 1, 1], "rotation": 180, "texture": "#8"},
				"down": {"uv": [0, 0, 1, 1], "rotation": 180, "texture": "#8"}
			}
		},
		{
			"from": [3, 2, 14.25],
			"to": [4, 2.5, 15.25],
			"faces": {
				"north": {"uv": [0, 0, 1, 0.5], "texture": "#8"},
				"east": {"uv": [0, 0, 1, 0.5], "texture": "#8"},
				"south": {"uv": [0, 0, 1, 0.5], "texture": "#8"},
				"west": {"uv": [0, 0, 1, 0.5], "texture": "#8"},
				"up": {"uv": [0, 0, 1, 1], "rotation": 180, "texture": "#8"},
				"down": {"uv": [0, 0, 1, 1], "rotation": 180, "texture": "#8"}
			}
		},
		{
			"from": [7, 2, 14.25],
			"to": [8, 2.5, 15.25],
			"faces": {
				"north": {"uv": [0, 0, 1, 0.5], "texture": "#8"},
				"east": {"uv": [0, 0, 1, 0.5], "texture": "#8"},
				"south": {"uv": [0, 0, 1, 0.5], "texture": "#8"},
				"west": {"uv": [0, 0, 1, 0.5], "texture": "#8"},
				"up": {"uv": [0, 0, 1, 1], "rotation": 180, "texture": "#8"},
				"down": {"uv": [0, 0, 1, 1], "rotation": 180, "texture": "#8"}
			}
		},
		{
			"from": [7, 2, 12.5],
			"to": [8, 2.5, 13.5],
			"faces": {
				"north": {"uv": [0, 0, 1, 0.5], "texture": "#8"},
				"east": {"uv": [0, 0, 1, 0.5], "texture": "#8"},
				"south": {"uv": [0, 0, 1, 0.5], "texture": "#8"},
				"west": {"uv": [0, 0, 1, 0.5], "texture": "#8"},
				"up": {"uv": [0, 0, 1, 1], "rotation": 180, "texture": "#8"},
				"down": {"uv": [0, 0, 1, 1], "rotation": 180, "texture": "#8"}
			}
		},
		{
			"from": [5, 2, 14.25],
			"to": [6, 2.5, 15.25],
			"faces": {
				"north": {"uv": [0, 0, 1, 0.5], "texture": "#8"},
				"east": {"uv": [0, 0, 1, 0.5], "texture": "#8"},
				"south": {"uv": [0, 0, 1, 0.5], "texture": "#8"},
				"west": {"uv": [0, 0, 1, 0.5], "texture": "#8"},
				"up": {"uv": [0, 0, 1, 1], "rotation": 180, "texture": "#8"},
				"down": {"uv": [0, 0, 1, 1], "rotation": 180, "texture": "#8"}
			}
		}
	],
	"display": {
		"thirdperson_righthand": {
			"rotation": [75, -180, 0],
			"translation": [0, 2.25, 0],
			"scale": [0.3, 0.3, 0.3]
		},
		"thirdperson_lefthand": {
			"rotation": [75, -180, 0],
			"translation": [0, 2.75, 0],
			"scale": [0.3, 0.3, 0.3]
		},
		"firstperson_righthand": {
			"rotation": [0, 135, 0],
			"translation": [0, 1.5, 0.5],
			"scale": [0.4, 0.4, 0.4]
		},
		"firstperson_lefthand": {
			"rotation": [0, 135, 0],
			"translation": [0, 1.5, 0.5],
			"scale": [0.4, 0.4, 0.4]
		},
		"ground": {
			"scale": [0.5, 0.5, 0.5]
		},
		"gui": {
			"rotation": [30, -45, 0],
			"scale": [0.62, 0.62, 0.62]
		},
		"fixed": {
			"rotation": [0, -180, 0],
			"translation": [0, 0, -1],
			"scale": [0.5, 0.5, 0.5]
		}
	},
	"groups": [
		{
			"name": "bancomat",
			"origin": [8, 8, 8],
			"children": [0, 1, 2, 3, 4, 5, 6, 7, 8, 9, 10, 11, 12, 13, 14, 15, 16, 17, 18, 19, 20, 21, 22, 23, 24]
		}
	]
}
