{
	"credit": "Made with Blockbench",
	"ambientocclusion": false,
	"textures": {
		"1": "block/gray_wool",
		"2": "block/oak_planks",
		"particle": "block/blue_wool"
	},
	"elements": [
		{
			"from": [2, 0, 2],
			"to": [3, 6, 3],
			"faces": {
				"north": {"uv": [0, 0, 1, 6], "texture": "#2"},
				"east": {"uv": [0, 0, 1, 6], "texture": "#2"},
				"south": {"uv": [0, 0, 1, 6], "texture": "#2"},
				"west": {"uv": [0, 0, 1, 6], "texture": "#2"},
				"up": {"uv": [0, 0, 1, 1], "texture": "#missing"},
				"down": {"uv": [0, 0, 1, 1], "texture": "#2"}
			}
		},
		{
			"from": [13, 0, 13],
			"to": [14, 6, 14],
			"faces": {
				"north": {"uv": [0, 0, 1, 6], "texture": "#2"},
				"east": {"uv": [0, 0, 1, 6], "texture": "#2"},
				"south": {"uv": [0, 0, 1, 6], "texture": "#2"},
				"west": {"uv": [0, 0, 1, 6], "texture": "#2"},
				"up": {"uv": [0, 0, 1, 1], "texture": "#missing"},
				"down": {"uv": [0, 0, 1, 1], "texture": "#2"}
			}
		},
		{
			"from": [13, 0, 2],
			"to": [14, 6, 3],
			"faces": {
				"north": {"uv": [0, 0, 1, 6], "texture": "#2"},
				"east": {"uv": [0, 0, 1, 6], "texture": "#2"},
				"south": {"uv": [0, 0, 1, 6], "texture": "#2"},
				"west": {"uv": [0, 0, 1, 6], "texture": "#2"},
				"up": {"uv": [0, 0, 1, 1], "texture": "#missing"},
				"down": {"uv": [0, 0, 1, 1], "texture": "#2"}
			}
		},
		{
			"from": [2, 0, 13],
			"to": [3, 6, 14],
			"faces": {
				"north": {"uv": [0, 0, 1, 6], "texture": "#2"},
				"east": {"uv": [0, 0, 1, 6], "texture": "#2"},
				"south": {"uv": [0, 0, 1, 6], "texture": "#2"},
				"west": {"uv": [0, 0, 1, 6], "texture": "#2"},
				"up": {"uv": [0, 0, 1, 1], "texture": "#missing"},
				"down": {"uv": [0, 0, 1, 1], "texture": "#2"}
			}
		},
		{
			"from": [2, 6, 2],
			"to": [14, 7, 14],
			"faces": {
				"north": {"uv": [0, 0, 12, 1], "texture": "#1"},
				"east": {"uv": [0, 0, 12, 1], "texture": "#1"},
				"south": {"uv": [0, 0, 12, 1], "texture": "#1"},
				"west": {"uv": [0, 0, 12, 1], "texture": "#1"},
				"up": {"uv": [0, 0, 12, 12], "texture": "#1"},
				"down": {"uv": [0, 0, 12, 12], "texture": "#2"}
			}
		},
		{
			"from": [13, 7, 2],
			"to": [14, 16, 14],
			"faces": {
				"north": {"uv": [0, 0, 1, 9], "texture": "#1"},
				"east": {"uv": [0, 0, 12, 9], "texture": "#1"},
				"south": {"uv": [0, 0, 1, 9], "texture": "#1"},
				"west": {"uv": [0, 0, 12, 9], "texture": "#1"},
				"up": {"uv": [0, 0, 12, 1], "rotation": 90, "texture": "#1"},
				"down": {"uv": [0, 0, 12, 1], "rotation": 270, "texture": "#missing"}
			}
		},
		{
			"from": [4, 9, 2],
			"to": [13, 10, 3],
			"faces": {
				"north": {"uv": [0, 0, 9, 1], "texture": "#2"},
				"east": {"uv": [0, 0, 1, 1], "texture": "#missing"},
				"south": {"uv": [0, 0, 9, 1], "texture": "#2"},
				"west": {"uv": [0, 0, 1, 1], "texture": "#2"},
				"up": {"uv": [0, 0, 1, 9], "rotation": 90, "texture": "#2"},
				"down": {"uv": [0, 0, 1, 9], "rotation": 270, "texture": "#2"}
			}
		},
		{
			"from": [4, 9, 13],
			"to": [13, 10, 14],
			"faces": {
				"north": {"uv": [0, 0, 9, 1], "texture": "#2"},
				"east": {"uv": [0, 0, 1, 1], "texture": "#missing"},
				"south": {"uv": [0, 0, 9, 1], "texture": "#2"},
				"west": {"uv": [0, 0, 1, 1], "texture": "#2"},
				"up": {"uv": [0, 0, 1, 9], "rotation": 90, "texture": "#2"},
				"down": {"uv": [0, 0, 1, 9], "rotation": 270, "texture": "#2"}
			}
		},
		{
			"from": [4, 7, 2],
			"to": [5, 9, 3],
			"faces": {
				"north": {"uv": [0, 0, 1, 2], "texture": "#2"},
				"east": {"uv": [0, 0, 1, 2], "texture": "#2"},
				"south": {"uv": [0, 0, 1, 2], "texture": "#2"},
				"west": {"uv": [0, 0, 1, 2], "texture": "#2"},
				"up": {"uv": [0, 0, 1, 1], "rotation": 90, "texture": "#missing"},
				"down": {"uv": [0, 0, 1, 1], "rotation": 270, "texture": "#missing"}
			}
		},
		{
			"from": [4, 7, 13],
			"to": [5, 9, 14],
			"faces": {
				"north": {"uv": [0, 0, 1, 2], "texture": "#2"},
				"east": {"uv": [0, 0, 1, 2], "texture": "#2"},
				"south": {"uv": [0, 0, 1, 2], "texture": "#2"},
				"west": {"uv": [0, 0, 1, 2], "texture": "#2"},
				"up": {"uv": [0, 0, 1, 1], "rotation": 90, "texture": "#missing"},
				"down": {"uv": [0, 0, 1, 1], "rotation": 270, "texture": "#missing"}
			}
		},
		{
			"from": [0, 0, 0],
			"to": [16, 0, 16],
			"faces": {
				"north": {"uv": [0, 0, 16, 0], "texture": "#1"},
				"east": {"uv": [0, 0, 16, 0], "texture": "#1"},
				"south": {"uv": [0, 0, 16, 0], "texture": "#1"},
				"west": {"uv": [0, 0, 16, 0], "texture": "#1"},
				"up": {"uv": [0, 0, 16, 16], "texture": "#1"},
				"down": {"uv": [0, 0, 16, 16], "texture": "#1"}
			}
		},
		{
			"from": [0, 0, 0],
			"to": [1, 1, 16],
			"faces": {
				"north": {"uv": [0, 0, 1, 1], "texture": "#1"},
				"east": {"uv": [0, 0, 16, 1], "texture": "#1"},
				"south": {"uv": [0, 0, 1, 1], "texture": "#1"},
				"west": {"uv": [0, 0, 16, 1], "texture": "#1"},
				"up": {"uv": [0, 0, 1, 16], "texture": "#1"},
				"down": {"uv": [0, 0, 1, 16], "texture": "#1"}
			}
		},
		{
			"from": [0, 0, 15],
			"to": [16, 1, 16],
			"faces": {
				"north": {"uv": [0, 0, 16, 1], "texture": "#1"},
				"east": {"uv": [0, 0, 1, 1], "texture": "#1"},
				"south": {"uv": [0, 0, 16, 1], "texture": "#1"},
				"west": {"uv": [0, 0, 1, 1], "texture": "#1"},
				"up": {"uv": [0, 0, 16, 1], "texture": "#1"},
				"down": {"uv": [0, 0, 16, 1], "texture": "#1"}
			}
		},
		{
			"from": [15, 0, 1],
			"to": [16, 1, 15],
			"faces": {
				"north": {"uv": [0, 0, 1, 1], "texture": "#1"},
				"east": {"uv": [0, 0, 14, 1], "texture": "#1"},
				"south": {"uv": [0, 0, 1, 1], "texture": "#1"},
				"west": {"uv": [0, 0, 14, 1], "texture": "#1"},
				"up": {"uv": [0, 0, 1, 14], "texture": "#1"},
				"down": {"uv": [0, 0, 1, 14], "texture": "#1"}
			}
		},
		{
			"from": [1, 0, 0],
			"to": [16, 1, 1],
			"faces": {
				"north": {"uv": [0, 0, 15, 1], "texture": "#1"},
				"east": {"uv": [0, 0, 1, 1], "texture": "#1"},
				"south": {"uv": [0, 0, 15, 1], "texture": "#1"},
				"west": {"uv": [0, 0, 1, 1], "texture": "#1"},
				"up": {"uv": [0, 0, 15, 1], "texture": "#1"},
				"down": {"uv": [0, 0, 15, 1], "texture": "#1"}
			}
		}
	],
	"display": {
		"thirdperson_righthand": {
			"rotation": [98.31, -85.89, 95.15],
			"scale": [0.15234, 0.20703, 0.16016]
		},
		"thirdperson_lefthand": {
			"rotation": [56.9, 88.73, -48.81],
			"scale": [0.19922, 0.21484, 0.1875]
		},
		"firstperson_righthand": {
			"rotation": [0, 87.5, 0],
			"scale": [0.09375, 0.3125, 0.35352]
		},
		"firstperson_lefthand": {
			"rotation": [-180, -86.5, 180],
			"scale": [0.16992, 0.25977, 0.33984]
		},
		"ground": {
			"scale": [0.36328, 0.39063, 0.39063]
		},
		"gui": {
			"rotation": [0, 33.75, 0],
			"scale": [0.39844, 0.65625, 1]
		},
		"fixed": {
			"rotation": [1, -90, 0],
			"translation": [0, 0, -3.5],
			"scale": [0.44531, 0.58789, 0.58203]
		}
	}
}