{
	"credit": "Stolen From Vaipah",
	"textures": {
		"1": "block/anvil",
		"2": "block/white_concrete",
		"3": "block/brown_concrete",
		"4": "block/blue_stained_glass",
		"5": "block/quartz_block_side",
		"6": "block/red_concrete",
		"7": "block/blue_concrete",
		"8": "block/light_gray_concrete",
		"9": "cars/ambu",
		"10": "cars/ambulanza",
		"11": "block/orange_concrete",
		"particle": "block/anvil",
		"kolo": "cars/tire"
	},
	"elements": [
		{
			"from": [3.5, 6.5, -3.5],
			"to": [4.5, 7.25, -1.5],
			"faces": {
				"north": {"uv": [12, 0, 16, 4], "texture": "#1"},
				"east": {"uv": [12, 0, 16, 4], "texture": "#1"},
				"south": {"uv": [12, 0, 16, 4], "texture": "#1"},
				"west": {"uv": [12, 0, 16, 4], "texture": "#1"},
				"up": {"uv": [12, 0, 16, 4], "texture": "#1"},
				"down": {"uv": [12, 0, 16, 4], "texture": "#1"}
			}
		},
		{
			"from": [2.75, 8.25, -1.5],
			"to": [3, 8.5, -1],
			"faces": {
				"north": {"uv": [12, 0, 16, 4], "texture": "#1"},
				"east": {"uv": [12, 0, 16, 4], "texture": "#1"},
				"south": {"uv": [12, 0, 16, 4], "texture": "#1"},
				"west": {"uv": [12, 0, 16, 4], "texture": "#1"},
				"up": {"uv": [12, 0, 16, 4], "texture": "#1"},
				"down": {"uv": [12, 0, 16, 4], "texture": "#1"}
			}
		},
		{
			"from": [2.5, 6.25, -1.5],
			"to": [2.75, 8.25, -1],
			"faces": {
				"north": {"uv": [12, 0, 16, 4], "texture": "#1"},
				"east": {"uv": [12, 0, 16, 4], "texture": "#1"},
				"south": {"uv": [12, 0, 16, 4], "texture": "#1"},
				"west": {"uv": [12, 0, 16, 4], "texture": "#1"},
				"up": {"uv": [12, 0, 16, 4], "texture": "#1"},
				"down": {"uv": [12, 0, 16, 4], "texture": "#1"}
			}
		},
		{
			"from": [3, 6.5, -1.5],
			"to": [5, 8, -1],
			"faces": {
				"north": {"uv": [12, 0, 16, 4], "texture": "#1"},
				"east": {"uv": [12, 0, 16, 4], "texture": "#1"},
				"south": {"uv": [12, 0, 16, 4], "texture": "#1"},
				"west": {"uv": [12, 0, 16, 4], "texture": "#1"},
				"up": {"uv": [12, 0, 16, 4], "texture": "#1"},
				"down": {"uv": [12, 0, 16, 4], "texture": "#1"}
			}
		},
		{
			"from": [3, 5.75, -1.5],
			"to": [5, 6, -1],
			"faces": {
				"north": {"uv": [12, 0, 16, 4], "texture": "#1"},
				"east": {"uv": [12, 0, 16, 4], "texture": "#1"},
				"south": {"uv": [12, 0, 16, 4], "texture": "#1"},
				"west": {"uv": [12, 0, 16, 4], "texture": "#1"},
				"up": {"uv": [12, 0, 16, 4], "texture": "#1"},
				"down": {"uv": [12, 0, 16, 4], "texture": "#1"}
			}
		},
		{
			"from": [2.75, 6, -1.5],
			"to": [3, 6.25, -1],
			"faces": {
				"north": {"uv": [12, 0, 16, 4], "texture": "#1"},
				"east": {"uv": [12, 0, 16, 4], "texture": "#1"},
				"south": {"uv": [12, 0, 16, 4], "texture": "#1"},
				"west": {"uv": [12, 0, 16, 4], "texture": "#1"},
				"up": {"uv": [12, 0, 16, 4], "texture": "#1"},
				"down": {"uv": [12, 0, 16, 4], "texture": "#1"}
			}
		},
		{
			"from": [5, 6, -1.5],
			"to": [5.25, 6.25, -1],
			"faces": {
				"north": {"uv": [12, 0, 16, 4], "texture": "#1"},
				"east": {"uv": [12, 0, 16, 4], "texture": "#1"},
				"south": {"uv": [12, 0, 16, 4], "texture": "#1"},
				"west": {"uv": [12, 0, 16, 4], "texture": "#1"},
				"up": {"uv": [12, 0, 16, 4], "texture": "#1"},
				"down": {"uv": [12, 0, 16, 4], "texture": "#1"}
			}
		},
		{
			"from": [5.25, 6.25, -1.5],
			"to": [5.5, 8.25, -1],
			"faces": {
				"north": {"uv": [12, 0, 16, 4], "texture": "#1"},
				"east": {"uv": [12, 0, 16, 4], "texture": "#1"},
				"south": {"uv": [12, 0, 16, 4], "texture": "#1"},
				"west": {"uv": [12, 0, 16, 4], "texture": "#1"},
				"up": {"uv": [12, 0, 16, 4], "texture": "#1"},
				"down": {"uv": [12, 0, 16, 4], "texture": "#1"}
			}
		},
		{
			"from": [5, 8.25, -1.5],
			"to": [5.25, 8.5, -1],
			"faces": {
				"north": {"uv": [12, 0, 16, 4], "texture": "#1"},
				"east": {"uv": [12, 0, 16, 4], "texture": "#1"},
				"south": {"uv": [12, 0, 16, 4], "texture": "#1"},
				"west": {"uv": [12, 0, 16, 4], "texture": "#1"},
				"up": {"uv": [12, 0, 16, 4], "texture": "#1"},
				"down": {"uv": [12, 0, 16, 4], "texture": "#1"}
			}
		},
		{
			"from": [3, 8.5, -1.5],
			"to": [5, 8.75, -1],
			"faces": {
				"north": {"uv": [12, 0, 16, 4], "texture": "#1"},
				"east": {"uv": [12, 0, 16, 4], "texture": "#1"},
				"south": {"uv": [12, 0, 16, 4], "texture": "#1"},
				"west": {"uv": [12, 0, 16, 4], "texture": "#1"},
				"up": {"uv": [12, 0, 16, 4], "texture": "#1"},
				"down": {"uv": [12, 0, 16, 4], "texture": "#1"}
			}
		},
		{
			"from": [1.75, 1, 0],
			"to": [7.75, 4, 6],
			"faces": {
				"north": {"uv": [0, 4, 4, 8], "texture": "#3"},
				"east": {"uv": [0, 4, 4, 8], "texture": "#3"},
				"south": {"uv": [0, 4, 4, 8], "texture": "#3"},
				"west": {"uv": [0, 4, 4, 8], "texture": "#3"},
				"up": {"uv": [0, 4, 4, 8], "texture": "#3"},
				"down": {"uv": [0, 4, 4, 8], "texture": "#3"}
			}
		},
		{
			"from": [1.75, 1, 11],
			"to": [4.75, 4, 19],
			"faces": {
				"north": {"uv": [0, 4, 4, 8], "texture": "#3"},
				"east": {"uv": [0, 4, 4, 8], "texture": "#3"},
				"south": {"uv": [0, 4, 4, 8], "texture": "#3"},
				"west": {"uv": [0, 4, 4, 8], "texture": "#3"},
				"up": {"uv": [0, 4, 4, 8], "texture": "#3"},
				"down": {"uv": [0, 4, 4, 8], "texture": "#3"}
			}
		},
		{
			"from": [11.75, 1, 11],
			"to": [14.75, 4, 19],
			"faces": {
				"north": {"uv": [0, 4, 4, 8], "texture": "#3"},
				"east": {"uv": [0, 4, 4, 8], "texture": "#3"},
				"south": {"uv": [0, 4, 4, 8], "texture": "#3"},
				"west": {"uv": [0, 4, 4, 8], "texture": "#3"},
				"up": {"uv": [0, 4, 4, 8], "texture": "#3"},
				"down": {"uv": [0, 4, 4, 8], "texture": "#3"}
			}
		},
		{
			"from": [1.75, 1, 6],
			"to": [7.75, 11, 7],
			"faces": {
				"north": {"uv": [0, 4, 4, 8], "texture": "#3"},
				"east": {"uv": [0, 4, 4, 8], "texture": "#3"},
				"south": {"uv": [0, 4, 4, 8], "texture": "#3"},
				"west": {"uv": [0, 4, 4, 8], "texture": "#3"},
				"up": {"uv": [0, 4, 4, 8], "texture": "#3"},
				"down": {"uv": [0, 4, 4, 8], "texture": "#3"}
			}
		},
		{
			"from": [8.5, 1, 0],
			"to": [14.5, 4, 6],
			"faces": {
				"north": {"uv": [0, 4, 4, 8], "texture": "#3"},
				"east": {"uv": [0, 4, 4, 8], "texture": "#3"},
				"south": {"uv": [0, 4, 4, 8], "texture": "#3"},
				"west": {"uv": [0, 4, 4, 8], "texture": "#3"},
				"up": {"uv": [0, 4, 4, 8], "texture": "#3"},
				"down": {"uv": [0, 4, 4, 8], "texture": "#3"}
			}
		},
		{
			"from": [8.5, 1, 6],
			"to": [14.5, 11, 7],
			"faces": {
				"north": {"uv": [0, 4, 4, 8], "texture": "#3"},
				"east": {"uv": [0, 4, 4, 8], "texture": "#3"},
				"south": {"uv": [0, 4, 4, 8], "texture": "#3"},
				"west": {"uv": [0, 4, 4, 8], "texture": "#3"},
				"up": {"uv": [0, 4, 4, 8], "texture": "#3"},
				"down": {"uv": [0, 4, 4, 8], "texture": "#3"}
			}
		},
		{
			"from": [0, 1.75, -9.56],
			"to": [16, 9.75, -3],
			"rotation": {"angle": 0, "axis": "y", "origin": [8, 8, 7.44]},
			"faces": {
				"north": {"uv": [9, 14, 10, 15], "texture": "#2"},
				"east": {"uv": [9, 14, 10, 15], "texture": "#2"},
				"south": {"uv": [9, 14, 10, 15], "texture": "#2"},
				"west": {"uv": [9, 14, 10, 15], "texture": "#2"},
				"up": {"uv": [9, 14, 10, 15], "texture": "#2"},
				"down": {"uv": [9, 14, 10, 15], "texture": "#2"}
			}
		},
		{
			"from": [0, 1.76508, -10.04492],
			"to": [16, 7.26508, -9.54492],
			"rotation": {"angle": 0, "axis": "y", "origin": [8, 8.01508, 6.95508]},
			"faces": {
				"north": {"uv": [9, 14, 10, 15], "texture": "#8"},
				"east": {"uv": [9, 14, 10, 15], "texture": "#2"},
				"south": {"uv": [9, 14, 10, 15], "texture": "#2"},
				"west": {"uv": [9, 14, 10, 15], "texture": "#2"},
				"up": {"uv": [9, 14, 10, 15], "texture": "#2"},
				"down": {"uv": [9, 14, 10, 15], "texture": "#2"}
			}
		},
		{
			"from": [0, 5.76508, -11.04492],
			"to": [16, 7.26508, -9.54492],
			"rotation": {"angle": 0, "axis": "y", "origin": [8, 8.01508, 6.95508]},
			"faces": {
				"north": {"uv": [9, 14, 10, 15], "texture": "#2"},
				"east": {"uv": [9, 14, 10, 15], "texture": "#2"},
				"south": {"uv": [9, 14, 10, 15], "texture": "#2"},
				"west": {"uv": [9, 14, 10, 15], "texture": "#2"},
				"up": {"uv": [9, 14, 10, 15], "texture": "#2"},
				"down": {"uv": [9, 14, 10, 15], "texture": "#2"}
			}
		},
		{
			"from": [13, 2.76508, -11.04492],
			"to": [16, 5.26508, -9.54492],
			"rotation": {"angle": 0, "axis": "y", "origin": [8, 8.01508, 6.95508]},
			"faces": {
				"north": {"uv": [9, 14, 10, 15], "texture": "#2"},
				"east": {"uv": [9, 14, 10, 15], "texture": "#2"},
				"south": {"uv": [9, 14, 10, 15], "texture": "#2"},
				"west": {"uv": [9, 14, 10, 15], "texture": "#2"},
				"up": {"uv": [9, 14, 10, 15], "texture": "#2"},
				"down": {"uv": [9, 14, 10, 15], "texture": "#2"}
			}
		},
		{
			"from": [0, 2.76508, -11.04492],
			"to": [3, 5.26508, -9.54492],
			"rotation": {"angle": 0, "axis": "y", "origin": [8, 8.01508, 6.95508]},
			"faces": {
				"north": {"uv": [9, 14, 10, 15], "texture": "#2"},
				"east": {"uv": [9, 14, 10, 15], "texture": "#2"},
				"south": {"uv": [9, 14, 10, 15], "texture": "#2"},
				"west": {"uv": [9, 14, 10, 15], "texture": "#2"},
				"up": {"uv": [9, 14, 10, 15], "texture": "#2"},
				"down": {"uv": [9, 14, 10, 15], "texture": "#2"}
			}
		},
		{
			"from": [0, 1.76508, -11.04492],
			"to": [16, 3.26508, -9.54492],
			"rotation": {"angle": 0, "axis": "y", "origin": [8, 8.01508, 6.95508]},
			"faces": {
				"north": {"uv": [9, 14, 10, 15], "texture": "#2"},
				"east": {"uv": [9, 14, 10, 15], "texture": "#2"},
				"south": {"uv": [9, 14, 10, 15], "texture": "#2"},
				"west": {"uv": [9, 14, 10, 15], "texture": "#2"},
				"up": {"uv": [9, 14, 10, 15], "texture": "#8"},
				"down": {"uv": [9, 14, 10, 15], "texture": "#2"}
			}
		},
		{
			"from": [2, 4.25, -10.5],
			"to": [13, 4.75, -9.5],
			"rotation": {"angle": 0, "axis": "y", "origin": [8, 8.01508, 6.95508]},
			"faces": {
				"north": {"uv": [9, 14, 10, 15], "texture": "#1"},
				"east": {"uv": [9, 14, 10, 15], "texture": "#1"},
				"south": {"uv": [9, 14, 10, 15], "texture": "#1"},
				"west": {"uv": [9, 14, 10, 15], "texture": "#1"},
				"up": {"uv": [9, 14, 10, 15], "texture": "#1"},
				"down": {"uv": [9, 14, 10, 15], "texture": "#1"}
			}
		},
		{
			"from": [2, 3.5, -10.5],
			"to": [13, 4, -9.5],
			"rotation": {"angle": 0, "axis": "y", "origin": [8, 8.01508, 6.95508]},
			"faces": {
				"north": {"uv": [9, 14, 10, 15], "texture": "#1"},
				"east": {"uv": [9, 14, 10, 15], "texture": "#1"},
				"south": {"uv": [9, 14, 10, 15], "texture": "#1"},
				"west": {"uv": [9, 14, 10, 15], "texture": "#1"},
				"up": {"uv": [9, 14, 10, 15], "texture": "#1"},
				"down": {"uv": [9, 14, 10, 15], "texture": "#1"}
			}
		},
		{
			"from": [2, 5, -10.5],
			"to": [13, 5.5, -9.5],
			"rotation": {"angle": 0, "axis": "y", "origin": [8, 8.01508, 6.95508]},
			"faces": {
				"north": {"uv": [9, 14, 10, 15], "texture": "#1"},
				"east": {"uv": [9, 14, 10, 15], "texture": "#1"},
				"south": {"uv": [9, 14, 10, 15], "texture": "#1"},
				"west": {"uv": [9, 14, 10, 15], "texture": "#1"},
				"up": {"uv": [9, 14, 10, 15], "texture": "#1"},
				"down": {"uv": [9, 14, 10, 15], "texture": "#1"}
			}
		},
		{
			"from": [0, 8.12911, -9.8586],
			"to": [16, 10.12911, -8.8586],
			"rotation": {"angle": 0, "axis": "y", "origin": [8, 7.37911, 6.1414]},
			"faces": {
				"north": {"uv": [9, 14, 10, 15], "texture": "#2"},
				"east": {"uv": [9, 14, 10, 15], "texture": "#2"},
				"south": {"uv": [9, 14, 10, 15], "texture": "#2"},
				"west": {"uv": [9, 14, 10, 15], "texture": "#2"},
				"up": {"uv": [9, 14, 10, 15], "texture": "#2"},
				"down": {"uv": [9, 14, 10, 15], "texture": "#2"}
			}
		},
		{
			"from": [0, 17.75, -1],
			"to": [16, 18.75, 8],
			"rotation": {"angle": 0, "axis": "y", "origin": [8, 9, 8]},
			"faces": {
				"north": {"uv": [9, 14, 10, 15], "texture": "#2"},
				"east": {"uv": [9, 14, 10, 15], "texture": "#2"},
				"south": {"uv": [9, 14, 10, 15], "texture": "#2"},
				"west": {"uv": [9, 14, 10, 15], "texture": "#2"},
				"up": {"uv": [9, 14, 10, 15], "texture": "#2"},
				"down": {"uv": [9, 14, 10, 15], "texture": "#2"}
			}
		},
		{
			"from": [1, 29.96043, 1.18754],
			"to": [15, 30.96043, 3.28754],
			"rotation": {"angle": -45, "axis": "x", "origin": [8, 19.67969, 15.88306]},
			"faces": {
				"north": {"uv": [9, 14, 10, 15], "texture": "#2"},
				"east": {"uv": [9, 14, 10, 15], "texture": "#2"},
				"south": {"uv": [9, 14, 10, 15], "texture": "#2"},
				"west": {"uv": [9, 14, 10, 15], "texture": "#2"},
				"up": {"uv": [9, 14, 10, 15], "texture": "#2"},
				"down": {"uv": [9, 14, 10, 15], "texture": "#2"}
			}
		},
		{
			"from": [15, 29.67759, -9.0953],
			"to": [16, 30.67759, 3.4047],
			"rotation": {"angle": -45, "axis": "x", "origin": [8, 19.39685, 15.60022]},
			"faces": {
				"north": {"uv": [9, 14, 10, 15], "texture": "#2"},
				"east": {"uv": [9, 14, 10, 15], "texture": "#2"},
				"south": {"uv": [9, 14, 10, 15], "texture": "#2"},
				"west": {"uv": [9, 14, 10, 15], "texture": "#2"},
				"up": {"uv": [9, 14, 10, 15], "texture": "#2"},
				"down": {"uv": [9, 14, 10, 15], "texture": "#2"}
			}
		},
		{
			"from": [0, -0.44146, -4.76247],
			"to": [16, 2.65854, -2.76247],
			"rotation": {"angle": 22.5, "axis": "x", "origin": [8, 19.20381, 11.46801]},
			"faces": {
				"north": {"uv": [0, 0, 15.986, 2.92], "rotation": 180, "texture": "#2"},
				"east": {"uv": [9, 14, 10, 15], "rotation": 90, "texture": "#2"},
				"south": {"uv": [0, 0, 1, 1], "texture": "#2"},
				"west": {"uv": [4.8, 4, 5.8, 5], "rotation": 270, "texture": "#2"},
				"up": {"uv": [9, 14, 10, 15], "texture": "#2"},
				"down": {"uv": [9, 14, 10, 15], "rotation": 180, "texture": "#2"}
			}
		},
		{
			"from": [0, 0.3239, -4.62],
			"to": [16, 3.4239, -4.62],
			"rotation": {"angle": 22.5, "axis": "x", "origin": [8, 19.96917, 9.62025]},
			"faces": {
				"north": {"uv": [0, 0, 16, 3], "rotation": 180, "texture": "#9"},
				"east": {"uv": [9, 14, 10, 15], "rotation": 90, "texture": "#2"},
				"south": {"uv": [0, 0, 0.307, 0.627], "texture": "#9"},
				"west": {"uv": [9, 14, 10, 15], "rotation": 270, "texture": "#2"},
				"up": {"uv": [9, 14, 10, 15], "texture": "#2"},
				"down": {"uv": [9, 14, 10, 15], "rotation": 180, "texture": "#2"}
			}
		},
		{
			"from": [0, 29.67759, -9.0953],
			"to": [1, 30.67759, 3.4047],
			"rotation": {"angle": -45, "axis": "x", "origin": [8, 19.39685, 15.60022]},
			"faces": {
				"north": {"uv": [9, 14, 10, 15], "texture": "#2"},
				"east": {"uv": [9, 14, 10, 15], "texture": "#2"},
				"south": {"uv": [9, 14, 10, 15], "texture": "#2"},
				"west": {"uv": [9, 14, 10, 15], "texture": "#2"},
				"up": {"uv": [9, 14, 10, 15], "texture": "#2"},
				"down": {"uv": [9, 14, 10, 15], "texture": "#2"}
			}
		},
		{
			"from": [0, 17.75, 8],
			"to": [16, 18.75, 22],
			"faces": {
				"north": {"uv": [9, 14, 10, 15], "texture": "#2"},
				"east": {"uv": [9, 14, 10, 15], "texture": "#2"},
				"south": {"uv": [9, 14, 10, 15], "texture": "#2"},
				"west": {"uv": [9, 14, 10, 15], "texture": "#2"},
				"up": {"uv": [9, 14, 10, 15], "texture": "#2"},
				"down": {"uv": [9, 14, 10, 15], "texture": "#2"}
			}
		},
		{
			"from": [0, 16.75, -2],
			"to": [16, 17.75, 23],
			"faces": {
				"north": {"uv": [9, 14, 10, 15], "texture": "#2"},
				"east": {"uv": [9, 14, 10, 15], "texture": "#2"},
				"south": {"uv": [9, 14, 10, 15], "texture": "#2"},
				"west": {"uv": [9, 14, 10, 15], "texture": "#2"},
				"up": {"uv": [9, 14, 10, 15], "texture": "#2"},
				"down": {"uv": [9, 14, 10, 15], "texture": "#2"}
			}
		},
		{
			"from": [0, 1.75, 8],
			"to": [16, 8.75, 9],
			"faces": {
				"north": {"uv": [9, 14, 10, 15], "texture": "#2"},
				"east": {"uv": [9, 14, 10, 15], "texture": "#2"},
				"south": {"uv": [9, 14, 10, 15], "texture": "#2"},
				"west": {"uv": [9, 14, 10, 15], "texture": "#2"},
				"up": {"uv": [9, 14, 10, 15], "texture": "#2"},
				"down": {"uv": [9, 14, 10, 15], "texture": "#2"}
			}
		},
		{
			"from": [0, 1.75, 9],
			"to": [1, 8.75, 23],
			"faces": {
				"north": {"uv": [9, 14, 10, 15], "texture": "#2"},
				"east": {"uv": [9, 14, 10, 15], "texture": "#2"},
				"south": {"uv": [9, 14, 10, 15], "texture": "#2"},
				"west": {"uv": [9, 14, 10, 15], "texture": "#2"},
				"up": {"uv": [9, 14, 10, 15], "texture": "#2"},
				"down": {"uv": [9, 14, 10, 15], "texture": "#2"}
			}
		},
		{
			"from": [-0.01, 4.75, -11.1],
			"to": [-0.01, 6.75, 23.91],
			"faces": {
				"north": {"uv": [9, 14, 10, 15], "texture": "#6"},
				"east": {"uv": [9, 14, 10, 15], "texture": "#6"},
				"south": {"uv": [9, 14, 10, 15], "texture": "#6"},
				"west": {"uv": [9, 14, 10, 15], "texture": "#6"},
				"up": {"uv": [9, 14, 10, 15], "texture": "#6"},
				"down": {"uv": [9, 14, 10, 15], "texture": "#6"}
			}
		},
		{
			"from": [-0.01, 9.75, 17.9],
			"to": [-0.01, 14.75, 22.91],
			"faces": {
				"north": {"uv": [9, 14, 10, 15], "texture": "#5"},
				"east": {"uv": [0, 0, 1, 1], "texture": "#10"},
				"south": {"uv": [9, 14, 10, 15], "texture": "#2"},
				"west": {"uv": [0, 0, 16, 16], "texture": "#10"},
				"up": {"uv": [9, 14, 10, 15], "texture": "#2"},
				"down": {"uv": [9, 14, 10, 15], "texture": "#2"}
			}
		},
		{
			"from": [15, 1.75, 9],
			"to": [16, 8.75, 23],
			"faces": {
				"north": {"uv": [9, 14, 10, 15], "texture": "#2"},
				"east": {"uv": [9, 14, 10, 15], "texture": "#2"},
				"south": {"uv": [9, 14, 10, 15], "texture": "#2"},
				"west": {"uv": [9, 14, 10, 15], "texture": "#2"},
				"up": {"uv": [9, 14, 10, 15], "texture": "#2"},
				"down": {"uv": [9, 14, 10, 15], "texture": "#2"}
			}
		},
		{
			"from": [16.01, 4.75, -11.1],
			"to": [16.01, 6.75, 24],
			"faces": {
				"north": {"uv": [9, 14, 10, 15], "texture": "#6"},
				"east": {"uv": [9, 14, 10, 15], "texture": "#6"},
				"south": {"uv": [9, 14, 10, 15], "texture": "#6"},
				"west": {"uv": [9, 14, 10, 15], "texture": "#6"},
				"up": {"uv": [9, 14, 10, 15], "texture": "#6"},
				"down": {"uv": [9, 14, 10, 15], "texture": "#6"}
			}
		},
		{
			"from": [16.01, 9.75, 17.9],
			"to": [16.01, 14.75, 23],
			"faces": {
				"north": {"uv": [9, 14, 10, 15], "texture": "#2"},
				"east": {"uv": [0, 0, 16, 16], "texture": "#10"},
				"south": {"uv": [9, 14, 10, 15], "texture": "#2"},
				"west": {"uv": [0, 0, 16, 16], "texture": "#10"},
				"up": {"uv": [9, 14, 10, 15], "texture": "#2"},
				"down": {"uv": [9, 14, 10, 15], "texture": "#2"}
			}
		},
		{
			"from": [14, 4.75, -11.05],
			"to": [16, 6.75, -10.05],
			"faces": {
				"north": {"uv": [9, 14, 10, 15], "texture": "#6"},
				"east": {"uv": [9, 14, 10, 15], "texture": "#6"},
				"south": {"uv": [9, 14, 10, 15], "texture": "#6"},
				"west": {"uv": [9, 14, 10, 15], "texture": "#6"},
				"up": {"uv": [9, 14, 10, 15], "rotation": 270, "texture": "#6"},
				"down": {"uv": [9, 14, 10, 15], "rotation": 90, "texture": "#6"}
			}
		},
		{
			"from": [3.46447, 1.21447, -11.051],
			"to": [12.46447, 3.21447, -10.051],
			"rotation": {"angle": 0, "axis": "y", "origin": [9.46447, 4.46447, 7.999]},
			"faces": {
				"north": {"uv": [9, 14, 10, 15], "texture": "#6"},
				"east": {"uv": [9, 14, 10, 15], "texture": "#6"},
				"south": {"uv": [9, 14, 10, 15], "texture": "#6"},
				"west": {"uv": [9, 14, 10, 15], "texture": "#6"},
				"up": {"uv": [9, 14, 10, 15], "rotation": 270, "texture": "#5"},
				"down": {"uv": [9, 14, 10, 15], "rotation": 90, "texture": "#6"}
			}
		},
		{
			"from": [0, 4.75, -11.05],
			"to": [2, 6.75, -11.05],
			"faces": {
				"north": {"uv": [9, 14, 10, 15], "texture": "#6"},
				"east": {"uv": [9, 14, 10, 15], "texture": "#6"},
				"south": {"uv": [9, 14, 10, 15], "texture": "#6"},
				"west": {"uv": [9, 14, 10, 15], "texture": "#6"},
				"up": {"uv": [9, 14, 10, 15], "rotation": 270, "texture": "#6"},
				"down": {"uv": [9, 14, 10, 15], "rotation": 90, "texture": "#6"}
			}
		},
		{
			"from": [-1.22703, 5.04074, -11.05],
			"to": [0.77297, 10.04074, -10.05],
			"rotation": {"angle": 45, "axis": "z", "origin": [5.35876, 9.87652, 8]},
			"faces": {
				"north": {"uv": [9, 14, 10, 15], "texture": "#6"},
				"east": {"uv": [9, 14, 10, 15], "texture": "#8"},
				"south": {"uv": [9, 14, 10, 15], "texture": "#6"},
				"west": {"uv": [9, 14, 10, 15], "texture": "#6"},
				"up": {"uv": [9, 14, 10, 15], "rotation": 270, "texture": "#6"},
				"down": {"uv": [9, 14, 10, 15], "rotation": 90, "texture": "#6"}
			}
		},
		{
			"from": [11.95495, -2.85876, -11.05],
			"to": [13.95495, 2.14124, -10.05],
			"rotation": {"angle": -45, "axis": "z", "origin": [18.54074, 1.97703, 8]},
			"faces": {
				"north": {"uv": [9, 14, 10, 15], "texture": "#6"},
				"east": {"uv": [9, 14, 10, 15], "texture": "#6"},
				"south": {"uv": [9, 14, 10, 15], "texture": "#6"},
				"west": {"uv": [9, 14, 10, 15], "texture": "#8"},
				"up": {"uv": [9, 14, 10, 15], "rotation": 270, "texture": "#6"},
				"down": {"uv": [9, 14, 10, 15], "rotation": 90, "texture": "#6"}
			}
		},
		{
			"from": [15, 1.75, -4],
			"to": [16, 8.75, 8],
			"faces": {
				"north": {"uv": [9, 14, 10, 15], "texture": "#2"},
				"east": {"uv": [9, 14, 10, 15], "texture": "#2"},
				"south": {"uv": [9, 14, 10, 15], "texture": "#2"},
				"west": {"uv": [9, 14, 10, 15], "texture": "#2"},
				"up": {"uv": [9, 14, 10, 15], "texture": "#2"},
				"down": {"uv": [9, 14, 10, 15], "texture": "#2"}
			}
		},
		{
			"from": [0, 1.75, -4],
			"to": [1, 8.75, 8],
			"faces": {
				"north": {"uv": [9, 14, 10, 15], "texture": "#2"},
				"east": {"uv": [9, 14, 10, 15], "texture": "#2"},
				"south": {"uv": [9, 14, 10, 15], "texture": "#2"},
				"west": {"uv": [9, 14, 10, 15], "texture": "#2"},
				"up": {"uv": [9, 14, 10, 15], "texture": "#2"},
				"down": {"uv": [9, 14, 10, 15], "texture": "#2"}
			}
		},
		{
			"from": [13, 8.75, 8],
			"to": [16, 17.75, 9],
			"faces": {
				"north": {"uv": [9, 14, 10, 15], "texture": "#2"},
				"east": {"uv": [9, 14, 10, 15], "texture": "#2"},
				"south": {"uv": [9, 14, 10, 15], "texture": "#2"},
				"west": {"uv": [9, 14, 10, 15], "texture": "#2"},
				"up": {"uv": [9, 14, 10, 15], "texture": "#2"},
				"down": {"uv": [9, 14, 10, 15], "texture": "#2"}
			}
		},
		{
			"from": [15, 8.75, -1],
			"to": [16, 17.75, 0],
			"faces": {
				"north": {"uv": [9, 14, 10, 15], "texture": "#2"},
				"east": {"uv": [9, 14, 10, 15], "texture": "#2"},
				"south": {"uv": [9, 14, 10, 15], "texture": "#2"},
				"west": {"uv": [9, 14, 10, 15], "texture": "#2"},
				"up": {"uv": [9, 14, 10, 15], "texture": "#2"},
				"down": {"uv": [9, 14, 10, 15], "texture": "#2"}
			}
		},
		{
			"from": [16.08239, 7.13687, -0.5],
			"to": [18.08239, 7.63687, 0],
			"rotation": {"angle": 22.5, "axis": "z", "origin": [8, 8, 8]},
			"faces": {
				"north": {"uv": [9, 14, 10, 15], "texture": "#1"},
				"east": {"uv": [9, 14, 10, 15], "texture": "#1"},
				"south": {"uv": [9, 14, 10, 15], "texture": "#1"},
				"west": {"uv": [9, 14, 10, 15], "texture": "#1"},
				"up": {"uv": [9, 14, 10, 15], "texture": "#1"},
				"down": {"uv": [9, 14, 10, 15], "texture": "#1"}
			}
		},
		{
			"from": [-2.10537, 7.01682, -0.5],
			"to": [-0.10537, 7.51682, 0],
			"rotation": {"angle": -22.5, "axis": "z", "origin": [8, 8, 8]},
			"faces": {
				"north": {"uv": [9, 14, 10, 15], "texture": "#1"},
				"east": {"uv": [9, 14, 10, 15], "texture": "#1"},
				"south": {"uv": [9, 14, 10, 15], "texture": "#1"},
				"west": {"uv": [9, 14, 10, 15], "texture": "#1"},
				"up": {"uv": [9, 14, 10, 15], "texture": "#1"},
				"down": {"uv": [9, 14, 10, 15], "texture": "#1"}
			}
		},
		{
			"from": [-3.02105, 11, -0.5],
			"to": [-1.52105, 12, 0],
			"rotation": {"angle": 0, "axis": "z", "origin": [8.93208, 13.1693, 8]},
			"faces": {
				"north": {"uv": [9, 14, 10, 15], "texture": "#1"},
				"east": {"uv": [9, 14, 10, 15], "texture": "#1"},
				"south": {"uv": [9, 14, 10, 15], "texture": "#1"},
				"west": {"uv": [9, 14, 10, 15], "texture": "#1"},
				"up": {"uv": [9, 14, 10, 15], "texture": "#1"},
				"down": {"uv": [9, 14, 10, 15], "texture": "#1"}
			}
		},
		{
			"from": [16.97895, 11, -0.5],
			"to": [18.47895, 12, 0],
			"rotation": {"angle": 0, "axis": "z", "origin": [8.93208, 13.1693, 8]},
			"faces": {
				"north": {"uv": [9, 14, 10, 15], "texture": "#1"},
				"east": {"uv": [9, 14, 10, 15], "texture": "#1"},
				"south": {"uv": [9, 14, 10, 15], "texture": "#1"},
				"west": {"uv": [9, 14, 10, 15], "texture": "#1"},
				"up": {"uv": [9, 14, 10, 15], "texture": "#1"},
				"down": {"uv": [9, 14, 10, 15], "texture": "#1"}
			}
		},
		{
			"from": [0, 8.75, -1],
			"to": [1, 17.75, 0],
			"faces": {
				"north": {"uv": [9, 14, 10, 15], "texture": "#2"},
				"east": {"uv": [9, 14, 10, 15], "texture": "#2"},
				"south": {"uv": [9, 14, 10, 15], "texture": "#2"},
				"west": {"uv": [9, 14, 10, 15], "texture": "#2"},
				"up": {"uv": [9, 14, 10, 15], "texture": "#2"},
				"down": {"uv": [9, 14, 10, 15], "texture": "#2"}
			}
		},
		{
			"from": [0, 8.75, -9],
			"to": [1, 10.75, -1],
			"faces": {
				"north": {"uv": [9, 14, 10, 15], "texture": "#2"},
				"east": {"uv": [9, 14, 10, 15], "texture": "#2"},
				"south": {"uv": [9, 14, 10, 15], "texture": "#2"},
				"west": {"uv": [9, 14, 10, 15], "texture": "#2"},
				"up": {"uv": [9, 14, 10, 15], "texture": "#2"},
				"down": {"uv": [9, 14, 10, 15], "texture": "#2"}
			}
		},
		{
			"from": [15, 8.75, -9],
			"to": [16, 10.75, -1],
			"faces": {
				"north": {"uv": [9, 14, 10, 15], "texture": "#2"},
				"east": {"uv": [9, 14, 10, 15], "texture": "#2"},
				"south": {"uv": [9, 14, 10, 15], "texture": "#2"},
				"west": {"uv": [9, 14, 10, 15], "texture": "#2"},
				"up": {"uv": [9, 14, 10, 15], "texture": "#2"},
				"down": {"uv": [9, 14, 10, 15], "texture": "#2"}
			}
		},
		{
			"from": [15, 8.75, 0],
			"to": [16, 10.75, 8],
			"faces": {
				"north": {"uv": [9, 14, 10, 15], "texture": "#2"},
				"east": {"uv": [9, 14, 10, 15], "texture": "#2"},
				"south": {"uv": [9, 14, 10, 15], "texture": "#2"},
				"west": {"uv": [9, 14, 10, 15], "texture": "#2"},
				"up": {"uv": [9, 14, 10, 15], "texture": "#2"},
				"down": {"uv": [9, 14, 10, 15], "texture": "#2"}
			}
		},
		{
			"from": [0, 8.75, 0],
			"to": [1, 10.75, 8],
			"faces": {
				"north": {"uv": [9, 14, 10, 15], "texture": "#2"},
				"east": {"uv": [9, 14, 10, 15], "texture": "#2"},
				"south": {"uv": [9, 14, 10, 15], "texture": "#2"},
				"west": {"uv": [9, 14, 10, 15], "texture": "#2"},
				"up": {"uv": [9, 14, 10, 15], "texture": "#2"},
				"down": {"uv": [9, 14, 10, 15], "texture": "#2"}
			}
		},
		{
			"from": [0, 8.75, 8],
			"to": [3, 17.75, 9],
			"faces": {
				"north": {"uv": [9, 14, 10, 15], "texture": "#2"},
				"east": {"uv": [9, 14, 10, 15], "texture": "#2"},
				"south": {"uv": [9, 14, 10, 15], "texture": "#2"},
				"west": {"uv": [9, 14, 10, 15], "texture": "#2"},
				"up": {"uv": [9, 14, 10, 15], "texture": "#2"},
				"down": {"uv": [9, 14, 10, 15], "texture": "#2"}
			}
		},
		{
			"from": [0, 8.75, 9],
			"to": [1, 17.75, 10],
			"faces": {
				"north": {"uv": [9, 14, 10, 15], "texture": "#2"},
				"east": {"uv": [9, 14, 10, 15], "texture": "#2"},
				"south": {"uv": [9, 14, 10, 15], "texture": "#2"},
				"west": {"uv": [9, 14, 10, 15], "texture": "#2"},
				"up": {"uv": [9, 14, 10, 15], "texture": "#2"},
				"down": {"uv": [9, 14, 10, 15], "texture": "#2"}
			}
		},
		{
			"from": [15, 8.75, 9],
			"to": [16, 17.75, 10],
			"faces": {
				"north": {"uv": [9, 14, 10, 15], "texture": "#2"},
				"east": {"uv": [9, 14, 10, 15], "texture": "#2"},
				"south": {"uv": [9, 14, 10, 15], "texture": "#2"},
				"west": {"uv": [9, 14, 10, 15], "texture": "#2"},
				"up": {"uv": [9, 14, 10, 15], "texture": "#2"},
				"down": {"uv": [9, 14, 10, 15], "texture": "#2"}
			}
		},
		{
			"from": [3, 8.75, 8.25],
			"to": [13, 14.75, 8.75],
			"faces": {
				"north": {"uv": [9, 14, 10, 15], "texture": "#4"},
				"east": {"uv": [9, 14, 10, 15], "texture": "#4"},
				"south": {"uv": [9, 14, 10, 15], "texture": "#4"},
				"west": {"uv": [9, 14, 10, 15], "texture": "#4"},
				"up": {"uv": [9, 14, 10, 15], "texture": "#4"},
				"down": {"uv": [9, 14, 10, 15], "texture": "#4"}
			}
		},
		{
			"from": [0, 8.75, 16],
			"to": [1, 17.75, 23],
			"faces": {
				"north": {"uv": [9, 14, 10, 15], "texture": "#2"},
				"east": {"uv": [9, 14, 10, 15], "texture": "#2"},
				"south": {"uv": [9, 14, 10, 15], "texture": "#2"},
				"west": {"uv": [9, 14, 10, 15], "texture": "#2"},
				"up": {"uv": [9, 14, 10, 15], "texture": "#2"},
				"down": {"uv": [9, 14, 10, 15], "texture": "#2"}
			}
		},
		{
			"from": [15, 8.75, 16],
			"to": [16, 17.75, 23],
			"faces": {
				"north": {"uv": [9, 14, 10, 15], "texture": "#2"},
				"east": {"uv": [9, 14, 10, 15], "texture": "#2"},
				"south": {"uv": [9, 14, 10, 15], "texture": "#2"},
				"west": {"uv": [9, 14, 10, 15], "texture": "#2"},
				"up": {"uv": [9, 14, 10, 15], "texture": "#2"},
				"down": {"uv": [9, 14, 10, 15], "texture": "#2"}
			}
		},
		{
			"from": [16, 15.75, 21],
			"to": [16.5, 16.75, 23],
			"faces": {
				"north": {"uv": [9, 14, 10, 15], "texture": "#6"},
				"east": {"uv": [9, 14, 10, 15], "texture": "#6"},
				"south": {"uv": [9, 14, 10, 15], "texture": "#6"},
				"west": {"uv": [9, 14, 10, 15], "texture": "#6"},
				"up": {"uv": [9, 14, 10, 15], "texture": "#6"},
				"down": {"uv": [9, 14, 10, 15], "texture": "#6"}
			}
		},
		{
			"from": [-0.5, 15.75, 21],
			"to": [0, 16.75, 23],
			"faces": {
				"north": {"uv": [9, 14, 10, 15], "texture": "#6"},
				"east": {"uv": [9, 14, 10, 15], "texture": "#6"},
				"south": {"uv": [9, 14, 10, 15], "texture": "#6"},
				"west": {"uv": [9, 14, 10, 15], "texture": "#6"},
				"up": {"uv": [9, 14, 10, 15], "texture": "#6"},
				"down": {"uv": [9, 14, 10, 15], "texture": "#6"}
			}
		},
		{
			"from": [1, 15.75, 24],
			"to": [3, 16.75, 24.5],
			"faces": {
				"north": {"uv": [9, 14, 10, 15], "texture": "#6"},
				"east": {"uv": [9, 14, 10, 15], "texture": "#6"},
				"south": {"uv": [9, 14, 10, 15], "texture": "#6"},
				"west": {"uv": [9, 14, 10, 15], "texture": "#6"},
				"up": {"uv": [9, 14, 10, 15], "rotation": 270, "texture": "#6"},
				"down": {"uv": [9, 14, 10, 15], "rotation": 90, "texture": "#6"}
			}
		},
		{
			"from": [13, 15.75, 24],
			"to": [15, 16.75, 24.5],
			"faces": {
				"north": {"uv": [9, 14, 10, 15], "texture": "#6"},
				"east": {"uv": [9, 14, 10, 15], "texture": "#6"},
				"south": {"uv": [9, 14, 10, 15], "texture": "#6"},
				"west": {"uv": [9, 14, 10, 15], "texture": "#6"},
				"up": {"uv": [9, 14, 10, 15], "rotation": 270, "texture": "#6"},
				"down": {"uv": [9, 14, 10, 15], "rotation": 90, "texture": "#6"}
			}
		},
		{
			"from": [15.25, 9.75, 10],
			"to": [15.75, 14.75, 16],
			"faces": {
				"north": {"uv": [8, 15, 9, 16], "texture": "#4"},
				"east": {"uv": [0, 0, 1, 1], "texture": "#4"},
				"south": {"uv": [9, 15, 10, 16], "texture": "#4"},
				"west": {"uv": [1, 1, 2, 2], "texture": "#4"},
				"up": {"uv": [9, 15, 10, 16], "texture": "#4"},
				"down": {"uv": [9, 15, 10, 16], "texture": "#4"}
			}
		},
		{
			"from": [0.25, 9.75, 10],
			"to": [0.75, 14.75, 16],
			"faces": {
				"north": {"uv": [9, 15, 10, 16], "texture": "#4"},
				"east": {"uv": [1, 1, 2, 2], "texture": "#4"},
				"south": {"uv": [9, 15, 10, 16], "texture": "#4"},
				"west": {"uv": [0, 0, 1, 1], "texture": "#4"},
				"up": {"uv": [8, 15, 9, 16], "texture": "#4"},
				"down": {"uv": [8, 15, 9, 16], "texture": "#4"}
			}
		},
		{
			"from": [0, 14.75, 10],
			"to": [1, 17.75, 16],
			"faces": {
				"north": {"uv": [9, 14, 10, 15], "texture": "#2"},
				"east": {"uv": [9, 14, 10, 15], "texture": "#2"},
				"south": {"uv": [9, 14, 10, 15], "texture": "#2"},
				"west": {"uv": [9, 14, 10, 15], "texture": "#2"},
				"up": {"uv": [9, 14, 10, 15], "texture": "#2"},
				"down": {"uv": [9, 14, 10, 15], "texture": "#2"}
			}
		},
		{
			"from": [15, 14.75, 10],
			"to": [16, 17.75, 16],
			"faces": {
				"north": {"uv": [9, 14, 10, 15], "texture": "#2"},
				"east": {"uv": [9, 14, 10, 15], "texture": "#2"},
				"south": {"uv": [9, 14, 10, 15], "texture": "#2"},
				"west": {"uv": [9, 14, 10, 15], "texture": "#2"},
				"up": {"uv": [9, 14, 10, 15], "texture": "#2"},
				"down": {"uv": [9, 14, 10, 15], "texture": "#2"}
			}
		},
		{
			"from": [0, 8.75, 10],
			"to": [1, 9.75, 16],
			"faces": {
				"north": {"uv": [9, 14, 10, 15], "texture": "#2"},
				"east": {"uv": [9, 14, 10, 15], "texture": "#2"},
				"south": {"uv": [9, 14, 10, 15], "texture": "#2"},
				"west": {"uv": [9, 14, 10, 15], "texture": "#2"},
				"up": {"uv": [9, 14, 10, 15], "texture": "#2"},
				"down": {"uv": [9, 14, 10, 15], "texture": "#2"}
			}
		},
		{
			"from": [15, 8.75, 10],
			"to": [16, 9.75, 16],
			"faces": {
				"north": {"uv": [9, 14, 10, 15], "texture": "#2"},
				"east": {"uv": [9, 14, 10, 15], "texture": "#2"},
				"south": {"uv": [9, 14, 10, 15], "texture": "#2"},
				"west": {"uv": [9, 14, 10, 15], "texture": "#2"},
				"up": {"uv": [9, 14, 10, 15], "texture": "#2"},
				"down": {"uv": [9, 14, 10, 15], "texture": "#2"}
			}
		},
		{
			"from": [0, 24.62147, 11.48901],
			"to": [16, 25.62147, 12.48901],
			"rotation": {"angle": 45, "axis": "x", "origin": [8, 8.21462, 8.45957]},
			"faces": {
				"north": {"uv": [9, 14, 10, 15], "texture": "#2"},
				"east": {"uv": [9, 14, 10, 15], "texture": "#2"},
				"south": {"uv": [9, 14, 10, 15], "texture": "#2"},
				"west": {"uv": [9, 14, 10, 15], "texture": "#2"},
				"up": {"uv": [9, 14, 10, 15], "texture": "#2"},
				"down": {"uv": [9, 14, 10, 15], "texture": "#2"}
			}
		},
		{
			"from": [0, 24.30855, 19.78916],
			"to": [16, 25.30855, 20.78916],
			"rotation": {"angle": 22.5, "axis": "x", "origin": [8, 16.47196, 4.40856]},
			"faces": {
				"north": {"uv": [9, 14, 10, 15], "texture": "#2"},
				"east": {"uv": [9, 14, 10, 15], "texture": "#2"},
				"south": {"uv": [9, 14, 10, 15], "texture": "#2"},
				"west": {"uv": [9, 14, 10, 15], "texture": "#2"},
				"up": {"uv": [9, 14, 10, 15], "texture": "#2"},
				"down": {"uv": [9, 14, 10, 15], "texture": "#2"}
			}
		},
		{
			"from": [0, 5.5575, 24.57132],
			"to": [16, 6.5575, 25.57132],
			"rotation": {"angle": -22.5, "axis": "x", "origin": [0, 7.20398, -3.3486]},
			"faces": {
				"north": {"uv": [9, 14, 10, 15], "rotation": 180, "texture": "#2"},
				"east": {"uv": [9, 14, 10, 15], "rotation": 270, "texture": "#2"},
				"south": {"uv": [9, 14, 10, 15], "texture": "#2"},
				"west": {"uv": [9, 14, 10, 15], "rotation": 90, "texture": "#2"},
				"up": {"uv": [9, 14, 10, 15], "rotation": 180, "texture": "#2"},
				"down": {"uv": [9, 14, 10, 15], "texture": "#2"}
			}
		},
		{
			"from": [0, 0.75, -11.5],
			"to": [16, 1.75, 24.5],
			"faces": {
				"north": {"uv": [9, 14, 10, 15], "texture": "#1"},
				"east": {"uv": [9, 14, 10, 15], "texture": "#1"},
				"south": {"uv": [9, 14, 10, 15], "texture": "#1"},
				"west": {"uv": [9, 14, 10, 15], "texture": "#1"},
				"up": {"uv": [9, 14, 10, 15], "texture": "#1"},
				"down": {"uv": [9, 14, 10, 15], "texture": "#1"}
			}
		},
		{
			"from": [1, 1.75, -11.5],
			"to": [15, 2.25, -11],
			"faces": {
				"north": {"uv": [9, 14, 10, 15], "texture": "#1"},
				"east": {"uv": [9, 14, 10, 15], "texture": "#1"},
				"south": {"uv": [9, 14, 10, 15], "texture": "#1"},
				"west": {"uv": [9, 14, 10, 15], "texture": "#1"},
				"up": {"uv": [9, 14, 10, 15], "texture": "#1"},
				"down": {"uv": [9, 14, 10, 15], "texture": "#1"}
			}
		},
		{
			"from": [15, 2.75, -11.5],
			"to": [15.75, 4.25, -11],
			"faces": {
				"north": {"uv": [9, 14, 10, 15], "texture": "#11"},
				"east": {"uv": [9, 14, 10, 15], "texture": "#11"},
				"south": {"uv": [9, 14, 10, 15], "texture": "#11"},
				"west": {"uv": [9, 14, 10, 15], "texture": "#11"},
				"up": {"uv": [9, 14, 10, 15], "texture": "#11"},
				"down": {"uv": [9, 14, 10, 15], "texture": "#11"}
			}
		},
		{
			"from": [15, 2.75, 24],
			"to": [15.75, 4.25, 24.5],
			"faces": {
				"north": {"uv": [9, 14, 10, 15], "texture": "#11"},
				"east": {"uv": [9, 14, 10, 15], "texture": "#11"},
				"south": {"uv": [9, 14, 10, 15], "texture": "#11"},
				"west": {"uv": [9, 14, 10, 15], "texture": "#11"},
				"up": {"uv": [9, 14, 10, 15], "texture": "#11"},
				"down": {"uv": [9, 14, 10, 15], "texture": "#11"}
			}
		},
		{
			"from": [0.25, 2.75, -11.5],
			"to": [1, 4.25, -11],
			"faces": {
				"north": {"uv": [9, 14, 10, 15], "texture": "#11"},
				"east": {"uv": [9, 14, 10, 15], "texture": "#11"},
				"south": {"uv": [9, 14, 10, 15], "texture": "#11"},
				"west": {"uv": [9, 14, 10, 15], "texture": "#11"},
				"up": {"uv": [9, 14, 10, 15], "texture": "#11"},
				"down": {"uv": [9, 14, 10, 15], "texture": "#11"}
			}
		},
		{
			"from": [0.25, 2.75, 24],
			"to": [1, 4.25, 24.5],
			"faces": {
				"north": {"uv": [9, 14, 10, 15], "texture": "#11"},
				"east": {"uv": [9, 14, 10, 15], "texture": "#11"},
				"south": {"uv": [9, 14, 10, 15], "texture": "#11"},
				"west": {"uv": [9, 14, 10, 15], "texture": "#11"},
				"up": {"uv": [9, 14, 10, 15], "texture": "#11"},
				"down": {"uv": [9, 14, 10, 15], "texture": "#11"}
			}
		},
		{
			"from": [1, 1.75, 24],
			"to": [15, 2.75, 24.5],
			"faces": {
				"north": {"uv": [9, 14, 10, 15], "texture": "#1"},
				"east": {"uv": [9, 14, 10, 15], "texture": "#1"},
				"south": {"uv": [9, 14, 10, 15], "texture": "#1"},
				"west": {"uv": [9, 14, 10, 15], "texture": "#1"},
				"up": {"uv": [9, 14, 10, 15], "texture": "#1"},
				"down": {"uv": [9, 14, 10, 15], "texture": "#1"}
			}
		},
		{
			"from": [0, 1.75, 23],
			"to": [4, 16.75, 24],
			"rotation": {"angle": 0, "axis": "y", "origin": [8, 6, 5]},
			"faces": {
				"north": {"uv": [9, 14, 10, 15], "texture": "#2"},
				"east": {"uv": [9, 14, 10, 15], "texture": "#2"},
				"south": {"uv": [9, 14, 10, 15], "texture": "#2"},
				"west": {"uv": [9, 14, 10, 15], "texture": "#2"},
				"up": {"uv": [9, 14, 10, 15], "texture": "#2"},
				"down": {"uv": [9, 14, 10, 15], "texture": "#2"}
			}
		},
		{
			"from": [12, 1.75, 23],
			"to": [16, 16.75, 24],
			"rotation": {"angle": 0, "axis": "y", "origin": [8, 6, 5]},
			"faces": {
				"north": {"uv": [9, 14, 10, 15], "texture": "#2"},
				"east": {"uv": [9, 14, 10, 15], "texture": "#2"},
				"south": {"uv": [9, 14, 10, 15], "texture": "#2"},
				"west": {"uv": [9, 14, 10, 15], "texture": "#2"},
				"up": {"uv": [9, 14, 10, 15], "texture": "#2"},
				"down": {"uv": [9, 14, 10, 15], "texture": "#2"}
			}
		},
		{
			"from": [4, 1.75, 23],
			"to": [12, 14.75, 24],
			"rotation": {"angle": 0, "axis": "y", "origin": [8, 6, 5]},
			"faces": {
				"north": {"uv": [9, 14, 10, 15], "texture": "#5"},
				"east": {"uv": [9, 14, 10, 15], "texture": "#5"},
				"south": {"uv": [9, 14, 10, 15], "texture": "#5"},
				"west": {"uv": [9, 14, 10, 15], "texture": "#5"},
				"up": {"uv": [9, 14, 10, 15], "texture": "#5"},
				"down": {"uv": [9, 14, 10, 15], "texture": "#5"}
			}
		},
		{
			"from": [4, 14.75, 23],
			"to": [12, 16.75, 24],
			"rotation": {"angle": 0, "axis": "y", "origin": [8, 6, 5]},
			"faces": {
				"north": {"uv": [9, 14, 10, 15], "texture": "#2"},
				"east": {"uv": [9, 14, 10, 15], "texture": "#2"},
				"south": {"uv": [9, 14, 10, 15], "texture": "#2"},
				"west": {"uv": [9, 14, 10, 15], "texture": "#2"},
				"up": {"uv": [9, 14, 10, 15], "texture": "#2"},
				"down": {"uv": [9, 14, 10, 15], "texture": "#2"}
			}
		},
		{
			"from": [3, 14.75, 8],
			"to": [13, 16.75, 9],
			"rotation": {"angle": 0, "axis": "y", "origin": [8, 6, 5]},
			"faces": {
				"north": {"uv": [9, 14, 10, 15], "texture": "#2"},
				"east": {"uv": [9, 14, 10, 15], "texture": "#2"},
				"south": {"uv": [9, 14, 10, 15], "texture": "#2"},
				"west": {"uv": [9, 14, 10, 15], "texture": "#2"},
				"up": {"uv": [9, 14, 10, 15], "texture": "#2"},
				"down": {"uv": [9, 14, 10, 15], "texture": "#2"}
			}
		},
		{
			"from": [10, 8, 24],
			"to": [10.5, 9.5, 24.5],
			"faces": {
				"north": {"uv": [0, 0, 0.5, 1.5], "texture": "#1"},
				"east": {"uv": [0, 0, 0.5, 1.5], "texture": "#1"},
				"south": {"uv": [0, 0, 0.5, 1.5], "texture": "#1"},
				"west": {"uv": [0, 0, 0.5, 1.5], "texture": "#1"},
				"up": {"uv": [0, 0, 0.5, 0.5], "texture": "#1"},
				"down": {"uv": [0, 0, 0.5, 0.5], "texture": "#1"}
			}
		},
		{
			"name": "Element",
			"from": [16.25, -1.42, -1.705],
			"to": [16.75, 3.08, -1.205],
			"rotation": {"angle": -45, "axis": "x", "origin": [18.75, -1.42, -1.705]},
			"faces": {
				"north": {"uv": [8, 1, 7, 2], "texture": "#kolo"},
				"east": {"uv": [8, 1, 7, 2], "texture": "#kolo"},
				"south": {"uv": [8, 1, 7, 2], "texture": "#kolo"},
				"west": {"uv": [8, 1, 7, 2], "texture": "#kolo"},
				"up": {"uv": [8, 1, 7, 2], "texture": "#kolo"},
				"down": {"uv": [8, 1, 7, 2], "texture": "#kolo"}
			}
		},
		{
			"name": "Element",
			"from": [15.25, 2.305, -4.705],
			"to": [17.25, 3.305, -1.705],
			"rotation": {"angle": 0, "axis": "y", "origin": [9, 8, 8]},
			"faces": {
				"north": {"uv": [2, 4, 1, 5], "texture": "#kolo"},
				"east": {"uv": [2, 4, 1, 5], "texture": "#kolo"},
				"south": {"uv": [2, 4, 1, 5], "texture": "#kolo"},
				"west": {"uv": [2, 4, 1, 5], "texture": "#kolo"},
				"up": {"uv": [2, 4, 1, 5], "texture": "#kolo"},
				"down": {"uv": [2, 4, 1, 5], "texture": "#kolo"}
			}
		},
		{
			"name": "Element",
			"from": [15.25, -1.12, -6.125],
			"to": [17.25, 1.88, -5.125],
			"rotation": {"angle": 0, "axis": "y", "origin": [9, 8, 8]},
			"faces": {
				"north": {"uv": [2, 4, 1, 5], "texture": "#kolo"},
				"east": {"uv": [2, 4, 1, 5], "texture": "#kolo"},
				"south": {"uv": [2, 4, 1, 5], "texture": "#kolo"},
				"west": {"uv": [2, 4, 1, 5], "texture": "#kolo"},
				"up": {"uv": [2, 4, 1, 5], "texture": "#kolo"},
				"down": {"uv": [2, 4, 1, 5], "texture": "#kolo"}
			}
		},
		{
			"name": "Element",
			"from": [15.25, 1.8837, -6.1263],
			"to": [17.25, 3.8937, -5.1263],
			"rotation": {"angle": 45, "axis": "x", "origin": [19.25, 1.8837, -6.1263]},
			"faces": {
				"north": {"uv": [2, 4, 1, 5], "texture": "#kolo"},
				"east": {"uv": [2, 4, 1, 5], "texture": "#kolo"},
				"south": {"uv": [2, 4, 1, 5], "texture": "#kolo"},
				"west": {"uv": [2, 4, 1, 5], "texture": "#kolo"},
				"up": {"uv": [2, 4, 1, 5], "texture": "#kolo"},
				"down": {"uv": [2, 4, 1, 5], "texture": "#kolo"}
			}
		},
		{
			"name": "Element",
			"from": [15.25, -1.125, -6.125],
			"to": [17.25, -0.125, -4.115],
			"rotation": {"angle": 45, "axis": "x", "origin": [19.25, -1.125, -6.125]},
			"faces": {
				"north": {"uv": [2, 4, 1, 5], "texture": "#kolo"},
				"east": {"uv": [2, 4, 1, 5], "texture": "#kolo"},
				"south": {"uv": [2, 4, 1, 5], "texture": "#kolo"},
				"west": {"uv": [2, 4, 1, 5], "texture": "#kolo"},
				"up": {"uv": [2, 4, 1, 5], "texture": "#kolo"},
				"down": {"uv": [2, 4, 1, 5], "texture": "#kolo"}
			}
		},
		{
			"name": "Element",
			"from": [15.25, -2.545, -4.705],
			"to": [17.25, -1.545, -1.705],
			"rotation": {"angle": 0, "axis": "y", "origin": [9, 8, 8]},
			"faces": {
				"north": {"uv": [2, 4, 1, 5], "texture": "#kolo"},
				"east": {"uv": [2, 4, 1, 5], "texture": "#kolo"},
				"south": {"uv": [2, 4, 1, 5], "texture": "#kolo"},
				"west": {"uv": [2, 4, 1, 5], "texture": "#kolo"},
				"up": {"uv": [2, 4, 1, 5], "texture": "#kolo"},
				"down": {"uv": [2, 4, 1, 5], "texture": "#kolo"}
			}
		},
		{
			"name": "Element",
			"from": [15.25, 2.5979, -2.4121],
			"to": [17.25, 3.5979, -0.4021],
			"rotation": {"angle": 45, "axis": "x", "origin": [19.25, 2.5979, -2.4121]},
			"faces": {
				"north": {"uv": [2, 4, 1, 5], "texture": "#kolo"},
				"east": {"uv": [2, 4, 1, 5], "texture": "#kolo"},
				"south": {"uv": [2, 4, 1, 5], "texture": "#kolo"},
				"west": {"uv": [2, 4, 1, 5], "texture": "#kolo"},
				"up": {"uv": [2, 4, 1, 5], "texture": "#kolo"},
				"down": {"uv": [2, 4, 1, 5], "texture": "#kolo"}
			}
		},
		{
			"name": "Element",
			"from": [15.25, -1.8342, -2.4084],
			"to": [17.25, 0.1758, -1.4084],
			"rotation": {"angle": 45, "axis": "x", "origin": [19.25, -1.8342, -2.4084]},
			"faces": {
				"north": {"uv": [2, 4, 1, 5], "texture": "#kolo"},
				"east": {"uv": [2, 4, 1, 5], "texture": "#kolo"},
				"south": {"uv": [2, 4, 1, 5], "texture": "#kolo"},
				"west": {"uv": [2, 4, 1, 5], "texture": "#kolo"},
				"up": {"uv": [2, 4, 1, 5], "texture": "#kolo"},
				"down": {"uv": [2, 4, 1, 5], "texture": "#kolo"}
			}
		},
		{
			"name": "Element",
			"from": [15.25, -1.125, -1.28],
			"to": [17.25, 1.885, -0.28],
			"rotation": {"angle": 0, "axis": "y", "origin": [9, 8, 8]},
			"faces": {
				"north": {"uv": [2, 4, 1, 5], "texture": "#kolo"},
				"east": {"uv": [2, 4, 1, 5], "texture": "#kolo"},
				"south": {"uv": [2, 4, 1, 5], "texture": "#kolo"},
				"west": {"uv": [2, 4, 1, 5], "texture": "#kolo"},
				"up": {"uv": [2, 4, 1, 5], "texture": "#kolo"},
				"down": {"uv": [2, 4, 1, 5], "texture": "#kolo"}
			}
		},
		{
			"name": "Element",
			"from": [15.5, -0.875, -5.875],
			"to": [17, 0.125, -3.865],
			"rotation": {"angle": 45, "axis": "x", "origin": [19, -0.875, -5.875]},
			"faces": {
				"north": {"uv": [5, 4, 4, 5], "texture": "#kolo"},
				"east": {"uv": [5, 4, 4, 5], "texture": "#kolo"},
				"south": {"uv": [5, 4, 4, 5], "texture": "#kolo"},
				"west": {"uv": [5, 4, 4, 5], "texture": "#kolo"},
				"up": {"uv": [5, 4, 4, 5], "texture": "#kolo"},
				"down": {"uv": [5, 4, 4, 5], "texture": "#kolo"}
			}
		},
		{
			"name": "Element",
			"from": [15.5, -2.295, -4.705],
			"to": [17, -1.295, -1.705],
			"rotation": {"angle": 0, "axis": "y", "origin": [9, 8, 8]},
			"faces": {
				"north": {"uv": [5, 4, 4, 5], "texture": "#kolo"},
				"east": {"uv": [5, 4, 4, 5], "texture": "#kolo"},
				"south": {"uv": [5, 4, 4, 5], "texture": "#kolo"},
				"west": {"uv": [5, 4, 4, 5], "texture": "#kolo"},
				"up": {"uv": [5, 4, 4, 5], "texture": "#kolo"},
				"down": {"uv": [5, 4, 4, 5], "texture": "#kolo"}
			}
		},
		{
			"name": "Element",
			"from": [15.5, -1.5842, -2.6584],
			"to": [17, 0.4258, -1.6584],
			"rotation": {"angle": 45, "axis": "x", "origin": [19, -1.5842, -2.6584]},
			"faces": {
				"north": {"uv": [5, 4, 4, 5], "texture": "#kolo"},
				"east": {"uv": [5, 4, 4, 5], "texture": "#kolo"},
				"south": {"uv": [5, 4, 4, 5], "texture": "#kolo"},
				"west": {"uv": [5, 4, 4, 5], "texture": "#kolo"},
				"up": {"uv": [5, 4, 4, 5], "texture": "#kolo"},
				"down": {"uv": [5, 4, 4, 5], "texture": "#kolo"}
			}
		},
		{
			"name": "Element",
			"from": [15.5, -1.125, -1.53],
			"to": [17, 1.885, -0.53],
			"rotation": {"angle": 0, "axis": "y", "origin": [9, 8, 8]},
			"faces": {
				"north": {"uv": [5, 4, 4, 5], "texture": "#kolo"},
				"east": {"uv": [5, 4, 4, 5], "texture": "#kolo"},
				"south": {"uv": [5, 4, 4, 5], "texture": "#kolo"},
				"west": {"uv": [5, 4, 4, 5], "texture": "#kolo"},
				"up": {"uv": [5, 4, 4, 5], "texture": "#kolo"},
				"down": {"uv": [5, 4, 4, 5], "texture": "#kolo"}
			}
		},
		{
			"name": "Element",
			"from": [15.5, 2.3479, -2.6621],
			"to": [17, 3.3479, -0.6521],
			"rotation": {"angle": 45, "axis": "x", "origin": [19, 2.3479, -2.6621]},
			"faces": {
				"north": {"uv": [5, 4, 4, 5], "texture": "#kolo"},
				"east": {"uv": [5, 4, 4, 5], "texture": "#kolo"},
				"south": {"uv": [5, 4, 4, 5], "texture": "#kolo"},
				"west": {"uv": [5, 4, 4, 5], "texture": "#kolo"},
				"up": {"uv": [5, 4, 4, 5], "texture": "#kolo"},
				"down": {"uv": [5, 4, 4, 5], "texture": "#kolo"}
			}
		},
		{
			"name": "Element",
			"from": [15.5, 2.055, -4.705],
			"to": [17, 3.055, -1.705],
			"rotation": {"angle": 0, "axis": "y", "origin": [9, 8, 8]},
			"faces": {
				"north": {"uv": [5, 4, 4, 5], "texture": "#kolo"},
				"east": {"uv": [5, 4, 4, 5], "texture": "#kolo"},
				"south": {"uv": [5, 4, 4, 5], "texture": "#kolo"},
				"west": {"uv": [5, 4, 4, 5], "texture": "#kolo"},
				"up": {"uv": [5, 4, 4, 5], "texture": "#kolo"},
				"down": {"uv": [5, 4, 4, 5], "texture": "#kolo"}
			}
		},
		{
			"name": "Element",
			"from": [15.5, 1.6337, -5.8763],
			"to": [17, 3.6437, -4.8763],
			"rotation": {"angle": 45, "axis": "x", "origin": [19, 1.6337, -5.8763]},
			"faces": {
				"north": {"uv": [5, 4, 4, 5], "texture": "#kolo"},
				"east": {"uv": [5, 4, 4, 5], "texture": "#kolo"},
				"south": {"uv": [5, 4, 4, 5], "texture": "#kolo"},
				"west": {"uv": [5, 4, 4, 5], "texture": "#kolo"},
				"up": {"uv": [5, 4, 4, 5], "texture": "#kolo"},
				"down": {"uv": [5, 4, 4, 5], "texture": "#kolo"}
			}
		},
		{
			"name": "Element",
			"from": [15.5, -1.12, -5.875],
			"to": [17, 1.88, -4.875],
			"rotation": {"angle": 0, "axis": "y", "origin": [9, 8, 8]},
			"faces": {
				"north": {"uv": [5, 4, 4, 5], "texture": "#kolo"},
				"east": {"uv": [5, 4, 4, 5], "texture": "#kolo"},
				"south": {"uv": [5, 4, 4, 5], "texture": "#kolo"},
				"west": {"uv": [5, 4, 4, 5], "texture": "#kolo"},
				"up": {"uv": [5, 4, 4, 5], "texture": "#kolo"},
				"down": {"uv": [5, 4, 4, 5], "texture": "#kolo"}
			}
		},
		{
			"name": "Element",
			"from": [15.75, -0.17, -3.705],
			"to": [17.25, 0.83, -2.705],
			"rotation": {"angle": 0, "axis": "y", "origin": [9, 8, 8]},
			"faces": {
				"north": {"uv": [5, 1, 4, 2], "texture": "#kolo"},
				"east": {"uv": [5, 1, 4, 2], "texture": "#kolo"},
				"south": {"uv": [5, 1, 4, 2], "texture": "#kolo"},
				"west": {"uv": [5, 1, 4, 2], "texture": "#kolo"},
				"up": {"uv": [5, 1, 4, 2], "texture": "#kolo"},
				"down": {"uv": [5, 1, 4, 2], "texture": "#kolo"}
			}
		},
		{
			"name": "Element",
			"from": [16.25, -1.67, -3.455],
			"to": [16.75, 2.33, -2.955],
			"rotation": {"angle": 0, "axis": "y", "origin": [9, 8, 8]},
			"faces": {
				"north": {"uv": [8, 1, 7, 2], "texture": "#kolo"},
				"east": {"uv": [8, 1, 7, 2], "texture": "#kolo"},
				"south": {"uv": [8, 1, 7, 2], "texture": "#kolo"},
				"west": {"uv": [8, 1, 7, 2], "texture": "#kolo"},
				"up": {"uv": [8, 1, 7, 2], "texture": "#kolo"},
				"down": {"uv": [8, 1, 7, 2], "texture": "#kolo"}
			}
		},
		{
			"name": "Element",
			"from": [16.25, 0.08, -5.205],
			"to": [16.75, 0.58, -1.205],
			"rotation": {"angle": 0, "axis": "y", "origin": [9, 8, 8]},
			"faces": {
				"north": {"uv": [8, 1, 7, 2], "texture": "#kolo"},
				"east": {"uv": [8, 1, 7, 2], "texture": "#kolo"},
				"south": {"uv": [8, 1, 7, 2], "texture": "#kolo"},
				"west": {"uv": [8, 1, 7, 2], "texture": "#kolo"},
				"up": {"uv": [8, 1, 7, 2], "texture": "#kolo"},
				"down": {"uv": [8, 1, 7, 2], "texture": "#kolo"}
			}
		},
		{
			"name": "Element",
			"from": [16.25, -1.17, -4.955],
			"to": [16.75, 3.33, -4.455],
			"rotation": {"angle": 45, "axis": "x", "origin": [18.75, -1.17, -4.955]},
			"faces": {
				"north": {"uv": [8, 1, 7, 2], "texture": "#kolo"},
				"east": {"uv": [8, 1, 7, 2], "texture": "#kolo"},
				"south": {"uv": [8, 1, 7, 2], "texture": "#kolo"},
				"west": {"uv": [8, 1, 7, 2], "texture": "#kolo"},
				"up": {"uv": [8, 1, 7, 2], "texture": "#kolo"},
				"down": {"uv": [8, 1, 7, 2], "texture": "#kolo"}
			}
		},
		{
			"from": [6.5, 18, 2],
			"to": [9.5, 20, 4],
			"faces": {
				"north": {"uv": [0, 0, 3, 2], "texture": "#7"},
				"east": {"uv": [0, 0, 2, 2], "texture": "#7"},
				"south": {"uv": [0, 0, 3, 2], "texture": "#7"},
				"west": {"uv": [0, 0, 2, 2], "texture": "#7"},
				"up": {"uv": [0, 0, 3, 2], "texture": "#7"},
				"down": {"uv": [0, 0, 3, 2], "texture": "#7"}
			}
		},
		{
			"from": [6, 2, 19],
			"to": [6.5, 4, 20],
			"faces": {
				"north": {"uv": [0, 0, 0.5, 2], "texture": "#3"},
				"east": {"uv": [0, 0, 1, 2], "texture": "#3"},
				"south": {"uv": [0, 0, 0.5, 2], "texture": "#3"},
				"west": {"uv": [0, 0, 1, 2], "texture": "#3"},
				"up": {"uv": [0, 0, 0.5, 1], "texture": "#3"},
				"down": {"uv": [0, 0, 0.5, 1], "texture": "#3"}
			}
		},
		{
			"from": [6, 2, 13],
			"to": [6.5, 4, 14],
			"faces": {
				"north": {"uv": [0, 0, 0.5, 2], "texture": "#3"},
				"east": {"uv": [0, 0, 1, 2], "texture": "#3"},
				"south": {"uv": [0, 0, 0.5, 2], "texture": "#3"},
				"west": {"uv": [0, 0, 1, 2], "texture": "#3"},
				"up": {"uv": [0, 0, 0.5, 1], "texture": "#3"},
				"down": {"uv": [0, 0, 0.5, 1], "texture": "#3"}
			}
		},
		{
			"from": [10, 2, 19],
			"to": [10.5, 4, 20],
			"faces": {
				"north": {"uv": [0, 0, 0.5, 2], "texture": "#3"},
				"east": {"uv": [0, 0, 1, 2], "texture": "#3"},
				"south": {"uv": [0, 0, 0.5, 2], "texture": "#3"},
				"west": {"uv": [0, 0, 1, 2], "texture": "#3"},
				"up": {"uv": [0, 0, 0.5, 1], "texture": "#3"},
				"down": {"uv": [0, 0, 0.5, 1], "texture": "#3"}
			}
		},
		{
			"from": [10, 2, 13],
			"to": [10.5, 4, 14],
			"faces": {
				"north": {"uv": [0, 0, 0.5, 2], "texture": "#3"},
				"east": {"uv": [0, 0, 1, 2], "texture": "#3"},
				"south": {"uv": [0, 0, 0.5, 2], "texture": "#3"},
				"west": {"uv": [0, 0, 1, 2], "texture": "#3"},
				"up": {"uv": [0, 0, 0.5, 1], "texture": "#3"},
				"down": {"uv": [0, 0, 0.5, 1], "texture": "#3"}
			}
		},
		{
			"from": [6, 4, 13],
			"to": [10.5, 5, 20],
			"faces": {
				"north": {"uv": [0, 0, 4.5, 1], "texture": "#5"},
				"east": {"uv": [0, 0, 7, 1], "texture": "#5"},
				"south": {"uv": [0, 0, 4.5, 1], "texture": "#5"},
				"west": {"uv": [0, 0, 7, 1], "texture": "#5"},
				"up": {"uv": [0, 0, 4.5, 7], "texture": "#5"},
				"down": {"uv": [0, 0, 4.5, 7], "texture": "#5"}
			}
		},
		{
			"from": [6, 5, 13],
			"to": [10.5, 6, 15],
			"faces": {
				"north": {"uv": [0, 0, 4.5, 1], "texture": "#2"},
				"east": {"uv": [0, 0, 2, 1], "texture": "#2"},
				"south": {"uv": [0, 0, 4.5, 1], "texture": "#2"},
				"west": {"uv": [0, 0, 2, 1], "texture": "#2"},
				"up": {"uv": [0, 0, 4.5, 2], "texture": "#2"},
				"down": {"uv": [0, 0, 4.5, 2], "texture": "#2"}
			}
		},
		{
			"name": "Element",
			"from": [16.25, -15.56214, 12.43714],
			"to": [16.75, -11.06214, 12.93714],
			"rotation": {"angle": -45, "axis": "x", "origin": [18.75, -1.42, -1.705]},
			"faces": {
				"north": {"uv": [8, 1, 7, 2], "texture": "#kolo"},
				"east": {"uv": [8, 1, 7, 2], "texture": "#kolo"},
				"south": {"uv": [8, 1, 7, 2], "texture": "#kolo"},
				"west": {"uv": [8, 1, 7, 2], "texture": "#kolo"},
				"up": {"uv": [8, 1, 7, 2], "texture": "#kolo"},
				"down": {"uv": [8, 1, 7, 2], "texture": "#kolo"}
			}
		},
		{
			"name": "Element",
			"from": [15.25, 2.305, 15.295],
			"to": [17.25, 3.305, 18.295],
			"rotation": {"angle": 0, "axis": "y", "origin": [9, 8, 8]},
			"faces": {
				"north": {"uv": [2, 4, 1, 5], "texture": "#kolo"},
				"east": {"uv": [2, 4, 1, 5], "texture": "#kolo"},
				"south": {"uv": [2, 4, 1, 5], "texture": "#kolo"},
				"west": {"uv": [2, 4, 1, 5], "texture": "#kolo"},
				"up": {"uv": [2, 4, 1, 5], "texture": "#kolo"},
				"down": {"uv": [2, 4, 1, 5], "texture": "#kolo"}
			}
		},
		{
			"name": "Element",
			"from": [15.25, -1.12, 13.875],
			"to": [17.25, 1.88, 14.875],
			"rotation": {"angle": 0, "axis": "y", "origin": [9, 8, 8]},
			"faces": {
				"north": {"uv": [2, 4, 1, 5], "texture": "#kolo"},
				"east": {"uv": [2, 4, 1, 5], "texture": "#kolo"},
				"south": {"uv": [2, 4, 1, 5], "texture": "#kolo"},
				"west": {"uv": [2, 4, 1, 5], "texture": "#kolo"},
				"up": {"uv": [2, 4, 1, 5], "texture": "#kolo"},
				"down": {"uv": [2, 4, 1, 5], "texture": "#kolo"}
			}
		},
		{
			"name": "Element",
			"from": [15.25, 16.02584, 8.01584],
			"to": [17.25, 18.03584, 9.01584],
			"rotation": {"angle": 45, "axis": "x", "origin": [19.25, 1.8837, -6.1263]},
			"faces": {
				"north": {"uv": [2, 4, 1, 5], "texture": "#kolo"},
				"east": {"uv": [2, 4, 1, 5], "texture": "#kolo"},
				"south": {"uv": [2, 4, 1, 5], "texture": "#kolo"},
				"west": {"uv": [2, 4, 1, 5], "texture": "#kolo"},
				"up": {"uv": [2, 4, 1, 5], "texture": "#kolo"},
				"down": {"uv": [2, 4, 1, 5], "texture": "#kolo"}
			}
		},
		{
			"name": "Element",
			"from": [15.25, 13.01714, 8.01714],
			"to": [17.25, 14.01714, 10.02714],
			"rotation": {"angle": 45, "axis": "x", "origin": [19.25, -1.125, -6.125]},
			"faces": {
				"north": {"uv": [2, 4, 1, 5], "texture": "#kolo"},
				"east": {"uv": [2, 4, 1, 5], "texture": "#kolo"},
				"south": {"uv": [2, 4, 1, 5], "texture": "#kolo"},
				"west": {"uv": [2, 4, 1, 5], "texture": "#kolo"},
				"up": {"uv": [2, 4, 1, 5], "texture": "#kolo"},
				"down": {"uv": [2, 4, 1, 5], "texture": "#kolo"}
			}
		},
		{
			"name": "Element",
			"from": [15.25, -2.545, 15.295],
			"to": [17.25, -1.545, 18.295],
			"rotation": {"angle": 0, "axis": "y", "origin": [9, 8, 8]},
			"faces": {
				"north": {"uv": [2, 4, 1, 5], "texture": "#kolo"},
				"east": {"uv": [2, 4, 1, 5], "texture": "#kolo"},
				"south": {"uv": [2, 4, 1, 5], "texture": "#kolo"},
				"west": {"uv": [2, 4, 1, 5], "texture": "#kolo"},
				"up": {"uv": [2, 4, 1, 5], "texture": "#kolo"},
				"down": {"uv": [2, 4, 1, 5], "texture": "#kolo"}
			}
		},
		{
			"name": "Element",
			"from": [15.25, 16.74004, 11.73004],
			"to": [17.25, 17.74004, 13.74004],
			"rotation": {"angle": 45, "axis": "x", "origin": [19.25, 2.5979, -2.4121]},
			"faces": {
				"north": {"uv": [2, 4, 1, 5], "texture": "#kolo"},
				"east": {"uv": [2, 4, 1, 5], "texture": "#kolo"},
				"south": {"uv": [2, 4, 1, 5], "texture": "#kolo"},
				"west": {"uv": [2, 4, 1, 5], "texture": "#kolo"},
				"up": {"uv": [2, 4, 1, 5], "texture": "#kolo"},
				"down": {"uv": [2, 4, 1, 5], "texture": "#kolo"}
			}
		},
		{
			"name": "Element",
			"from": [15.25, 12.30794, 11.73374],
			"to": [17.25, 14.31794, 12.73374],
			"rotation": {"angle": 45, "axis": "x", "origin": [19.25, -1.8342, -2.4084]},
			"faces": {
				"north": {"uv": [2, 4, 1, 5], "texture": "#kolo"},
				"east": {"uv": [2, 4, 1, 5], "texture": "#kolo"},
				"south": {"uv": [2, 4, 1, 5], "texture": "#kolo"},
				"west": {"uv": [2, 4, 1, 5], "texture": "#kolo"},
				"up": {"uv": [2, 4, 1, 5], "texture": "#kolo"},
				"down": {"uv": [2, 4, 1, 5], "texture": "#kolo"}
			}
		},
		{
			"name": "Element",
			"from": [15.25, -1.125, 18.72],
			"to": [17.25, 1.885, 19.72],
			"rotation": {"angle": 0, "axis": "y", "origin": [9, 8, 8]},
			"faces": {
				"north": {"uv": [2, 4, 1, 5], "texture": "#kolo"},
				"east": {"uv": [2, 4, 1, 5], "texture": "#kolo"},
				"south": {"uv": [2, 4, 1, 5], "texture": "#kolo"},
				"west": {"uv": [2, 4, 1, 5], "texture": "#kolo"},
				"up": {"uv": [2, 4, 1, 5], "texture": "#kolo"},
				"down": {"uv": [2, 4, 1, 5], "texture": "#kolo"}
			}
		},
		{
			"name": "Element",
			"from": [15.5, 13.26714, 8.26714],
			"to": [17, 14.26714, 10.27714],
			"rotation": {"angle": 45, "axis": "x", "origin": [19, -0.875, -5.875]},
			"faces": {
				"north": {"uv": [5, 4, 4, 5], "texture": "#kolo"},
				"east": {"uv": [5, 4, 4, 5], "texture": "#kolo"},
				"south": {"uv": [5, 4, 4, 5], "texture": "#kolo"},
				"west": {"uv": [5, 4, 4, 5], "texture": "#kolo"},
				"up": {"uv": [5, 4, 4, 5], "texture": "#kolo"},
				"down": {"uv": [5, 4, 4, 5], "texture": "#kolo"}
			}
		},
		{
			"name": "Element",
			"from": [15.5, -2.295, 15.295],
			"to": [17, -1.295, 18.295],
			"rotation": {"angle": 0, "axis": "y", "origin": [9, 8, 8]},
			"faces": {
				"north": {"uv": [5, 4, 4, 5], "texture": "#kolo"},
				"east": {"uv": [5, 4, 4, 5], "texture": "#kolo"},
				"south": {"uv": [5, 4, 4, 5], "texture": "#kolo"},
				"west": {"uv": [5, 4, 4, 5], "texture": "#kolo"},
				"up": {"uv": [5, 4, 4, 5], "texture": "#kolo"},
				"down": {"uv": [5, 4, 4, 5], "texture": "#kolo"}
			}
		},
		{
			"name": "Element",
			"from": [15.5, 12.55794, 11.48374],
			"to": [17, 14.56794, 12.48374],
			"rotation": {"angle": 45, "axis": "x", "origin": [19, -1.5842, -2.6584]},
			"faces": {
				"north": {"uv": [5, 4, 4, 5], "texture": "#kolo"},
				"east": {"uv": [5, 4, 4, 5], "texture": "#kolo"},
				"south": {"uv": [5, 4, 4, 5], "texture": "#kolo"},
				"west": {"uv": [5, 4, 4, 5], "texture": "#kolo"},
				"up": {"uv": [5, 4, 4, 5], "texture": "#kolo"},
				"down": {"uv": [5, 4, 4, 5], "texture": "#kolo"}
			}
		},
		{
			"name": "Element",
			"from": [15.5, -1.125, 18.47],
			"to": [17, 1.885, 19.47],
			"rotation": {"angle": 0, "axis": "y", "origin": [9, 8, 8]},
			"faces": {
				"north": {"uv": [5, 4, 4, 5], "texture": "#kolo"},
				"east": {"uv": [5, 4, 4, 5], "texture": "#kolo"},
				"south": {"uv": [5, 4, 4, 5], "texture": "#kolo"},
				"west": {"uv": [5, 4, 4, 5], "texture": "#kolo"},
				"up": {"uv": [5, 4, 4, 5], "texture": "#kolo"},
				"down": {"uv": [5, 4, 4, 5], "texture": "#kolo"}
			}
		},
		{
			"name": "Element",
			"from": [15.5, 16.49004, 11.48004],
			"to": [17, 17.49004, 13.49004],
			"rotation": {"angle": 45, "axis": "x", "origin": [19, 2.3479, -2.6621]},
			"faces": {
				"north": {"uv": [5, 4, 4, 5], "texture": "#kolo"},
				"east": {"uv": [5, 4, 4, 5], "texture": "#kolo"},
				"south": {"uv": [5, 4, 4, 5], "texture": "#kolo"},
				"west": {"uv": [5, 4, 4, 5], "texture": "#kolo"},
				"up": {"uv": [5, 4, 4, 5], "texture": "#kolo"},
				"down": {"uv": [5, 4, 4, 5], "texture": "#kolo"}
			}
		},
		{
			"name": "Element",
			"from": [15.5, 2.055, 15.295],
			"to": [17, 3.055, 18.295],
			"rotation": {"angle": 0, "axis": "y", "origin": [9, 8, 8]},
			"faces": {
				"north": {"uv": [5, 4, 4, 5], "texture": "#kolo"},
				"east": {"uv": [5, 4, 4, 5], "texture": "#kolo"},
				"south": {"uv": [5, 4, 4, 5], "texture": "#kolo"},
				"west": {"uv": [5, 4, 4, 5], "texture": "#kolo"},
				"up": {"uv": [5, 4, 4, 5], "texture": "#kolo"},
				"down": {"uv": [5, 4, 4, 5], "texture": "#kolo"}
			}
		},
		{
			"name": "Element",
			"from": [15.5, 15.77584, 8.26584],
			"to": [17, 17.78584, 9.26584],
			"rotation": {"angle": 45, "axis": "x", "origin": [19, 1.6337, -5.8763]},
			"faces": {
				"north": {"uv": [5, 4, 4, 5], "texture": "#kolo"},
				"east": {"uv": [5, 4, 4, 5], "texture": "#kolo"},
				"south": {"uv": [5, 4, 4, 5], "texture": "#kolo"},
				"west": {"uv": [5, 4, 4, 5], "texture": "#kolo"},
				"up": {"uv": [5, 4, 4, 5], "texture": "#kolo"},
				"down": {"uv": [5, 4, 4, 5], "texture": "#kolo"}
			}
		},
		{
			"name": "Element",
			"from": [15.5, -1.12, 14.125],
			"to": [17, 1.88, 15.125],
			"rotation": {"angle": 0, "axis": "y", "origin": [9, 8, 8]},
			"faces": {
				"north": {"uv": [5, 4, 4, 5], "texture": "#kolo"},
				"east": {"uv": [5, 4, 4, 5], "texture": "#kolo"},
				"south": {"uv": [5, 4, 4, 5], "texture": "#kolo"},
				"west": {"uv": [5, 4, 4, 5], "texture": "#kolo"},
				"up": {"uv": [5, 4, 4, 5], "texture": "#kolo"},
				"down": {"uv": [5, 4, 4, 5], "texture": "#kolo"}
			}
		},
		{
			"name": "Element",
			"from": [15.75, -0.17, 16.295],
			"to": [17.25, 0.83, 17.295],
			"rotation": {"angle": 0, "axis": "y", "origin": [9, 8, 8]},
			"faces": {
				"north": {"uv": [5, 1, 4, 2], "texture": "#kolo"},
				"east": {"uv": [5, 1, 4, 2], "texture": "#kolo"},
				"south": {"uv": [5, 1, 4, 2], "texture": "#kolo"},
				"west": {"uv": [5, 1, 4, 2], "texture": "#kolo"},
				"up": {"uv": [5, 1, 4, 2], "texture": "#kolo"},
				"down": {"uv": [5, 1, 4, 2], "texture": "#kolo"}
			}
		},
		{
			"name": "Element",
			"from": [16.25, -1.67, 16.545],
			"to": [16.75, 2.33, 17.045],
			"rotation": {"angle": 0, "axis": "y", "origin": [9, 8, 8]},
			"faces": {
				"north": {"uv": [8, 1, 7, 2], "texture": "#kolo"},
				"east": {"uv": [8, 1, 7, 2], "texture": "#kolo"},
				"south": {"uv": [8, 1, 7, 2], "texture": "#kolo"},
				"west": {"uv": [8, 1, 7, 2], "texture": "#kolo"},
				"up": {"uv": [8, 1, 7, 2], "texture": "#kolo"},
				"down": {"uv": [8, 1, 7, 2], "texture": "#kolo"}
			}
		},
		{
			"name": "Element",
			"from": [16.25, 0.08, 14.795],
			"to": [16.75, 0.58, 18.795],
			"rotation": {"angle": 0, "axis": "y", "origin": [9, 8, 8]},
			"faces": {
				"north": {"uv": [8, 1, 7, 2], "texture": "#kolo"},
				"east": {"uv": [8, 1, 7, 2], "texture": "#kolo"},
				"south": {"uv": [8, 1, 7, 2], "texture": "#kolo"},
				"west": {"uv": [8, 1, 7, 2], "texture": "#kolo"},
				"up": {"uv": [8, 1, 7, 2], "texture": "#kolo"},
				"down": {"uv": [8, 1, 7, 2], "texture": "#kolo"}
			}
		},
		{
			"name": "Element",
			"from": [16.25, 12.97214, 9.18714],
			"to": [16.75, 17.47214, 9.68714],
			"rotation": {"angle": 45, "axis": "x", "origin": [18.75, -1.17, -4.955]},
			"faces": {
				"north": {"uv": [8, 1, 7, 2], "texture": "#kolo"},
				"east": {"uv": [8, 1, 7, 2], "texture": "#kolo"},
				"south": {"uv": [8, 1, 7, 2], "texture": "#kolo"},
				"west": {"uv": [8, 1, 7, 2], "texture": "#kolo"},
				"up": {"uv": [8, 1, 7, 2], "texture": "#kolo"},
				"down": {"uv": [8, 1, 7, 2], "texture": "#kolo"}
			}
		},
		{
			"name": "Element",
			"from": [-1, -15.56214, 12.43714],
			"to": [-0.5, -11.06214, 12.93714],
			"rotation": {"angle": -45, "axis": "x", "origin": [1.75, -1.42, -1.705]},
			"faces": {
				"north": {"uv": [8, 1, 7, 2], "texture": "#kolo"},
				"east": {"uv": [8, 1, 7, 2], "texture": "#kolo"},
				"south": {"uv": [8, 1, 7, 2], "texture": "#kolo"},
				"west": {"uv": [8, 1, 7, 2], "texture": "#kolo"},
				"up": {"uv": [8, 1, 7, 2], "texture": "#kolo"},
				"down": {"uv": [8, 1, 7, 2], "texture": "#kolo"}
			}
		},
		{
			"name": "Element",
			"from": [-1.5, 2.305, 15.295],
			"to": [0.5, 3.305, 18.295],
			"rotation": {"angle": 0, "axis": "y", "origin": [-8, 8, 8]},
			"faces": {
				"north": {"uv": [2, 4, 1, 5], "texture": "#kolo"},
				"east": {"uv": [2, 4, 1, 5], "texture": "#kolo"},
				"south": {"uv": [2, 4, 1, 5], "texture": "#kolo"},
				"west": {"uv": [2, 4, 1, 5], "texture": "#kolo"},
				"up": {"uv": [2, 4, 1, 5], "texture": "#kolo"},
				"down": {"uv": [2, 4, 1, 5], "texture": "#kolo"}
			}
		},
		{
			"name": "Element",
			"from": [-1.5, -1.12, 13.875],
			"to": [0.5, 1.88, 14.875],
			"rotation": {"angle": 0, "axis": "y", "origin": [-8, 8, 8]},
			"faces": {
				"north": {"uv": [2, 4, 1, 5], "texture": "#kolo"},
				"east": {"uv": [2, 4, 1, 5], "texture": "#kolo"},
				"south": {"uv": [2, 4, 1, 5], "texture": "#kolo"},
				"west": {"uv": [2, 4, 1, 5], "texture": "#kolo"},
				"up": {"uv": [2, 4, 1, 5], "texture": "#kolo"},
				"down": {"uv": [2, 4, 1, 5], "texture": "#kolo"}
			}
		},
		{
			"name": "Element",
			"from": [-1.5, 16.02584, 8.01584],
			"to": [0.5, 18.03584, 9.01584],
			"rotation": {"angle": 45, "axis": "x", "origin": [2.25, 1.8837, -6.1263]},
			"faces": {
				"north": {"uv": [2, 4, 1, 5], "texture": "#kolo"},
				"east": {"uv": [2, 4, 1, 5], "texture": "#kolo"},
				"south": {"uv": [2, 4, 1, 5], "texture": "#kolo"},
				"west": {"uv": [2, 4, 1, 5], "texture": "#kolo"},
				"up": {"uv": [2, 4, 1, 5], "texture": "#kolo"},
				"down": {"uv": [2, 4, 1, 5], "texture": "#kolo"}
			}
		},
		{
			"name": "Element",
			"from": [-1.5, 13.01714, 8.01714],
			"to": [0.5, 14.01714, 10.02714],
			"rotation": {"angle": 45, "axis": "x", "origin": [2.25, -1.125, -6.125]},
			"faces": {
				"north": {"uv": [2, 4, 1, 5], "texture": "#kolo"},
				"east": {"uv": [2, 4, 1, 5], "texture": "#kolo"},
				"south": {"uv": [2, 4, 1, 5], "texture": "#kolo"},
				"west": {"uv": [2, 4, 1, 5], "texture": "#kolo"},
				"up": {"uv": [2, 4, 1, 5], "texture": "#kolo"},
				"down": {"uv": [2, 4, 1, 5], "texture": "#kolo"}
			}
		},
		{
			"name": "Element",
			"from": [-1.5, -2.545, 15.295],
			"to": [0.5, -1.545, 18.295],
			"rotation": {"angle": 0, "axis": "y", "origin": [-8, 8, 8]},
			"faces": {
				"north": {"uv": [2, 4, 1, 5], "texture": "#kolo"},
				"east": {"uv": [2, 4, 1, 5], "texture": "#kolo"},
				"south": {"uv": [2, 4, 1, 5], "texture": "#kolo"},
				"west": {"uv": [2, 4, 1, 5], "texture": "#kolo"},
				"up": {"uv": [2, 4, 1, 5], "texture": "#kolo"},
				"down": {"uv": [2, 4, 1, 5], "texture": "#kolo"}
			}
		},
		{
			"name": "Element",
			"from": [-1.5, 16.74004, 11.73004],
			"to": [0.5, 17.74004, 13.74004],
			"rotation": {"angle": 45, "axis": "x", "origin": [2.25, 2.5979, -2.4121]},
			"faces": {
				"north": {"uv": [2, 4, 1, 5], "texture": "#kolo"},
				"east": {"uv": [2, 4, 1, 5], "texture": "#kolo"},
				"south": {"uv": [2, 4, 1, 5], "texture": "#kolo"},
				"west": {"uv": [2, 4, 1, 5], "texture": "#kolo"},
				"up": {"uv": [2, 4, 1, 5], "texture": "#kolo"},
				"down": {"uv": [2, 4, 1, 5], "texture": "#kolo"}
			}
		},
		{
			"name": "Element",
			"from": [-1.5, 12.30794, 11.73374],
			"to": [0.5, 14.31794, 12.73374],
			"rotation": {"angle": 45, "axis": "x", "origin": [2.25, -1.8342, -2.4084]},
			"faces": {
				"north": {"uv": [2, 4, 1, 5], "texture": "#kolo"},
				"east": {"uv": [2, 4, 1, 5], "texture": "#kolo"},
				"south": {"uv": [2, 4, 1, 5], "texture": "#kolo"},
				"west": {"uv": [2, 4, 1, 5], "texture": "#kolo"},
				"up": {"uv": [2, 4, 1, 5], "texture": "#kolo"},
				"down": {"uv": [2, 4, 1, 5], "texture": "#kolo"}
			}
		},
		{
			"name": "Element",
			"from": [-1.5, -1.125, 18.72],
			"to": [0.5, 1.885, 19.72],
			"rotation": {"angle": 0, "axis": "y", "origin": [-8, 8, 8]},
			"faces": {
				"north": {"uv": [2, 4, 1, 5], "texture": "#kolo"},
				"east": {"uv": [2, 4, 1, 5], "texture": "#kolo"},
				"south": {"uv": [2, 4, 1, 5], "texture": "#kolo"},
				"west": {"uv": [2, 4, 1, 5], "texture": "#kolo"},
				"up": {"uv": [2, 4, 1, 5], "texture": "#kolo"},
				"down": {"uv": [2, 4, 1, 5], "texture": "#kolo"}
			}
		},
		{
			"name": "Element",
			"from": [-1.25, 13.26714, 8.26714],
			"to": [0.25, 14.26714, 10.27714],
			"rotation": {"angle": 45, "axis": "x", "origin": [2, -0.875, -5.875]},
			"faces": {
				"north": {"uv": [5, 4, 4, 5], "texture": "#kolo"},
				"east": {"uv": [5, 4, 4, 5], "texture": "#kolo"},
				"south": {"uv": [5, 4, 4, 5], "texture": "#kolo"},
				"west": {"uv": [5, 4, 4, 5], "texture": "#kolo"},
				"up": {"uv": [5, 4, 4, 5], "texture": "#kolo"},
				"down": {"uv": [5, 4, 4, 5], "texture": "#kolo"}
			}
		},
		{
			"name": "Element",
			"from": [-1.25, -2.295, 15.295],
			"to": [0.25, -1.295, 18.295],
			"rotation": {"angle": 0, "axis": "y", "origin": [-8, 8, 8]},
			"faces": {
				"north": {"uv": [5, 4, 4, 5], "texture": "#kolo"},
				"east": {"uv": [5, 4, 4, 5], "texture": "#kolo"},
				"south": {"uv": [5, 4, 4, 5], "texture": "#kolo"},
				"west": {"uv": [5, 4, 4, 5], "texture": "#kolo"},
				"up": {"uv": [5, 4, 4, 5], "texture": "#kolo"},
				"down": {"uv": [5, 4, 4, 5], "texture": "#kolo"}
			}
		},
		{
			"name": "Element",
			"from": [-1.25, 12.55794, 11.48374],
			"to": [0.25, 14.56794, 12.48374],
			"rotation": {"angle": 45, "axis": "x", "origin": [2, -1.5842, -2.6584]},
			"faces": {
				"north": {"uv": [5, 4, 4, 5], "texture": "#kolo"},
				"east": {"uv": [5, 4, 4, 5], "texture": "#kolo"},
				"south": {"uv": [5, 4, 4, 5], "texture": "#kolo"},
				"west": {"uv": [5, 4, 4, 5], "texture": "#kolo"},
				"up": {"uv": [5, 4, 4, 5], "texture": "#kolo"},
				"down": {"uv": [5, 4, 4, 5], "texture": "#kolo"}
			}
		},
		{
			"name": "Element",
			"from": [-1.25, -1.125, 18.47],
			"to": [0.25, 1.885, 19.47],
			"rotation": {"angle": 0, "axis": "y", "origin": [-8, 8, 8]},
			"faces": {
				"north": {"uv": [5, 4, 4, 5], "texture": "#kolo"},
				"east": {"uv": [5, 4, 4, 5], "texture": "#kolo"},
				"south": {"uv": [5, 4, 4, 5], "texture": "#kolo"},
				"west": {"uv": [5, 4, 4, 5], "texture": "#kolo"},
				"up": {"uv": [5, 4, 4, 5], "texture": "#kolo"},
				"down": {"uv": [5, 4, 4, 5], "texture": "#kolo"}
			}
		},
		{
			"name": "Element",
			"from": [-1.25, 16.49004, 11.48004],
			"to": [0.25, 17.49004, 13.49004],
			"rotation": {"angle": 45, "axis": "x", "origin": [2, 2.3479, -2.6621]},
			"faces": {
				"north": {"uv": [5, 4, 4, 5], "texture": "#kolo"},
				"east": {"uv": [5, 4, 4, 5], "texture": "#kolo"},
				"south": {"uv": [5, 4, 4, 5], "texture": "#kolo"},
				"west": {"uv": [5, 4, 4, 5], "texture": "#kolo"},
				"up": {"uv": [5, 4, 4, 5], "texture": "#kolo"},
				"down": {"uv": [5, 4, 4, 5], "texture": "#kolo"}
			}
		},
		{
			"name": "Element",
			"from": [-1.25, 2.055, 15.295],
			"to": [0.25, 3.055, 18.295],
			"rotation": {"angle": 0, "axis": "y", "origin": [-8, 8, 8]},
			"faces": {
				"north": {"uv": [5, 4, 4, 5], "texture": "#kolo"},
				"east": {"uv": [5, 4, 4, 5], "texture": "#kolo"},
				"south": {"uv": [5, 4, 4, 5], "texture": "#kolo"},
				"west": {"uv": [5, 4, 4, 5], "texture": "#kolo"},
				"up": {"uv": [5, 4, 4, 5], "texture": "#kolo"},
				"down": {"uv": [5, 4, 4, 5], "texture": "#kolo"}
			}
		},
		{
			"name": "Element",
			"from": [-1.25, 15.77584, 8.26584],
			"to": [0.25, 17.78584, 9.26584],
			"rotation": {"angle": 45, "axis": "x", "origin": [2, 1.6337, -5.8763]},
			"faces": {
				"north": {"uv": [5, 4, 4, 5], "texture": "#kolo"},
				"east": {"uv": [5, 4, 4, 5], "texture": "#kolo"},
				"south": {"uv": [5, 4, 4, 5], "texture": "#kolo"},
				"west": {"uv": [5, 4, 4, 5], "texture": "#kolo"},
				"up": {"uv": [5, 4, 4, 5], "texture": "#kolo"},
				"down": {"uv": [5, 4, 4, 5], "texture": "#kolo"}
			}
		},
		{
			"name": "Element",
			"from": [-1.25, -1.12, 14.125],
			"to": [0.25, 1.88, 15.125],
			"rotation": {"angle": 0, "axis": "y", "origin": [-8, 8, 8]},
			"faces": {
				"north": {"uv": [5, 4, 4, 5], "texture": "#kolo"},
				"east": {"uv": [5, 4, 4, 5], "texture": "#kolo"},
				"south": {"uv": [5, 4, 4, 5], "texture": "#kolo"},
				"west": {"uv": [5, 4, 4, 5], "texture": "#kolo"},
				"up": {"uv": [5, 4, 4, 5], "texture": "#kolo"},
				"down": {"uv": [5, 4, 4, 5], "texture": "#kolo"}
			}
		},
		{
			"name": "Element",
			"from": [-1.5, -0.17, 16.295],
			"to": [0, 0.83, 17.295],
			"rotation": {"angle": 0, "axis": "y", "origin": [-8, 8, 8]},
			"faces": {
				"north": {"uv": [5, 1, 4, 2], "texture": "#kolo"},
				"east": {"uv": [5, 1, 4, 2], "texture": "#kolo"},
				"south": {"uv": [5, 1, 4, 2], "texture": "#kolo"},
				"west": {"uv": [5, 1, 4, 2], "texture": "#kolo"},
				"up": {"uv": [5, 1, 4, 2], "texture": "#kolo"},
				"down": {"uv": [5, 1, 4, 2], "texture": "#kolo"}
			}
		},
		{
			"name": "Element",
			"from": [-1, -1.67, 16.545],
			"to": [-0.5, 2.33, 17.045],
			"rotation": {"angle": 0, "axis": "y", "origin": [-8, 8, 8]},
			"faces": {
				"north": {"uv": [8, 1, 7, 2], "texture": "#kolo"},
				"east": {"uv": [8, 1, 7, 2], "texture": "#kolo"},
				"south": {"uv": [8, 1, 7, 2], "texture": "#kolo"},
				"west": {"uv": [8, 1, 7, 2], "texture": "#kolo"},
				"up": {"uv": [8, 1, 7, 2], "texture": "#kolo"},
				"down": {"uv": [8, 1, 7, 2], "texture": "#kolo"}
			}
		},
		{
			"name": "Element",
			"from": [-1, 0.08, 14.795],
			"to": [-0.5, 0.58, 18.795],
			"rotation": {"angle": 0, "axis": "y", "origin": [-8, 8, 8]},
			"faces": {
				"north": {"uv": [8, 1, 7, 2], "texture": "#kolo"},
				"east": {"uv": [8, 1, 7, 2], "texture": "#kolo"},
				"south": {"uv": [8, 1, 7, 2], "texture": "#kolo"},
				"west": {"uv": [8, 1, 7, 2], "texture": "#kolo"},
				"up": {"uv": [8, 1, 7, 2], "texture": "#kolo"},
				"down": {"uv": [8, 1, 7, 2], "texture": "#kolo"}
			}
		},
		{
			"name": "Element",
			"from": [-1, 12.97214, 9.18714],
			"to": [-0.5, 17.47214, 9.68714],
			"rotation": {"angle": 45, "axis": "x", "origin": [1.75, -1.17, -4.955]},
			"faces": {
				"north": {"uv": [8, 1, 7, 2], "texture": "#kolo"},
				"east": {"uv": [8, 1, 7, 2], "texture": "#kolo"},
				"south": {"uv": [8, 1, 7, 2], "texture": "#kolo"},
				"west": {"uv": [8, 1, 7, 2], "texture": "#kolo"},
				"up": {"uv": [8, 1, 7, 2], "texture": "#kolo"},
				"down": {"uv": [8, 1, 7, 2], "texture": "#kolo"}
			}
		},
		{
			"name": "Element",
			"from": [-1, -15.56214, -7.56286],
			"to": [-0.5, -11.06214, -7.06286],
			"rotation": {"angle": -45, "axis": "x", "origin": [1.75, -1.42, -21.705]},
			"faces": {
				"north": {"uv": [8, 1, 7, 2], "texture": "#kolo"},
				"east": {"uv": [8, 1, 7, 2], "texture": "#kolo"},
				"south": {"uv": [8, 1, 7, 2], "texture": "#kolo"},
				"west": {"uv": [8, 1, 7, 2], "texture": "#kolo"},
				"up": {"uv": [8, 1, 7, 2], "texture": "#kolo"},
				"down": {"uv": [8, 1, 7, 2], "texture": "#kolo"}
			}
		},
		{
			"name": "Element",
			"from": [-1.5, 2.305, -4.705],
			"to": [0.5, 3.305, -1.705],
			"rotation": {"angle": 0, "axis": "y", "origin": [-8, 8, -12]},
			"faces": {
				"north": {"uv": [2, 4, 1, 5], "texture": "#kolo"},
				"east": {"uv": [2, 4, 1, 5], "texture": "#kolo"},
				"south": {"uv": [2, 4, 1, 5], "texture": "#kolo"},
				"west": {"uv": [2, 4, 1, 5], "texture": "#kolo"},
				"up": {"uv": [2, 4, 1, 5], "texture": "#kolo"},
				"down": {"uv": [2, 4, 1, 5], "texture": "#kolo"}
			}
		},
		{
			"name": "Element",
			"from": [-1.5, -1.12, -6.125],
			"to": [0.5, 1.88, -5.125],
			"rotation": {"angle": 0, "axis": "y", "origin": [-8, 8, -12]},
			"faces": {
				"north": {"uv": [2, 4, 1, 5], "texture": "#kolo"},
				"east": {"uv": [2, 4, 1, 5], "texture": "#kolo"},
				"south": {"uv": [2, 4, 1, 5], "texture": "#kolo"},
				"west": {"uv": [2, 4, 1, 5], "texture": "#kolo"},
				"up": {"uv": [2, 4, 1, 5], "texture": "#kolo"},
				"down": {"uv": [2, 4, 1, 5], "texture": "#kolo"}
			}
		},
		{
			"name": "Element",
			"from": [-1.5, 16.02584, -11.98416],
			"to": [0.5, 18.03584, -10.98416],
			"rotation": {"angle": 45, "axis": "x", "origin": [2.25, 1.8837, -26.1263]},
			"faces": {
				"north": {"uv": [2, 4, 1, 5], "texture": "#kolo"},
				"east": {"uv": [2, 4, 1, 5], "texture": "#kolo"},
				"south": {"uv": [2, 4, 1, 5], "texture": "#kolo"},
				"west": {"uv": [2, 4, 1, 5], "texture": "#kolo"},
				"up": {"uv": [2, 4, 1, 5], "texture": "#kolo"},
				"down": {"uv": [2, 4, 1, 5], "texture": "#kolo"}
			}
		},
		{
			"name": "Element",
			"from": [-1.5, 13.01714, -11.98286],
			"to": [0.5, 14.01714, -9.97286],
			"rotation": {"angle": 45, "axis": "x", "origin": [2.25, -1.125, -26.125]},
			"faces": {
				"north": {"uv": [2, 4, 1, 5], "texture": "#kolo"},
				"east": {"uv": [2, 4, 1, 5], "texture": "#kolo"},
				"south": {"uv": [2, 4, 1, 5], "texture": "#kolo"},
				"west": {"uv": [2, 4, 1, 5], "texture": "#kolo"},
				"up": {"uv": [2, 4, 1, 5], "texture": "#kolo"},
				"down": {"uv": [2, 4, 1, 5], "texture": "#kolo"}
			}
		},
		{
			"name": "Element",
			"from": [-1.5, -2.545, -4.705],
			"to": [0.5, -1.545, -1.705],
			"rotation": {"angle": 0, "axis": "y", "origin": [-8, 8, -12]},
			"faces": {
				"north": {"uv": [2, 4, 1, 5], "texture": "#kolo"},
				"east": {"uv": [2, 4, 1, 5], "texture": "#kolo"},
				"south": {"uv": [2, 4, 1, 5], "texture": "#kolo"},
				"west": {"uv": [2, 4, 1, 5], "texture": "#kolo"},
				"up": {"uv": [2, 4, 1, 5], "texture": "#kolo"},
				"down": {"uv": [2, 4, 1, 5], "texture": "#kolo"}
			}
		},
		{
			"name": "Element",
			"from": [-1.5, 16.74004, -8.26996],
			"to": [0.5, 17.74004, -6.25996],
			"rotation": {"angle": 45, "axis": "x", "origin": [2.25, 2.5979, -22.4121]},
			"faces": {
				"north": {"uv": [2, 4, 1, 5], "texture": "#kolo"},
				"east": {"uv": [2, 4, 1, 5], "texture": "#kolo"},
				"south": {"uv": [2, 4, 1, 5], "texture": "#kolo"},
				"west": {"uv": [2, 4, 1, 5], "texture": "#kolo"},
				"up": {"uv": [2, 4, 1, 5], "texture": "#kolo"},
				"down": {"uv": [2, 4, 1, 5], "texture": "#kolo"}
			}
		},
		{
			"name": "Element",
			"from": [-1.5, 12.30794, -8.26626],
			"to": [0.5, 14.31794, -7.26626],
			"rotation": {"angle": 45, "axis": "x", "origin": [2.25, -1.8342, -22.4084]},
			"faces": {
				"north": {"uv": [2, 4, 1, 5], "texture": "#kolo"},
				"east": {"uv": [2, 4, 1, 5], "texture": "#kolo"},
				"south": {"uv": [2, 4, 1, 5], "texture": "#kolo"},
				"west": {"uv": [2, 4, 1, 5], "texture": "#kolo"},
				"up": {"uv": [2, 4, 1, 5], "texture": "#kolo"},
				"down": {"uv": [2, 4, 1, 5], "texture": "#kolo"}
			}
		},
		{
			"name": "Element",
			"from": [-1.5, -1.125, -1.28],
			"to": [0.5, 1.885, -0.28],
			"rotation": {"angle": 0, "axis": "y", "origin": [-8, 8, -12]},
			"faces": {
				"north": {"uv": [2, 4, 1, 5], "texture": "#kolo"},
				"east": {"uv": [2, 4, 1, 5], "texture": "#kolo"},
				"south": {"uv": [2, 4, 1, 5], "texture": "#kolo"},
				"west": {"uv": [2, 4, 1, 5], "texture": "#kolo"},
				"up": {"uv": [2, 4, 1, 5], "texture": "#kolo"},
				"down": {"uv": [2, 4, 1, 5], "texture": "#kolo"}
			}
		},
		{
			"name": "Element",
			"from": [-1.25, 13.26714, -11.73286],
			"to": [0.25, 14.26714, -9.72286],
			"rotation": {"angle": 45, "axis": "x", "origin": [2, -0.875, -25.875]},
			"faces": {
				"north": {"uv": [5, 4, 4, 5], "texture": "#kolo"},
				"east": {"uv": [5, 4, 4, 5], "texture": "#kolo"},
				"south": {"uv": [5, 4, 4, 5], "texture": "#kolo"},
				"west": {"uv": [5, 4, 4, 5], "texture": "#kolo"},
				"up": {"uv": [5, 4, 4, 5], "texture": "#kolo"},
				"down": {"uv": [5, 4, 4, 5], "texture": "#kolo"}
			}
		},
		{
			"name": "Element",
			"from": [-1.25, -2.295, -4.705],
			"to": [0.25, -1.295, -1.705],
			"rotation": {"angle": 0, "axis": "y", "origin": [-8, 8, -12]},
			"faces": {
				"north": {"uv": [5, 4, 4, 5], "texture": "#kolo"},
				"east": {"uv": [5, 4, 4, 5], "texture": "#kolo"},
				"south": {"uv": [5, 4, 4, 5], "texture": "#kolo"},
				"west": {"uv": [5, 4, 4, 5], "texture": "#kolo"},
				"up": {"uv": [5, 4, 4, 5], "texture": "#kolo"},
				"down": {"uv": [5, 4, 4, 5], "texture": "#kolo"}
			}
		},
		{
			"name": "Element",
			"from": [-1.25, 12.55794, -8.51626],
			"to": [0.25, 14.56794, -7.51626],
			"rotation": {"angle": 45, "axis": "x", "origin": [2, -1.5842, -22.6584]},
			"faces": {
				"north": {"uv": [5, 4, 4, 5], "texture": "#kolo"},
				"east": {"uv": [5, 4, 4, 5], "texture": "#kolo"},
				"south": {"uv": [5, 4, 4, 5], "texture": "#kolo"},
				"west": {"uv": [5, 4, 4, 5], "texture": "#kolo"},
				"up": {"uv": [5, 4, 4, 5], "texture": "#kolo"},
				"down": {"uv": [5, 4, 4, 5], "texture": "#kolo"}
			}
		},
		{
			"name": "Element",
			"from": [-1.25, -1.125, -1.53],
			"to": [0.25, 1.885, -0.53],
			"rotation": {"angle": 0, "axis": "y", "origin": [-8, 8, -12]},
			"faces": {
				"north": {"uv": [5, 4, 4, 5], "texture": "#kolo"},
				"east": {"uv": [5, 4, 4, 5], "texture": "#kolo"},
				"south": {"uv": [5, 4, 4, 5], "texture": "#kolo"},
				"west": {"uv": [5, 4, 4, 5], "texture": "#kolo"},
				"up": {"uv": [5, 4, 4, 5], "texture": "#kolo"},
				"down": {"uv": [5, 4, 4, 5], "texture": "#kolo"}
			}
		},
		{
			"name": "Element",
			"from": [-1.25, 16.49004, -8.51996],
			"to": [0.25, 17.49004, -6.50996],
			"rotation": {"angle": 45, "axis": "x", "origin": [2, 2.3479, -22.6621]},
			"faces": {
				"north": {"uv": [5, 4, 4, 5], "texture": "#kolo"},
				"east": {"uv": [5, 4, 4, 5], "texture": "#kolo"},
				"south": {"uv": [5, 4, 4, 5], "texture": "#kolo"},
				"west": {"uv": [5, 4, 4, 5], "texture": "#kolo"},
				"up": {"uv": [5, 4, 4, 5], "texture": "#kolo"},
				"down": {"uv": [5, 4, 4, 5], "texture": "#kolo"}
			}
		},
		{
			"name": "Element",
			"from": [-1.25, 2.055, -4.705],
			"to": [0.25, 3.055, -1.705],
			"rotation": {"angle": 0, "axis": "y", "origin": [-8, 8, -12]},
			"faces": {
				"north": {"uv": [5, 4, 4, 5], "texture": "#kolo"},
				"east": {"uv": [5, 4, 4, 5], "texture": "#kolo"},
				"south": {"uv": [5, 4, 4, 5], "texture": "#kolo"},
				"west": {"uv": [5, 4, 4, 5], "texture": "#kolo"},
				"up": {"uv": [5, 4, 4, 5], "texture": "#kolo"},
				"down": {"uv": [5, 4, 4, 5], "texture": "#kolo"}
			}
		},
		{
			"name": "Element",
			"from": [-1.25, 15.77584, -11.73416],
			"to": [0.25, 17.78584, -10.73416],
			"rotation": {"angle": 45, "axis": "x", "origin": [2, 1.6337, -25.8763]},
			"faces": {
				"north": {"uv": [5, 4, 4, 5], "texture": "#kolo"},
				"east": {"uv": [5, 4, 4, 5], "texture": "#kolo"},
				"south": {"uv": [5, 4, 4, 5], "texture": "#kolo"},
				"west": {"uv": [5, 4, 4, 5], "texture": "#kolo"},
				"up": {"uv": [5, 4, 4, 5], "texture": "#kolo"},
				"down": {"uv": [5, 4, 4, 5], "texture": "#kolo"}
			}
		},
		{
			"name": "Element",
			"from": [-1.25, -1.12, -5.875],
			"to": [0.25, 1.88, -4.875],
			"rotation": {"angle": 0, "axis": "y", "origin": [-8, 8, -12]},
			"faces": {
				"north": {"uv": [5, 4, 4, 5], "texture": "#kolo"},
				"east": {"uv": [5, 4, 4, 5], "texture": "#kolo"},
				"south": {"uv": [5, 4, 4, 5], "texture": "#kolo"},
				"west": {"uv": [5, 4, 4, 5], "texture": "#kolo"},
				"up": {"uv": [5, 4, 4, 5], "texture": "#kolo"},
				"down": {"uv": [5, 4, 4, 5], "texture": "#kolo"}
			}
		},
		{
			"name": "Element",
			"from": [-1.5, -0.17, -3.705],
			"to": [0, 0.83, -2.705],
			"rotation": {"angle": 0, "axis": "y", "origin": [-8, 8, -12]},
			"faces": {
				"north": {"uv": [5, 1, 4, 2], "texture": "#kolo"},
				"east": {"uv": [5, 1, 4, 2], "texture": "#kolo"},
				"south": {"uv": [5, 1, 4, 2], "texture": "#kolo"},
				"west": {"uv": [5, 1, 4, 2], "texture": "#kolo"},
				"up": {"uv": [5, 1, 4, 2], "texture": "#kolo"},
				"down": {"uv": [5, 1, 4, 2], "texture": "#kolo"}
			}
		},
		{
			"name": "Element",
			"from": [-1, -1.67, -3.455],
			"to": [-0.5, 2.33, -2.955],
			"rotation": {"angle": 0, "axis": "y", "origin": [-8, 8, -12]},
			"faces": {
				"north": {"uv": [8, 1, 7, 2], "texture": "#kolo"},
				"east": {"uv": [8, 1, 7, 2], "texture": "#kolo"},
				"south": {"uv": [8, 1, 7, 2], "texture": "#kolo"},
				"west": {"uv": [8, 1, 7, 2], "texture": "#kolo"},
				"up": {"uv": [8, 1, 7, 2], "texture": "#kolo"},
				"down": {"uv": [8, 1, 7, 2], "texture": "#kolo"}
			}
		},
		{
			"name": "Element",
			"from": [-1, 0.08, -5.205],
			"to": [-0.5, 0.58, -1.205],
			"rotation": {"angle": 0, "axis": "y", "origin": [-8, 8, -12]},
			"faces": {
				"north": {"uv": [8, 1, 7, 2], "texture": "#kolo"},
				"east": {"uv": [8, 1, 7, 2], "texture": "#kolo"},
				"south": {"uv": [8, 1, 7, 2], "texture": "#kolo"},
				"west": {"uv": [8, 1, 7, 2], "texture": "#kolo"},
				"up": {"uv": [8, 1, 7, 2], "texture": "#kolo"},
				"down": {"uv": [8, 1, 7, 2], "texture": "#kolo"}
			}
		},
		{
			"name": "Element",
			"from": [-1, 12.97214, -10.81286],
			"to": [-0.5, 17.47214, -10.31286],
			"rotation": {"angle": 45, "axis": "x", "origin": [1.75, -1.17, -24.955]},
			"faces": {
				"north": {"uv": [8, 1, 7, 2], "texture": "#kolo"},
				"east": {"uv": [8, 1, 7, 2], "texture": "#kolo"},
				"south": {"uv": [8, 1, 7, 2], "texture": "#kolo"},
				"west": {"uv": [8, 1, 7, 2], "texture": "#kolo"},
				"up": {"uv": [8, 1, 7, 2], "texture": "#kolo"},
				"down": {"uv": [8, 1, 7, 2], "texture": "#kolo"}
			}
		}
	],
	"display": {
		"thirdperson_righthand": {
			"rotation": [75, 45, 0],
			"translation": [0, 2.5, 0],
			"scale": [0.375, 0.375, 0.375]
		},
		"thirdperson_lefthand": {
			"rotation": [75, 45, 0],
			"translation": [0, 2.5, 0],
			"scale": [0.375, 0.375, 0.375]
		},
		"firstperson_righthand": {
			"rotation": [0, 45, 0],
			"scale": [0.4, 0.4, 0.4]
		},
		"firstperson_lefthand": {
			"rotation": [0, 45, 0],
			"scale": [0.4, 0.4, 0.4]
		},
		"ground": {
			"translation": [0, 3, 0],
			"scale": [0.25, 0.25, 0.25]
		},
		"gui": {
			"rotation": [30, 45, 0],
			"scale": [0.325, 0.325, 0.325]
		},
		"head": {
			"translation": [14, -9, 20],
			"scale": [3.2, 3.2, 3.2]
		},
		"fixed": {
			"scale": [0.5, 0.5, 0.5]
		}
	},
	"groups": [
		{
			"name": "ambulanza",
			"origin": [8, 8, 8],
			"children": [
				{
					"name": "steeringwheel",
					"origin": [8, 8, 8],
					"children": [0, 1, 2, 3, 4, 5, 6, 7, 8, 9]
				},
				{
					"name": "chair",
					"origin": [8, 8, 8],
					"children": [10, 11, 12, 13]
				},
				{
					"name": "chair",
					"origin": [8, 8, 8],
					"children": [14, 15]
				}, 16, 17, 18, 19, 20, 21, 22, 23, 24, 25, 26, 27, 28, 29, 30, 31, 32, 33, 34, 35, 36, 37, 38, 39, 40, 41, 42, 43, 44, 45, 46, 47, 48, 49, 50, 51, 52, 53, 54, 55, 56, 57, 58, 59, 60, 61, 62, 63, 64, 65, 66, 67, 68, 69, 70, 71, 72, 73, 74, 75, 76, 77, 78, 79, 80, 81, 82, 83, 84, 85, 86, 87, 88, 89, 90]
		},
		{
			"name": "ruota1",
			"origin": [17.75, -1.17, -4.955],
			"children": [91, 92, 93, 94, 95, 96, 97, 98, 99, 100, 101, 102, 103, 104, 105, 106, 107, 108, 109, 110, 111]
		}, 112, 113, 114, 115, 116, 117, 118,
		{
			"name": "ruota3",
			"origin": [17.75, -1.17, -4.955],
			"children": [119, 120, 121, 122, 123, 124, 125, 126, 127, 128, 129, 130, 131, 132, 133, 134, 135, 136, 137, 138, 139]
		},
		{
			"name": "ruota3",
			"origin": [17.75, -1.17, -4.955],
			"children": [140, 141, 142, 143, 144, 145, 146, 147, 148, 149, 150, 151, 152, 153, 154, 155, 156, 157, 158, 159, 160]
		},
		{
			"name": "ruota3",
			"origin": [17.75, -1.17, -4.955],
			"children": [161, 162, 163, 164, 165, 166, 167, 168, 169, 170, 171, 172, 173, 174, 175, 176, 177, 178, 179, 180, 181]
		}
	]
}