{
	"credit": "Made with Blockbench",
	"textures": {
		"0": "block/gray_concrete",
		"1": "block/lime_concrete",
		"2": "block/red_concrete",
		"particle": "gray_concrete"
	},
	"elements": [
		{
			"from": [8, 1.25, 10.5],
			"to": [9.25, 2, 17.75],
			"faces": {
				"north": {"uv": [0, 0, 1.25, 0.75], "texture": "#0"},
				"east": {"uv": [0, 0, 7.25, 0.75], "texture": "#0"},
				"south": {"uv": [0, 0, 1.25, 0.75], "texture": "#0"},
				"west": {"uv": [0, 0, 7.25, 0.75], "texture": "#0"},
				"up": {"uv": [0, 0, 1.25, 7.25], "texture": "#0"},
				"down": {"uv": [0, 0, 1.25, 7.25], "texture": "#0"}
			}
		},
		{
			"from": [8.25, 1.75, 10.75],
			"to": [9, 2.25, 11.25],
			"faces": {
				"north": {"uv": [0, 0, 0.75, 0.5], "texture": "#2"},
				"east": {"uv": [0, 0, 0.5, 0.5], "texture": "#2"},
				"south": {"uv": [0, 0, 0.75, 0.5], "texture": "#2"},
				"west": {"uv": [0, 0, 0.5, 0.5], "texture": "#2"},
				"up": {"uv": [0, 0, 0.75, 0.5], "texture": "#2"},
				"down": {"uv": [0, 0, 0.75, 0.5], "texture": "#2"}
			}
		},
		{
			"from": [8.25, 1.75, 11.5],
			"to": [9, 2.25, 12],
			"faces": {
				"north": {"uv": [0, 0, 0.75, 0.5], "texture": "#1"},
				"east": {"uv": [0, 0, 0.5, 0.5], "texture": "#1"},
				"south": {"uv": [0, 0, 0.75, 0.5], "texture": "#1"},
				"west": {"uv": [0, 0, 0.5, 0.5], "texture": "#1"},
				"up": {"uv": [0, 0, 0.75, 0.5], "texture": "#1"},
				"down": {"uv": [0, 0, 0.75, 0.5], "texture": "#1"}
			}
		},
		{
			"from": [3.25, 1.25, 9.75],
			"to": [4, 2, 13.75],
			"rotation": {"angle": 22.5, "axis": "y", "origin": [0, 0, 0]},
			"faces": {
				"north": {"uv": [0, 0, 0.75, 0.75], "texture": "#0"},
				"east": {"uv": [0, 0, 4, 0.75], "texture": "#0"},
				"south": {"uv": [0, 0, 0.75, 0.75], "texture": "#0"},
				"west": {"uv": [0, 0, 4, 0.75], "texture": "#0"},
				"up": {"uv": [0, 0, 0.75, 4], "texture": "#0"},
				"down": {"uv": [0, 0, 0.75, 4], "texture": "#0"}
			}
		},
		{
			"from": [6.75, 1.25, 4],
			"to": [7.5, 2, 8],
			"faces": {
				"north": {"uv": [0, 0, 0.75, 0.75], "texture": "#0"},
				"east": {"uv": [0, 0, 4, 0.75], "texture": "#0"},
				"south": {"uv": [0, 0, 0.75, 0.75], "texture": "#0"},
				"west": {"uv": [0, 0, 4, 0.75], "texture": "#0"},
				"up": {"uv": [0, 0, 0.75, 4], "texture": "#0"},
				"down": {"uv": [0, 0, 0.75, 4], "texture": "#0"}
			}
		},
		{
			"from": [6.75, 1.25, 3.5],
			"to": [10.75, 2, 4.25],
			"faces": {
				"north": {"uv": [0, 0, 4, 0.75], "texture": "#0"},
				"east": {"uv": [0, 0, 0.75, 0.75], "texture": "#0"},
				"south": {"uv": [0, 0, 4, 0.75], "texture": "#0"},
				"west": {"uv": [0, 0, 0.75, 0.75], "texture": "#0"},
				"up": {"uv": [0, 0, 0.75, 4], "rotation": 90, "texture": "#0"},
				"down": {"uv": [0, 0, 0.75, 4], "rotation": 270, "texture": "#0"}
			}
		},
		{
			"from": [10, 1.25, 4],
			"to": [10.75, 2, 8],
			"faces": {
				"north": {"uv": [0, 0, 0.75, 0.75], "texture": "#0"},
				"east": {"uv": [0, 0, 4, 0.75], "texture": "#0"},
				"south": {"uv": [0, 0, 0.75, 0.75], "texture": "#0"},
				"west": {"uv": [0, 0, 4, 0.75], "texture": "#0"},
				"up": {"uv": [0, 0, 0.75, 4], "texture": "#0"},
				"down": {"uv": [0, 0, 0.75, 4], "texture": "#0"}
			}
		},
		{
			"from": [12, 1.25, 3],
			"to": [12.75, 2, 7],
			"rotation": {"angle": -22.5, "axis": "y", "origin": [0, 0, 0]},
			"faces": {
				"north": {"uv": [0, 0, 0.75, 0.75], "texture": "#0"},
				"east": {"uv": [0, 0, 4, 0.75], "texture": "#0"},
				"south": {"uv": [0, 0, 0.75, 0.75], "texture": "#0"},
				"west": {"uv": [0, 0, 4, 0.75], "texture": "#0"},
				"up": {"uv": [0, 0, 0.75, 4], "texture": "#0"},
				"down": {"uv": [0, 0, 0.75, 4], "texture": "#0"}
			}
		}
	],
	"display": {
		"thirdperson_righthand": {
			"translation": [0, 6.75, -5.25],
			"scale": [1, 1, 0.91016]
		},
		"thirdperson_lefthand": {
			"translation": [0.75, 6.75, -4.75]
		},
		"firstperson_righthand": {
			"translation": [-2.75, 9.75, 0]
		},
		"firstperson_lefthand": {
			"translation": [0, 9.5, 0]
		},
		"ground": {
			"translation": [0, 3.5, 0]
		},
		"gui": {
			"rotation": [-97.32, 24.84, 159.07],
			"translation": [-3, -0.5, 0],
			"scale": [1.24805, 1.24805, 1.12305]
		},
		"fixed": {
			"rotation": [-91.25, 0, 0],
			"translation": [0, -3, -7.25],
			"scale": [1, 1, 1.15234]
		}
	}
}