{
	"credit": "Made with Blockbench",
	"textures": {
		"2": "block/anvil",
		"3": "block/orange_concrete",
		"4": "block/black_concrete",
		"5": "block/basalt_side",
		"6": "block/brewing_stand_base",
		"particle": "block/anvil"
	},
	"elements": [
		{
			"name": "Element",
			"from": [7.0441, 5.094, -13.5],
			"to": [9.0441, 9.594, 7.5],
			"faces": {
				"north": {"uv": [10, 4, 11, 5], "texture": "#missing"},
				"east": {"uv": [10, 4, 11, 5], "texture": "#2"},
				"south": {"uv": [10, 4, 11, 5], "texture": "#missing"},
				"west": {"uv": [10, 4, 11, 5], "texture": "#2"},
				"up": {"uv": [10, 4, 11, 5], "texture": "#2"},
				"down": {"uv": [10, 4, 11, 5], "texture": "#2"}
			}
		},
		{
			"name": "Element",
			"from": [2.0441, 2.594, 8.625],
			"to": [3.0441, 16.094, 10.125],
			"faces": {
				"north": {"uv": [7, 4, 8, 5], "texture": "#4"},
				"east": {"uv": [7, 4, 8, 5], "texture": "#4"},
				"south": {"uv": [7, 4, 8, 5], "texture": "#4"},
				"west": {"uv": [7, 4, 8, 5], "texture": "#4"},
				"up": {"uv": [7, 4, 8, 5], "texture": "#missing"},
				"down": {"uv": [7, 4, 8, 5], "texture": "#4"}
			}
		},
		{
			"name": "Element",
			"from": [3.0441, 2.594, 8.625],
			"to": [13.0441, 4.094, 10.125],
			"faces": {
				"north": {"uv": [7, 4, 8, 5], "texture": "#4"},
				"east": {"uv": [7, 4, 8, 5], "texture": "#missing"},
				"south": {"uv": [7, 4, 8, 5], "texture": "#4"},
				"west": {"uv": [7, 4, 8, 5], "texture": "#missing"},
				"up": {"uv": [7, 4, 8, 5], "texture": "#4"},
				"down": {"uv": [7, 4, 8, 5], "texture": "#4"}
			}
		},
		{
			"name": "Element",
			"from": [13.0441, 2.594, 8.625],
			"to": [14.0441, 16.094, 10.125],
			"faces": {
				"north": {"uv": [7, 4, 8, 5], "texture": "#4"},
				"east": {"uv": [7, 4, 8, 5], "texture": "#4"},
				"south": {"uv": [7, 4, 8, 5], "texture": "#4"},
				"west": {"uv": [7, 4, 8, 5], "texture": "#4"},
				"up": {"uv": [7, 4, 8, 5], "texture": "#missing"},
				"down": {"uv": [7, 4, 8, 5], "texture": "#4"}
			}
		},
		{
			"name": "Element",
			"from": [3.5441, 2.344, 11.5],
			"to": [12.5441, 7.344, 18.5],
			"faces": {
				"north": {"uv": [13, 1, 14, 2], "texture": "#missing"},
				"east": {"uv": [13, 1, 14, 2], "texture": "#3"},
				"south": {"uv": [13, 1, 14, 2], "texture": "#missing"},
				"west": {"uv": [13, 1, 14, 2], "texture": "#3"},
				"up": {"uv": [13, 1, 14, 2], "texture": "#missing"},
				"down": {"uv": [13, 1, 14, 2], "texture": "#3"}
			}
		},
		{
			"name": "Element",
			"from": [3.5441, 2.344, 11.5],
			"to": [12.5441, 8.299, 14],
			"rotation": {"angle": -22.5, "axis": "x", "origin": [4.04412, 2.34403, 11.5]},
			"faces": {
				"north": {"uv": [13, 1, 14, 2], "texture": "#3"},
				"east": {"uv": [13, 1, 14, 2], "texture": "#3"},
				"south": {"uv": [13, 1, 14, 2], "texture": "#missing"},
				"west": {"uv": [13, 1, 14, 2], "texture": "#3"},
				"up": {"uv": [13, 1, 14, 2], "texture": "#missing"},
				"down": {"uv": [13, 1, 14, 2], "texture": "#missing"}
			}
		},
		{
			"name": "Element",
			"from": [3.5441, 7.844, 9.22],
			"to": [12.5441, 8.844, 13.72],
			"faces": {
				"north": {"uv": [13, 1, 14, 2], "texture": "#3"},
				"east": {"uv": [13, 1, 14, 2], "texture": "#3"},
				"south": {"uv": [13, 1, 14, 2], "texture": "#missing"},
				"west": {"uv": [13, 1, 14, 2], "texture": "#3"},
				"up": {"uv": [13, 1, 14, 2], "texture": "#3"},
				"down": {"uv": [13, 1, 14, 2], "texture": "#missing"}
			}
		},
		{
			"name": "Element",
			"from": [3.5441, 5.844, 11.22],
			"to": [12.5441, 8.844, 13.72],
			"faces": {
				"north": {"uv": [13, 1, 14, 2], "texture": "#missing"},
				"east": {"uv": [13, 1, 14, 2], "texture": "#3"},
				"south": {"uv": [13, 1, 14, 2], "texture": "#missing"},
				"west": {"uv": [13, 1, 14, 2], "texture": "#3"},
				"up": {"uv": [13, 1, 14, 2], "texture": "#missing"},
				"down": {"uv": [13, 1, 14, 2], "texture": "#missing"}
			}
		},
		{
			"name": "Element",
			"from": [3.5441, 2.344, 18.5],
			"to": [12.5441, 5.344, 19.5],
			"rotation": {"angle": -22.5, "axis": "x", "origin": [4.04412, 2.34403, 18.5]},
			"faces": {
				"north": {"uv": [13, 1, 14, 2], "texture": "#missing"},
				"east": {"uv": [13, 1, 14, 2], "texture": "#3"},
				"south": {"uv": [13, 1, 14, 2], "texture": "#missing"},
				"west": {"uv": [13, 1, 14, 2], "texture": "#3"},
				"up": {"uv": [13, 1, 14, 2], "texture": "#missing"},
				"down": {"uv": [13, 1, 14, 2], "texture": "#3"}
			}
		},
		{
			"name": "Element",
			"from": [3.5441, 2.724, 16.425],
			"to": [12.5441, 4.024, 19.425],
			"rotation": {"angle": 22.5, "axis": "x", "origin": [4.04412, 2.72403, 19.425]},
			"faces": {
				"north": {"uv": [13, 1, 14, 2], "texture": "#missing"},
				"east": {"uv": [13, 1, 14, 2], "texture": "#3"},
				"south": {"uv": [13, 1, 14, 2], "texture": "#3"},
				"west": {"uv": [13, 1, 14, 2], "texture": "#3"},
				"up": {"uv": [13, 1, 14, 2], "texture": "#missing"},
				"down": {"uv": [13, 1, 14, 2], "texture": "#missing"}
			}
		},
		{
			"name": "Element",
			"from": [3.5441, 8.219, 13],
			"to": [12.5441, 9.708, 14],
			"rotation": {"angle": 22.5, "axis": "x", "origin": [4.04412, 8.21903, 13]},
			"faces": {
				"north": {"uv": [13, 1, 14, 2], "texture": "#3"},
				"east": {"uv": [13, 1, 14, 2], "texture": "#missing"},
				"south": {"uv": [13, 1, 14, 2], "texture": "#missing"},
				"west": {"uv": [13, 1, 14, 2], "texture": "#3"},
				"up": {"uv": [13, 1, 14, 2], "texture": "#missing"},
				"down": {"uv": [13, 1, 14, 2], "texture": "#missing"}
			}
		},
		{
			"name": "Element",
			"from": [3.5441, 6.594, 13.575],
			"to": [12.5441, 9.594, 17.575],
			"faces": {
				"north": {"uv": [13, 1, 14, 2], "texture": "#missing"},
				"east": {"uv": [13, 1, 14, 2], "texture": "#3"},
				"south": {"uv": [13, 1, 14, 2], "texture": "#missing"},
				"west": {"uv": [13, 1, 14, 2], "texture": "#3"},
				"up": {"uv": [13, 1, 14, 2], "texture": "#3"},
				"down": {"uv": [13, 1, 14, 2], "texture": "#missing"}
			}
		},
		{
			"name": "Element",
			"from": [3.5441, 3.454, 16.575],
			"to": [12.5441, 9.594, 17.575],
			"rotation": {"angle": -22.5, "axis": "x", "origin": [4.04412, 9.59403, 17.575]},
			"faces": {
				"north": {"uv": [13, 1, 14, 2], "texture": "#2"},
				"east": {"uv": [13, 1, 14, 2], "texture": "#3"},
				"south": {"uv": [13, 1, 14, 2], "texture": "#3"},
				"west": {"uv": [13, 1, 14, 2], "texture": "#3"},
				"up": {"uv": [13, 1, 14, 2], "texture": "#missing"},
				"down": {"uv": [13, 1, 14, 2], "texture": "#missing"}
			}
		},
		{
			"name": "Element",
			"from": [3.8441, 9.594, 15.375],
			"to": [4.3441, 11.594, 16.125],
			"rotation": {"angle": 22.5, "axis": "x", "origin": [4.04412, 9.59403, 15.375]},
			"faces": {
				"north": {"uv": [7, 1, 8, 2], "texture": "#4"},
				"east": {"uv": [7, 1, 8, 2], "texture": "#4"},
				"south": {"uv": [7, 1, 8, 2], "texture": "#4"},
				"west": {"uv": [7, 1, 8, 2], "texture": "#4"},
				"up": {"uv": [7, 1, 8, 2], "texture": "#missing"},
				"down": {"uv": [7, 1, 8, 2], "texture": "#missing"}
			}
		},
		{
			"name": "Element",
			"from": [3.8441, 11.844, 14.375],
			"to": [4.3441, 12.844, 16.875],
			"rotation": {"angle": 22.5, "axis": "x", "origin": [4.04412, 11.84403, 14.375]},
			"faces": {
				"north": {"uv": [7, 1, 8, 2], "texture": "#4"},
				"east": {"uv": [7, 1, 8, 2], "texture": "#4"},
				"south": {"uv": [7, 1, 8, 2], "texture": "#missing"},
				"west": {"uv": [7, 1, 8, 2], "texture": "#4"},
				"up": {"uv": [7, 1, 8, 2], "texture": "#4"},
				"down": {"uv": [7, 1, 8, 2], "texture": "#4"}
			}
		},
		{
			"name": "Element",
			"from": [3.8441, 10.969, 16.5],
			"to": [4.3441, 11.969, 19],
			"faces": {
				"north": {"uv": [7, 1, 8, 2], "texture": "#missing"},
				"east": {"uv": [7, 1, 8, 2], "texture": "#4"},
				"south": {"uv": [7, 1, 8, 2], "texture": "#4"},
				"west": {"uv": [7, 1, 8, 2], "texture": "#4"},
				"up": {"uv": [7, 1, 8, 2], "texture": "#4"},
				"down": {"uv": [7, 1, 8, 2], "texture": "#4"}
			}
		},
		{
			"name": "Element",
			"from": [5.2441, 4.219, 21.25],
			"to": [10.8941, 6.719, 21.75],
			"faces": {
				"north": {"uv": [4, 4, 5, 5], "texture": "#missing"},
				"east": {"uv": [4, 4, 5, 5], "texture": "#2"},
				"south": {"uv": [4, 4, 5, 5], "texture": "#missing"},
				"west": {"uv": [4, 4, 5, 5], "texture": "#2"},
				"up": {"uv": [4, 4, 5, 5], "texture": "#2"},
				"down": {"uv": [4, 4, 5, 5], "texture": "#2"}
			}
		},
		{
			"name": "Element",
			"from": [5.2441, 4.219, 21.25],
			"to": [10.8941, 6.719, 21.75],
			"rotation": {"angle": -22.5, "axis": "x", "origin": [4.04412, 5.46903, 21.5]},
			"faces": {
				"north": {"uv": [4, 4, 5, 5], "texture": "#missing"},
				"east": {"uv": [4, 4, 5, 5], "texture": "#2"},
				"south": {"uv": [4, 4, 5, 5], "texture": "#missing"},
				"west": {"uv": [4, 4, 5, 5], "texture": "#2"},
				"up": {"uv": [4, 4, 5, 5], "texture": "#2"},
				"down": {"uv": [4, 4, 5, 5], "texture": "#2"}
			}
		},
		{
			"name": "Element",
			"from": [5.2441, 5.219, 20.25],
			"to": [10.8941, 5.719, 22.75],
			"faces": {
				"north": {"uv": [4, 4, 5, 5], "texture": "#2"},
				"east": {"uv": [4, 4, 5, 5], "texture": "#2"},
				"south": {"uv": [4, 4, 5, 5], "texture": "#2"},
				"west": {"uv": [4, 4, 5, 5], "texture": "#2"},
				"up": {"uv": [4, 4, 5, 5], "texture": "#missing"},
				"down": {"uv": [4, 4, 5, 5], "texture": "#missing"}
			}
		},
		{
			"name": "Element",
			"from": [5.2441, 5.219, 20.25],
			"to": [10.8941, 5.719, 22.75],
			"rotation": {"angle": -22.5, "axis": "x", "origin": [4.04412, 5.46903, 21.5]},
			"faces": {
				"north": {"uv": [4, 4, 5, 5], "texture": "#2"},
				"east": {"uv": [4, 4, 5, 5], "texture": "#2"},
				"south": {"uv": [4, 4, 5, 5], "texture": "#2"},
				"west": {"uv": [4, 4, 5, 5], "texture": "#2"},
				"up": {"uv": [4, 4, 5, 5], "texture": "#missing"},
				"down": {"uv": [4, 4, 5, 5], "texture": "#missing"}
			}
		},
		{
			"name": "Element",
			"from": [5.2441, 5.219, 20.25],
			"to": [10.8941, 5.719, 22.75],
			"rotation": {"angle": -45, "axis": "x", "origin": [4.04412, 5.46903, 21.5]},
			"faces": {
				"north": {"uv": [4, 4, 5, 5], "texture": "#2"},
				"east": {"uv": [4, 4, 5, 5], "texture": "#2"},
				"south": {"uv": [4, 4, 5, 5], "texture": "#2"},
				"west": {"uv": [4, 4, 5, 5], "texture": "#2"},
				"up": {"uv": [4, 4, 5, 5], "texture": "#missing"},
				"down": {"uv": [4, 4, 5, 5], "texture": "#missing"}
			}
		},
		{
			"name": "Element",
			"from": [5.2441, 4.219, 21.25],
			"to": [10.8941, 6.719, 21.75],
			"rotation": {"angle": 22.5, "axis": "x", "origin": [4.04412, 5.46903, 21.5]},
			"faces": {
				"north": {"uv": [4, 4, 5, 5], "texture": "#missing"},
				"east": {"uv": [4, 4, 5, 5], "texture": "#2"},
				"south": {"uv": [4, 4, 5, 5], "texture": "#missing"},
				"west": {"uv": [4, 4, 5, 5], "texture": "#2"},
				"up": {"uv": [4, 4, 5, 5], "texture": "#2"},
				"down": {"uv": [4, 4, 5, 5], "texture": "#2"}
			}
		},
		{
			"name": "Element",
			"from": [5.2441, 5.219, 20.25],
			"to": [10.8941, 5.719, 22.75],
			"rotation": {"angle": 22.5, "axis": "x", "origin": [4.04412, 5.46903, 21.5]},
			"faces": {
				"north": {"uv": [4, 4, 5, 5], "texture": "#2"},
				"east": {"uv": [4, 4, 5, 5], "texture": "#2"},
				"south": {"uv": [4, 4, 5, 5], "texture": "#2"},
				"west": {"uv": [4, 4, 5, 5], "texture": "#2"},
				"up": {"uv": [4, 4, 5, 5], "texture": "#missing"},
				"down": {"uv": [4, 4, 5, 5], "texture": "#missing"}
			}
		},
		{
			"name": "Element",
			"from": [5.2441, 5.219, 20.25],
			"to": [10.8941, 5.719, 22.75],
			"rotation": {"angle": 45, "axis": "x", "origin": [4.04412, 5.46903, 21.5]},
			"faces": {
				"north": {"uv": [4, 4, 5, 5], "texture": "#2"},
				"east": {"uv": [4, 4, 5, 5], "texture": "#2"},
				"south": {"uv": [4, 4, 5, 5], "texture": "#2"},
				"west": {"uv": [4, 4, 5, 5], "texture": "#2"},
				"up": {"uv": [4, 4, 5, 5], "texture": "#missing"},
				"down": {"uv": [4, 4, 5, 5], "texture": "#missing"}
			}
		},
		{
			"name": "Element",
			"from": [4.5441, 7.219, 18.249],
			"to": [11.5441, 10.734, 19.25],
			"rotation": {"angle": -22.5, "axis": "x", "origin": [4.04412, 7.21903, 19.25]},
			"faces": {
				"north": {"uv": [13, 4, 14, 5], "texture": "#missing"},
				"east": {"uv": [13, 4, 14, 5], "texture": "#3"},
				"south": {"uv": [13, 4, 14, 5], "texture": "#3"},
				"west": {"uv": [13, 4, 14, 5], "texture": "#3"},
				"up": {"uv": [13, 4, 14, 5], "texture": "#missing"},
				"down": {"uv": [13, 4, 14, 5], "texture": "#missing"}
			}
		},
		{
			"name": "Element",
			"from": [4.5441, 5.218, 18.5],
			"to": [11.5441, 7.219, 19.25],
			"faces": {
				"north": {"uv": [13, 4, 14, 5], "texture": "#missing"},
				"east": {"uv": [13, 4, 14, 5], "texture": "#3"},
				"south": {"uv": [13, 4, 14, 5], "texture": "#3"},
				"west": {"uv": [13, 4, 14, 5], "texture": "#3"},
				"up": {"uv": [13, 4, 14, 5], "texture": "#missing"},
				"down": {"uv": [13, 4, 14, 5], "texture": "#missing"}
			}
		},
		{
			"name": "Element",
			"from": [4.5441, 6.719, 7.75],
			"to": [11.5441, 11.719, 14.875],
			"faces": {
				"north": {"uv": [13, 4, 14, 5], "texture": "#3"},
				"east": {"uv": [13, 4, 14, 5], "texture": "#3"},
				"south": {"uv": [13, 4, 14, 5], "texture": "#3"},
				"west": {"uv": [13, 4, 14, 5], "texture": "#3"},
				"up": {"uv": [13, 4, 14, 5], "texture": "#3"},
				"down": {"uv": [13, 4, 14, 5], "texture": "#missing"}
			}
		},
		{
			"name": "Element",
			"from": [4.5441, 8.719, 14.875],
			"to": [11.5441, 11.719, 18.16],
			"rotation": {"angle": 22.5, "axis": "x", "origin": [4.04412, 11.71903, 14.875]},
			"faces": {
				"north": {"uv": [13, 4, 14, 5], "texture": "#missing"},
				"east": {"uv": [13, 4, 14, 5], "texture": "#3"},
				"south": {"uv": [13, 4, 14, 5], "texture": "#missing"},
				"west": {"uv": [13, 4, 14, 5], "texture": "#3"},
				"up": {"uv": [13, 4, 14, 5], "texture": "#3"},
				"down": {"uv": [13, 4, 14, 5], "texture": "#missing"}
			}
		},
		{
			"name": "Element",
			"from": [4.0441, 10.219, 8.5],
			"to": [4.5441, 12.719, 9.5],
			"rotation": {"angle": -45, "axis": "x", "origin": [4.04412, 10.21903, 8.5]},
			"faces": {
				"north": {"uv": [7, 7, 8, 8], "texture": "#5"},
				"east": {"uv": [7, 7, 8, 8], "texture": "#5"},
				"south": {"uv": [7, 7, 8, 8], "texture": "#5"},
				"west": {"uv": [7, 7, 8, 8], "texture": "#5"},
				"up": {"uv": [7, 7, 8, 8], "texture": "#missing"},
				"down": {"uv": [7, 7, 8, 8], "texture": "#missing"}
			}
		},
		{
			"name": "Element",
			"from": [11.5559, 10.219, 8.5],
			"to": [12.0559, 12.719, 9.5],
			"rotation": {"angle": -45, "axis": "x", "origin": [11.95588, 10.21903, 8.5]},
			"faces": {
				"north": {"uv": [7, 7, 8, 8], "texture": "#5"},
				"east": {"uv": [7, 7, 8, 8], "texture": "#5"},
				"south": {"uv": [7, 7, 8, 8], "texture": "#5"},
				"west": {"uv": [7, 7, 8, 8], "texture": "#5"},
				"up": {"uv": [7, 7, 8, 8], "texture": "#missing"},
				"down": {"uv": [7, 7, 8, 8], "texture": "#missing"}
			}
		},
		{
			"name": "Element",
			"from": [4.0441, 11.9863, 6.7409],
			"to": [4.5441, 14.4863, 7.7409],
			"rotation": {"angle": -22.5, "axis": "x", "origin": [4.04412, 11.96903, 6.75]},
			"faces": {
				"north": {"uv": [7, 7, 8, 8], "texture": "#5"},
				"east": {"uv": [7, 7, 8, 8], "texture": "#5"},
				"south": {"uv": [7, 7, 8, 8], "texture": "#5"},
				"west": {"uv": [7, 7, 8, 8], "texture": "#5"},
				"up": {"uv": [7, 7, 8, 8], "texture": "#missing"},
				"down": {"uv": [7, 7, 8, 8], "texture": "#missing"}
			}
		},
		{
			"name": "Element",
			"from": [11.5559, 11.9863, 6.7409],
			"to": [12.0559, 14.4863, 7.7409],
			"rotation": {"angle": -22.5, "axis": "x", "origin": [11.95588, 11.96903, 6.75]},
			"faces": {
				"north": {"uv": [7, 7, 8, 8], "texture": "#5"},
				"east": {"uv": [7, 7, 8, 8], "texture": "#5"},
				"south": {"uv": [7, 7, 8, 8], "texture": "#5"},
				"west": {"uv": [7, 7, 8, 8], "texture": "#5"},
				"up": {"uv": [7, 7, 8, 8], "texture": "#missing"},
				"down": {"uv": [7, 7, 8, 8], "texture": "#missing"}
			}
		},
		{
			"name": "Element",
			"from": [4.0441, 14.294, 5.78],
			"to": [4.5441, 15.794, 6.78],
			"faces": {
				"north": {"uv": [7, 7, 8, 8], "texture": "#5"},
				"east": {"uv": [7, 7, 8, 8], "texture": "#5"},
				"south": {"uv": [7, 7, 8, 8], "texture": "#5"},
				"west": {"uv": [7, 7, 8, 8], "texture": "#5"},
				"up": {"uv": [7, 7, 8, 8], "texture": "#missing"},
				"down": {"uv": [7, 7, 8, 8], "texture": "#missing"}
			}
		},
		{
			"name": "Element",
			"from": [11.5559, 14.294, 5.78],
			"to": [12.0559, 15.794, 6.78],
			"faces": {
				"north": {"uv": [7, 7, 8, 8], "texture": "#5"},
				"east": {"uv": [7, 7, 8, 8], "texture": "#5"},
				"south": {"uv": [7, 7, 8, 8], "texture": "#5"},
				"west": {"uv": [7, 7, 8, 8], "texture": "#5"},
				"up": {"uv": [7, 7, 8, 8], "texture": "#missing"},
				"down": {"uv": [7, 7, 8, 8], "texture": "#missing"}
			}
		},
		{
			"name": "Element",
			"from": [4.0441, 15.794, 5.78],
			"to": [4.5441, 18.394, 6.78],
			"rotation": {"angle": 22.5, "axis": "x", "origin": [4.04412, 15.79403, 5.78]},
			"faces": {
				"north": {"uv": [7, 7, 8, 8], "texture": "#5"},
				"east": {"uv": [7, 7, 8, 8], "texture": "#5"},
				"south": {"uv": [7, 7, 8, 8], "texture": "#5"},
				"west": {"uv": [7, 7, 8, 8], "texture": "#5"},
				"up": {"uv": [7, 7, 8, 8], "texture": "#5"},
				"down": {"uv": [7, 7, 8, 8], "texture": "#missing"}
			}
		},
		{
			"name": "Element",
			"from": [4.5441, 17.794, 5.78],
			"to": [11.5441, 18.394, 6.78],
			"rotation": {"angle": 22.5, "axis": "x", "origin": [5.04412, 15.79403, 5.78]},
			"faces": {
				"north": {"uv": [7, 7, 8, 8], "texture": "#5"},
				"east": {"uv": [7, 7, 8, 8], "texture": "#missing"},
				"south": {"uv": [7, 7, 8, 8], "texture": "#5"},
				"west": {"uv": [7, 7, 8, 8], "texture": "#missing"},
				"up": {"uv": [7, 7, 8, 8], "texture": "#5"},
				"down": {"uv": [7, 7, 8, 8], "texture": "#5"}
			}
		},
		{
			"name": "Element",
			"from": [11.5559, 15.794, 5.78],
			"to": [12.0559, 18.394, 6.78],
			"rotation": {"angle": 22.5, "axis": "x", "origin": [11.95588, 15.79403, 5.78]},
			"faces": {
				"north": {"uv": [7, 7, 8, 8], "texture": "#5"},
				"east": {"uv": [7, 7, 8, 8], "texture": "#4"},
				"south": {"uv": [7, 7, 8, 8], "texture": "#5"},
				"west": {"uv": [7, 7, 8, 8], "texture": "#5"},
				"up": {"uv": [7, 7, 8, 8], "texture": "#5"},
				"down": {"uv": [7, 7, 8, 8], "texture": "#missing"}
			}
		},
		{
			"name": "Element",
			"from": [4.0441, 2.694, 7],
			"to": [12.0441, 7.194, 11.5],
			"faces": {
				"north": {"uv": [1, 1, 2, 2], "texture": "#6"},
				"east": {"uv": [1, 1, 2, 2], "texture": "#6"},
				"south": {"uv": [1, 1, 2, 2], "texture": "#missing"},
				"west": {"uv": [1, 1, 2, 2], "texture": "#6"},
				"up": {"uv": [1, 1, 2, 2], "texture": "#6"},
				"down": {"uv": [1, 1, 2, 2], "texture": "#6"}
			}
		},
		{
			"name": "Element",
			"from": [5.0441, 8.719, 19.25],
			"to": [11.0441, 10.719, 22.75],
			"rotation": {"angle": 22.5, "axis": "x", "origin": [4.04412, 8.71903, 19.25]},
			"faces": {
				"north": {"uv": [1, 1, 2, 2], "texture": "#missing"},
				"east": {"uv": [1, 1, 2, 2], "texture": "#3"},
				"south": {"uv": [1, 1, 2, 2], "texture": "#missing"},
				"west": {"uv": [1, 1, 2, 2], "texture": "#3"},
				"up": {"uv": [1, 1, 2, 2], "texture": "#missing"},
				"down": {"uv": [1, 1, 2, 2], "texture": "#3"}
			}
		},
		{
			"name": "Element",
			"from": [5.0441, 8.719, 13.25],
			"to": [11.0441, 14.719, 19.75],
			"rotation": {"angle": -22.5, "axis": "x", "origin": [4.04412, 8.71903, 19.25]},
			"faces": {
				"north": {"uv": [1, 1, 2, 2], "texture": "#missing"},
				"east": {"uv": [1, 1, 2, 2], "texture": "#3"},
				"south": {"uv": [1, 1, 2, 2], "texture": "#missing"},
				"west": {"uv": [1, 1, 2, 2], "texture": "#3"},
				"up": {"uv": [1, 1, 2, 2], "texture": "#3"},
				"down": {"uv": [1, 1, 2, 2], "texture": "#3"}
			}
		},
		{
			"name": "Element",
			"from": [5.0441, 8.719, 19.75],
			"to": [11.0441, 13.719, 20.75],
			"rotation": {"angle": -22.5, "axis": "x", "origin": [4.04412, 8.71903, 19.25]},
			"faces": {
				"north": {"uv": [1, 1, 2, 2], "texture": "#missing"},
				"east": {"uv": [1, 1, 2, 2], "texture": "#3"},
				"south": {"uv": [1, 1, 2, 2], "texture": "#missing"},
				"west": {"uv": [1, 1, 2, 2], "texture": "#3"},
				"up": {"uv": [1, 1, 2, 2], "texture": "#missing"},
				"down": {"uv": [1, 1, 2, 2], "texture": "#missing"}
			}
		},
		{
			"name": "Element",
			"from": [5.0441, 8.719, 20.75],
			"to": [11.0441, 13.019, 21.75],
			"rotation": {"angle": -22.5, "axis": "x", "origin": [4.04412, 8.71903, 20.25]},
			"faces": {
				"north": {"uv": [1, 1, 2, 2], "texture": "#missing"},
				"east": {"uv": [1, 1, 2, 2], "texture": "#3"},
				"south": {"uv": [1, 1, 2, 2], "texture": "#missing"},
				"west": {"uv": [1, 1, 2, 2], "texture": "#3"},
				"up": {"uv": [1, 1, 2, 2], "texture": "#missing"},
				"down": {"uv": [1, 1, 2, 2], "texture": "#missing"}
			}
		},
		{
			"name": "Element",
			"from": [5.0441, 8.719, 21.75],
			"to": [11.0441, 12.419, 22.95],
			"rotation": {"angle": -22.5, "axis": "x", "origin": [4.04412, 8.71903, 21.25]},
			"faces": {
				"north": {"uv": [1, 1, 2, 2], "texture": "#missing"},
				"east": {"uv": [1, 1, 2, 2], "texture": "#3"},
				"south": {"uv": [1, 1, 2, 2], "texture": "#missing"},
				"west": {"uv": [1, 1, 2, 2], "texture": "#3"},
				"up": {"uv": [1, 1, 2, 2], "texture": "#missing"},
				"down": {"uv": [1, 1, 2, 2], "texture": "#missing"}
			}
		},
		{
			"name": "Element",
			"from": [5.0441, 13.959, 17.42],
			"to": [11.0441, 14.459, 22.355],
			"rotation": {"angle": 22.5, "axis": "x", "origin": [4.04412, 14.45903, 17.42]},
			"faces": {
				"north": {"uv": [1, 1, 2, 2], "texture": "#missing"},
				"east": {"uv": [1, 1, 2, 2], "texture": "#3"},
				"south": {"uv": [1, 1, 2, 2], "texture": "#missing"},
				"west": {"uv": [1, 1, 2, 2], "texture": "#3"},
				"up": {"uv": [1, 1, 2, 2], "texture": "#3"},
				"down": {"uv": [1, 1, 2, 2], "texture": "#missing"}
			}
		},
		{
			"name": "Element",
			"from": [5.0441, 13.559, 17.72],
			"to": [11.0441, 14.059, 22.355],
			"rotation": {"angle": 22.5, "axis": "x", "origin": [4.04412, 14.45903, 17.42]},
			"faces": {
				"north": {"uv": [1, 1, 2, 2], "texture": "#missing"},
				"east": {"uv": [1, 1, 2, 2], "texture": "#3"},
				"south": {"uv": [1, 1, 2, 2], "texture": "#missing"},
				"west": {"uv": [1, 1, 2, 2], "texture": "#3"},
				"up": {"uv": [1, 1, 2, 2], "texture": "#missing"},
				"down": {"uv": [1, 1, 2, 2], "texture": "#missing"}
			}
		},
		{
			"name": "Element",
			"from": [5.0441, 7.679, 23.465],
			"to": [11.0441, 12.764, 23.965],
			"rotation": {"angle": -22.5, "axis": "x", "origin": [4.04412, 7.67903, 23.465]},
			"faces": {
				"north": {"uv": [1, 1, 2, 2], "texture": "#missing"},
				"east": {"uv": [1, 1, 2, 2], "texture": "#3"},
				"south": {"uv": [1, 1, 2, 2], "texture": "#3"},
				"west": {"uv": [1, 1, 2, 2], "texture": "#3"},
				"up": {"uv": [1, 1, 2, 2], "texture": "#missing"},
				"down": {"uv": [1, 1, 2, 2], "texture": "#missing"}
			}
		},
		{
			"name": "Element",
			"from": [5.0441, 7.379, 22.48],
			"to": [11.0441, 7.879, 23.925],
			"faces": {
				"north": {"uv": [1, 1, 2, 2], "texture": "#missing"},
				"east": {"uv": [1, 1, 2, 2], "texture": "#3"},
				"south": {"uv": [1, 1, 2, 2], "texture": "#3"},
				"west": {"uv": [1, 1, 2, 2], "texture": "#3"},
				"up": {"uv": [1, 1, 2, 2], "texture": "#missing"},
				"down": {"uv": [1, 1, 2, 2], "texture": "#3"}
			}
		},
		{
			"name": "Element",
			"from": [5.0441, 7.879, 22.48],
			"to": [11.0441, 8.879, 23.425],
			"faces": {
				"north": {"uv": [1, 1, 2, 2], "texture": "#missing"},
				"east": {"uv": [1, 1, 2, 2], "texture": "#3"},
				"south": {"uv": [1, 1, 2, 2], "texture": "#missing"},
				"west": {"uv": [1, 1, 2, 2], "texture": "#3"},
				"up": {"uv": [1, 1, 2, 2], "texture": "#missing"},
				"down": {"uv": [1, 1, 2, 2], "texture": "#missing"}
			}
		},
		{
			"name": "Element",
			"from": [5.5441, 2.969, 20.25],
			"to": [10.5441, 8.469, 22.25],
			"faces": {
				"north": {"uv": [13, 4, 14, 5], "texture": "#3"},
				"east": {"uv": [13, 4, 14, 5], "texture": "#3"},
				"south": {"uv": [13, 4, 14, 5], "texture": "#missing"},
				"west": {"uv": [13, 4, 14, 5], "texture": "#3"},
				"up": {"uv": [13, 4, 14, 5], "texture": "#missing"},
				"down": {"uv": [13, 4, 14, 5], "texture": "#3"}
			}
		},
		{
			"name": "Element",
			"from": [5.5441, 2.969, 22.25],
			"to": [10.5441, 8.469, 23.75],
			"rotation": {"angle": -22.5, "axis": "x", "origin": [4.04412, 2.96903, 22.25]},
			"faces": {
				"north": {"uv": [13, 4, 14, 5], "texture": "#missing"},
				"east": {"uv": [13, 4, 14, 5], "texture": "#3"},
				"south": {"uv": [13, 4, 14, 5], "texture": "#3"},
				"west": {"uv": [13, 4, 14, 5], "texture": "#3"},
				"up": {"uv": [13, 4, 14, 5], "texture": "#missing"},
				"down": {"uv": [13, 4, 14, 5], "texture": "#3"}
			}
		},
		{
			"name": "Element",
			"from": [5.5441, 5.094, 21.875],
			"to": [10.5441, 7.594, 22.875],
			"faces": {
				"north": {"uv": [13, 4, 14, 5], "texture": "#missing"},
				"east": {"uv": [13, 4, 14, 5], "texture": "#3"},
				"south": {"uv": [13, 4, 14, 5], "texture": "#3"},
				"west": {"uv": [13, 4, 14, 5], "texture": "#3"},
				"up": {"uv": [13, 4, 14, 5], "texture": "#missing"},
				"down": {"uv": [13, 4, 14, 5], "texture": "#missing"}
			}
		},
		{
			"name": "Element",
			"from": [5.5441, 5.469, 20.75],
			"to": [10.5441, 8.969, 22.25],
			"rotation": {"angle": -22.5, "axis": "x", "origin": [4.04412, 5.46903, 20.75]},
			"faces": {
				"north": {"uv": [13, 4, 14, 5], "texture": "#3"},
				"east": {"uv": [13, 4, 14, 5], "texture": "#3"},
				"south": {"uv": [13, 4, 14, 5], "texture": "#missing"},
				"west": {"uv": [13, 4, 14, 5], "texture": "#3"},
				"up": {"uv": [13, 4, 14, 5], "texture": "#missing"},
				"down": {"uv": [13, 4, 14, 5], "texture": "#missing"}
			}
		},
		{
			"name": "Element",
			"from": [6.0441, 2.469, 18.875],
			"to": [10.0441, 8.469, 20.875],
			"faces": {
				"north": {"uv": [4, 7, 5, 8], "texture": "#missing"},
				"east": {"uv": [4, 7, 5, 8], "texture": "#3"},
				"south": {"uv": [4, 7, 5, 8], "texture": "#3"},
				"west": {"uv": [4, 7, 5, 8], "texture": "#3"},
				"up": {"uv": [4, 7, 5, 8], "texture": "#missing"},
				"down": {"uv": [4, 7, 5, 8], "texture": "#3"}
			}
		},
		{
			"name": "Element",
			"from": [6.0441, 7.594, 19],
			"to": [10.0441, 11.594, 20],
			"rotation": {"angle": -22.5, "axis": "x", "origin": [4.04412, 7.59403, 19]},
			"faces": {
				"north": {"uv": [4, 7, 5, 8], "texture": "#missing"},
				"east": {"uv": [4, 7, 5, 8], "texture": "#3"},
				"south": {"uv": [4, 7, 5, 8], "texture": "#missing"},
				"west": {"uv": [4, 7, 5, 8], "texture": "#3"},
				"up": {"uv": [4, 7, 5, 8], "texture": "#missing"},
				"down": {"uv": [4, 7, 5, 8], "texture": "#missing"}
			}
		},
		{
			"name": "Element",
			"from": [6.5441, 3.094, 22.25],
			"to": [9.5441, 4.094, 29.75],
			"faces": {
				"north": {"uv": [10, 4, 11, 5], "texture": "#missing"},
				"east": {"uv": [10, 4, 11, 5], "texture": "#4"},
				"south": {"uv": [10, 4, 11, 5], "texture": "#missing"},
				"west": {"uv": [10, 4, 11, 5], "texture": "#4"},
				"up": {"uv": [10, 4, 11, 5], "texture": "#4"},
				"down": {"uv": [10, 4, 11, 5], "texture": "#4"}
			}
		},
		{
			"name": "Element",
			"from": [6.5441, 3.094, 28.75],
			"to": [9.5441, 4.494, 29.75],
			"rotation": {"angle": 22.5, "axis": "x", "origin": [4.04412, 3.09403, 29.75]},
			"faces": {
				"north": {"uv": [10, 4, 11, 5], "texture": "#4"},
				"east": {"uv": [10, 4, 11, 5], "texture": "#4"},
				"south": {"uv": [10, 4, 11, 5], "texture": "#4"},
				"west": {"uv": [10, 4, 11, 5], "texture": "#4"},
				"up": {"uv": [10, 4, 11, 5], "texture": "#missing"},
				"down": {"uv": [10, 4, 11, 5], "texture": "#missing"}
			}
		},
		{
			"name": "Element",
			"from": [6.5441, 4.379, 29.285],
			"to": [9.5441, 5.879, 30.285],
			"faces": {
				"north": {"uv": [10, 4, 11, 5], "texture": "#4"},
				"east": {"uv": [10, 4, 11, 5], "texture": "#4"},
				"south": {"uv": [10, 4, 11, 5], "texture": "#4"},
				"west": {"uv": [10, 4, 11, 5], "texture": "#4"},
				"up": {"uv": [10, 4, 11, 5], "texture": "#missing"},
				"down": {"uv": [10, 4, 11, 5], "texture": "#missing"}
			}
		},
		{
			"name": "Element",
			"from": [6.5441, 4.879, 28.87],
			"to": [9.5441, 5.879, 30.285],
			"rotation": {"angle": 45, "axis": "x", "origin": [4.04412, 5.87903, 30.285]},
			"faces": {
				"north": {"uv": [10, 4, 11, 5], "texture": "#missing"},
				"east": {"uv": [10, 4, 11, 5], "texture": "#4"},
				"south": {"uv": [10, 4, 11, 5], "texture": "#missing"},
				"west": {"uv": [10, 4, 11, 5], "texture": "#4"},
				"up": {"uv": [10, 4, 11, 5], "texture": "#4"},
				"down": {"uv": [10, 4, 11, 5], "texture": "#4"}
			}
		},
		{
			"name": "Element",
			"from": [6.5441, 5.879, 21.885],
			"to": [9.5441, 6.879, 29.285],
			"rotation": {"angle": 22.5, "axis": "x", "origin": [4.04412, 6.87903, 29.285]},
			"faces": {
				"north": {"uv": [10, 4, 11, 5], "texture": "#missing"},
				"east": {"uv": [10, 4, 11, 5], "texture": "#4"},
				"south": {"uv": [10, 4, 11, 5], "texture": "#missing"},
				"west": {"uv": [10, 4, 11, 5], "texture": "#4"},
				"up": {"uv": [10, 4, 11, 5], "texture": "#4"},
				"down": {"uv": [10, 4, 11, 5], "texture": "#4"}
			}
		},
		{
			"name": "Element",
			"from": [7.5441, 6.844, 24.5],
			"to": [8.5441, 8.344, 25.5],
			"rotation": {"angle": -45, "axis": "x", "origin": [4.04412, 6.84403, 24.5]},
			"faces": {
				"north": {"uv": [7, 1, 8, 2], "texture": "#5"},
				"east": {"uv": [7, 1, 8, 2], "texture": "#5"},
				"south": {"uv": [7, 1, 8, 2], "texture": "#missing"},
				"west": {"uv": [7, 1, 8, 2], "texture": "#5"},
				"up": {"uv": [7, 1, 8, 2], "texture": "#missing"},
				"down": {"uv": [7, 1, 8, 2], "texture": "#5"}
			}
		},
		{
			"name": "Element",
			"from": [5.0441, 11.594, 10],
			"to": [11.0441, 13.094, 16.5],
			"faces": {
				"north": {"uv": [1, 4, 2, 5], "texture": "#3"},
				"east": {"uv": [1, 4, 2, 5], "texture": "#3"},
				"south": {"uv": [1, 4, 2, 5], "texture": "#missing"},
				"west": {"uv": [1, 4, 2, 5], "texture": "#3"},
				"up": {"uv": [1, 4, 2, 5], "texture": "#3"},
				"down": {"uv": [1, 4, 2, 5], "texture": "#missing"}
			}
		},
		{
			"name": "Element",
			"from": [5.0441, 9.219, 12.875],
			"to": [11.0441, 13.219, 16.375],
			"rotation": {"angle": -22.5, "axis": "x", "origin": [4.04412, 14.21903, 16.375]},
			"faces": {
				"north": {"uv": [1, 4, 2, 5], "texture": "#missing"},
				"east": {"uv": [1, 4, 2, 5], "texture": "#missing"},
				"south": {"uv": [1, 4, 2, 5], "texture": "#missing"},
				"west": {"uv": [1, 4, 2, 5], "texture": "#3"},
				"up": {"uv": [1, 4, 2, 5], "texture": "#3"},
				"down": {"uv": [1, 4, 2, 5], "texture": "#missing"}
			}
		},
		{
			"name": "Element",
			"from": [6.0441, 6.594, 6],
			"to": [10.0441, 11.094, 8],
			"faces": {
				"north": {"uv": [10, 7, 11, 8], "texture": "#6"},
				"east": {"uv": [10, 7, 11, 8], "texture": "#6"},
				"south": {"uv": [10, 7, 11, 8], "texture": "#missing"},
				"west": {"uv": [10, 7, 11, 8], "texture": "#6"},
				"up": {"uv": [10, 7, 11, 8], "texture": "#6"},
				"down": {"uv": [10, 7, 11, 8], "texture": "#6"}
			}
		},
		{
			"name": "Element",
			"from": [7.0441, 5.094, -14.5],
			"to": [9.0441, 7.094, -13.5],
			"rotation": {"angle": 22.5, "axis": "x", "origin": [4.04412, 5.09403, -13.5]},
			"faces": {
				"north": {"uv": [10, 4, 11, 5], "texture": "#missing"},
				"east": {"uv": [10, 4, 11, 5], "texture": "#2"},
				"south": {"uv": [10, 4, 11, 5], "texture": "#missing"},
				"west": {"uv": [10, 4, 11, 5], "texture": "#2"},
				"up": {"uv": [10, 4, 11, 5], "texture": "#missing"},
				"down": {"uv": [10, 4, 11, 5], "texture": "#2"}
			}
		},
		{
			"name": "Element",
			"from": [7.0441, 7.594, -14.5],
			"to": [9.0441, 9.594, -13.5],
			"rotation": {"angle": -22.5, "axis": "x", "origin": [4.04412, 9.59403, -13.5]},
			"faces": {
				"north": {"uv": [10, 4, 11, 5], "texture": "#missing"},
				"east": {"uv": [10, 4, 11, 5], "texture": "#2"},
				"south": {"uv": [10, 4, 11, 5], "texture": "#missing"},
				"west": {"uv": [10, 4, 11, 5], "texture": "#2"},
				"up": {"uv": [10, 4, 11, 5], "texture": "#2"},
				"down": {"uv": [10, 4, 11, 5], "texture": "#missing"}
			}
		},
		{
			"name": "Element",
			"from": [7.0441, 5.5114, -14.4033],
			"to": [9.0441, 6.5114, -12.4033],
			"rotation": {"angle": -45, "axis": "x", "origin": [4.04412, 5.46903, -14.375]},
			"faces": {
				"north": {"uv": [10, 4, 11, 5], "texture": "#2"},
				"east": {"uv": [10, 4, 11, 5], "texture": "#2"},
				"south": {"uv": [10, 4, 11, 5], "texture": "#missing"},
				"west": {"uv": [10, 4, 11, 5], "texture": "#2"},
				"up": {"uv": [10, 4, 11, 5], "texture": "#missing"},
				"down": {"uv": [10, 4, 11, 5], "texture": "#missing"}
			}
		},
		{
			"name": "Element",
			"from": [7.0441, 8.1766, -14.4033],
			"to": [9.0441, 9.1766, -12.4033],
			"rotation": {"angle": 45, "axis": "x", "origin": [4.04412, 9.21903, -14.375]},
			"faces": {
				"north": {"uv": [10, 4, 11, 5], "texture": "#2"},
				"east": {"uv": [10, 4, 11, 5], "texture": "#2"},
				"south": {"uv": [10, 4, 11, 5], "texture": "#missing"},
				"west": {"uv": [10, 4, 11, 5], "texture": "#2"},
				"up": {"uv": [10, 4, 11, 5], "texture": "#missing"},
				"down": {"uv": [10, 4, 11, 5], "texture": "#missing"}
			}
		},
		{
			"name": "Element",
			"from": [7.0441, 6.1856, -15.0979],
			"to": [9.0441, 7.1856, -13.0979],
			"rotation": {"angle": -22.5, "axis": "x", "origin": [4.04412, 6.09403, -15.125]},
			"faces": {
				"north": {"uv": [10, 4, 11, 5], "texture": "#2"},
				"east": {"uv": [10, 4, 11, 5], "texture": "#2"},
				"south": {"uv": [10, 4, 11, 5], "texture": "#missing"},
				"west": {"uv": [10, 4, 11, 5], "texture": "#2"},
				"up": {"uv": [10, 4, 11, 5], "texture": "#missing"},
				"down": {"uv": [10, 4, 11, 5], "texture": "#missing"}
			}
		},
		{
			"name": "Element",
			"from": [7.0441, 7.5024, -15.0979],
			"to": [9.0441, 8.5024, -13.0979],
			"rotation": {"angle": 22.5, "axis": "x", "origin": [4.04412, 8.59403, -15.125]},
			"faces": {
				"north": {"uv": [10, 4, 11, 5], "texture": "#2"},
				"east": {"uv": [10, 4, 11, 5], "texture": "#2"},
				"south": {"uv": [10, 4, 11, 5], "texture": "#missing"},
				"west": {"uv": [10, 4, 11, 5], "texture": "#2"},
				"up": {"uv": [10, 4, 11, 5], "texture": "#missing"},
				"down": {"uv": [10, 4, 11, 5], "texture": "#missing"}
			}
		},
		{
			"name": "Element",
			"from": [7.0441, 7.099, -15.52],
			"to": [9.0441, 7.574, -14.52],
			"faces": {
				"north": {"uv": [10, 4, 11, 5], "texture": "#2"},
				"east": {"uv": [10, 4, 11, 5], "texture": "#2"},
				"south": {"uv": [10, 4, 11, 5], "texture": "#missing"},
				"west": {"uv": [10, 4, 11, 5], "texture": "#2"},
				"up": {"uv": [10, 4, 11, 5], "texture": "#missing"},
				"down": {"uv": [10, 4, 11, 5], "texture": "#missing"}
			}
		},
		{
			"name": "Element",
			"from": [2.0441, 16.094, 8.625],
			"to": [3.0441, 18.594, 10.125],
			"rotation": {"angle": 22.5, "axis": "x", "origin": [2.04412, 16.09403, 8.625]},
			"faces": {
				"north": {"uv": [7, 4, 8, 5], "texture": "#4"},
				"east": {"uv": [7, 4, 8, 5], "texture": "#4"},
				"south": {"uv": [7, 4, 8, 5], "texture": "#4"},
				"west": {"uv": [7, 4, 8, 5], "texture": "#4"},
				"up": {"uv": [7, 4, 8, 5], "texture": "#4"},
				"down": {"uv": [7, 4, 8, 5], "texture": "#missing"}
			}
		},
		{
			"name": "Element",
			"from": [3.0441, 17.094, 8.625],
			"to": [13.0441, 18.594, 10.125],
			"rotation": {"angle": 22.5, "axis": "x", "origin": [3.04412, 16.09403, 8.625]},
			"faces": {
				"north": {"uv": [7, 4, 8, 5], "texture": "#4"},
				"east": {"uv": [7, 4, 8, 5], "texture": "#missing"},
				"south": {"uv": [7, 4, 8, 5], "texture": "#4"},
				"west": {"uv": [7, 4, 8, 5], "texture": "#missing"},
				"up": {"uv": [7, 4, 8, 5], "texture": "#4"},
				"down": {"uv": [7, 4, 8, 5], "texture": "#4"}
			}
		},
		{
			"name": "Element",
			"from": [13.0441, 16.094, 8.625],
			"to": [14.0441, 18.594, 10.125],
			"rotation": {"angle": 22.5, "axis": "x", "origin": [13.04412, 16.09403, 8.625]},
			"faces": {
				"north": {"uv": [7, 4, 8, 5], "texture": "#4"},
				"east": {"uv": [7, 4, 8, 5], "texture": "#4"},
				"south": {"uv": [7, 4, 8, 5], "texture": "#4"},
				"west": {"uv": [7, 4, 8, 5], "texture": "#4"},
				"up": {"uv": [7, 4, 8, 5], "texture": "#4"},
				"down": {"uv": [7, 4, 8, 5], "texture": "#missing"}
			}
		},
		{
			"name": "Element",
			"from": [4.0441, 10.219, 8.5],
			"to": [12.0441, 11.219, 13.5],
			"rotation": {"angle": 22.5, "axis": "x", "origin": [4.04412, 10.21903, 8.5]},
			"faces": {
				"north": {"uv": [7, 7, 8, 8], "texture": "#missing"},
				"east": {"uv": [7, 7, 8, 8], "texture": "#5"},
				"south": {"uv": [7, 7, 8, 8], "texture": "#missing"},
				"west": {"uv": [7, 7, 8, 8], "texture": "#3"},
				"up": {"uv": [7, 7, 8, 8], "texture": "#5"},
				"down": {"uv": [7, 7, 8, 8], "texture": "#5"}
			}
		}
	],
	"display": {
		"thirdperson_righthand": {
			"rotation": [80, 0, 0],
			"translation": [0, 2.5, 0],
			"scale": [0.75, 0.75, 0.75]
		},
		"thirdperson_lefthand": {
			"rotation": [80, 0, 0],
			"translation": [0, 2.5, 0],
			"scale": [0.75, 0.75, 0.75]
		},
		"firstperson_righthand": {
			"rotation": [28, 0, 0],
			"translation": [3, 0.5, -1.5],
			"scale": [0.75, 0.75, 0.75]
		},
		"firstperson_lefthand": {
			"rotation": [34, 0, 0],
			"translation": [3, 0.5, -1.25],
			"scale": [0.75, 0.75, 0.75]
		},
		"ground": {
			"translation": [0, 3, 0],
			"scale": [0.25, 0.25, 0.25]
		},
		"gui": {
			"rotation": [30, 225, 0],
			"scale": [0.45, 0.45, 0.45]
		},
		"head": {
			"translation": [0, -2, 0]
		},
		"fixed": {
			"rotation": [-25, 91, 23],
			"translation": [-1.25, 0, -1.75],
			"scale": [0.82, 0.94, 1]
		}
	}
}