{
	"parent": "item/handheld",
	"textures": {
		"layer0": "item/leather_boots"
	},
"overrides": [
		{ "predicate": {"damaged": 0, "damage": 0.015151515151515152}, "model": "item/cars/gtr"},
		{ "predicate": {"damaged": 0, "damage": 0.030303030303030304}, "model": "item/cars/bike"},
		{ "predicate": {"damaged": 0, "damage": 0.045454545454545456}, "model": "item/cars/plane"},
		{ "predicate": {"damaged": 0, "damage": 0.06060606060606061}, "model": "item/cars/speeder"},
		{ "predicate": {"damaged": 0, "damage": 0.07575757575757576}, "model": "item/cars/boat"},
		{ "predicate": {"damaged": 0, "damage": 0.09090909090909091}, "model": "item/cars/helicopter"},
		{ "predicate": {"damaged": 0, "damage": 0.10606060606060606}, "model": "item/cars/helicopter_rotor"},
		{ "predicate": {"damaged": 0, "damage": 0.12121212121212122}, "model": "item/cars/tank_base"},
		{ "predicate": {"damaged": 0, "damage": 0.13636363636363635}, "model": "item/cars/tank_turret"},
		{ "predicate": {"damaged": 0, "damage": 0.15151515151515152}, "model": "item/cars/audir8"},
		{ "predicate": {"damaged": 0, "damage": 0.1666666666666667}, "model": "item/cars/alfa-romeo-159"},
		{ "predicate": {"damaged": 0, "damage": 0.1818181818181818}, "model": "item/cars/alfa-romeo-166"},
		{ "predicate": {"damaged": 0, "damage": 0.196969696969697}, "model": "item/cars/alfa-romeo-sprint"},
		{ "predicate": {"damaged": 0, "damage": 0.2121212121212121}, "model": "item/cars/alfa-romeo-spider"},
		{ "predicate": {"damaged": 0, "damage": 0.2272727272727273}, "model": "item/cars/taxi"},
		{ "predicate": {"damaged": 0, "damage": 0.2424242424242424}, "model": "item/cars/barca1"},
		{ "predicate": {"damaged": 0, "damage": 0.2575757575757576}, "model": "item/cars/barca2"},
		{ "predicate": {"damaged": 0, "damage": 0.2727272727272727}, "model": "item/cars/polizia"},
		{ "predicate": {"damaged": 0, "damage": 0.2878787878787879}, "model": "item/cars/carabinieri"},
		{ "predicate": {"damaged": 0, "damage": 0.303030303030303}, "model": "item/cars/finanza"},
		{ "predicate": {"damaged": 0, "damage": 0.3181818181818182}, "model": "item/cars/ambulanza"},
		{ "predicate": {"damaged": 0, "damage": 0.3333333333333333}, "model": "item/cars/motoar"},
		{ "predicate": {"damaged": 0, "damage": 0.3484848484848485}, "model": "item/cars/motolim"},
		{ "predicate": {"damaged": 0, "damage": 0.3636363636363636}, "model": "item/cars/magaz"},
		{ "predicate": {"damaged": 0, "damage": 0.3787878787878788}, "model": "item/cars/jeep"},
		{ "predicate": {"damaged": 0, "damage": 0.3939393939393939}, "model": "item/cars/camionvdf"},
		{ "predicate": {"damaged": 0, "damage": 0.4090909090909091}, "model": "item/cars/bicicletta_blu"},
		{ "predicate": {"damaged": 0, "damage": 0.4242424242424242}, "model": "item/cars/bicicletta_magenta"},
		{ "predicate": {"damaged": 0, "damage": 0.4393939393939394}, "model": "item/cars/bicicletta_gialla"},
		{ "predicate": {"damaged": 0, "damage": 0.4545454545454545}, "model": "item/cars/bicicletta_viola"},
		{ "predicate": {"damaged": 0, "damage": 0.4696969696969697}, "model": "item/cars/bicicletta_rossa"},
		{ "predicate": {"damaged": 0, "damage": 0.4848484848484848}, "model": "item/cars/bicicletta_verde"},
		{ "predicate": {"damaged": 0, "damage": 0.5}, "model": "item/cars/alfa-romeo-159-blu"},
		{ "predicate": {"damaged": 0, "damage": 0.5151515151515152}, "model": "item/cars/alfa-romeo-sprint-rosa"},
		{ "predicate": {"damaged": 0, "damage": 0.5303030303030303}, "model": "item/cars/motonera"},
		{ "predicate": {"damaged": 0, "damage": 0.5454545454545455}, "model": "item/cars/nasa"},
		{ "predicate": {"damaged": 0, "damage": 0.5606060606060606}, "model": "item/cars/alfa-romeo-sprint-blu"},
		{ "predicate": {"damaged": 0, "damage": 0.5757575757575758}, "model": "item/cars/gokart_bianco"},
		{ "predicate": {"damaged": 0, "damage": 0.5909090909090909}, "model": "item/cars/teslacybertruck"},
		{ "predicate": {"damaged": 0, "damage": 0.6060606060606061}, "model": "item/cars/evento"}

	]
}