{
	"credit": "Made with Blockbench",
	"textures": {
		"2": "block/gray_concrete",
		"3": "block/light_gray_concrete",
		"4": "block/black_concrete",
		"5": "block/iron_block",
		"6": "block/blue_concrete",
		"particle": "block/blue_concrete"
	},
	"elements": [
		{
			"name": "stick2",
			"from": [7.75, 2.75, 7],
			"to": [8.25, 4.75, 9],
			"rotation": {"angle": 45, "axis": "y", "origin": [8, 1.75, 8]},
			"faces": {
				"north": {"uv": [0, 8, 0.5, 10], "texture": "#4"},
				"east": {"uv": [0, 8, 2, 10], "texture": "#4"},
				"south": {"uv": [0, 8, 0.5, 10], "texture": "#4"},
				"west": {"uv": [0, 8, 2, 10], "texture": "#4"},
				"up": {"uv": [0, 8, 0.5, 10], "texture": "#4"},
				"down": {"uv": [0, 8, 0.5, 10], "texture": "#4"}
			}
		},
		{
			"name": "stick2",
			"from": [7, 2.75, 7.75],
			"to": [9, 4.75, 8.25],
			"faces": {
				"north": {"uv": [0, 8, 2, 10], "rotation": 90, "texture": "#4"},
				"east": {"uv": [0, 8, 2, 8.5], "rotation": 90, "texture": "#4"},
				"south": {"uv": [0, 8, 2, 10], "rotation": 90, "texture": "#4"},
				"west": {"uv": [0, 8, 2, 8.5], "rotation": 90, "texture": "#4"},
				"up": {"uv": [0, 8, 0.5, 10], "rotation": 90, "texture": "#4"},
				"down": {"uv": [0, 8, 0.5, 10], "rotation": 90, "texture": "#4"}
			}
		},
		{
			"name": "stick2",
			"from": [7, 2.75, 7.75],
			"to": [7.2, 5.25, 8.25],
			"rotation": {"angle": 45, "axis": "y", "origin": [8, 1.75, 8]},
			"faces": {
				"north": {"uv": [0, 8, 2.5, 10], "rotation": 90, "texture": "#4"},
				"east": {"uv": [0, 8, 2.5, 8.5], "rotation": 90, "texture": "#4"},
				"south": {"uv": [0, 8, 2.5, 10], "rotation": 90, "texture": "#4"},
				"west": {"uv": [0, 8, 2.5, 8.5], "rotation": 90, "texture": "#4"},
				"up": {"uv": [0, 8, 0.5, 10], "rotation": 90, "texture": "#4"},
				"down": {"uv": [0, 8, 0.5, 10], "rotation": 90, "texture": "#4"}
			}
		},
		{
			"name": "stick2",
			"from": [7.75, 2.75, 7],
			"to": [8.25, 4.75, 9],
			"faces": {
				"north": {"uv": [0, 8, 0.5, 10], "texture": "#4"},
				"east": {"uv": [0, 8, 2, 10], "texture": "#4"},
				"south": {"uv": [0, 8, 0.5, 10], "texture": "#4"},
				"west": {"uv": [0, 8, 2, 10], "texture": "#4"},
				"up": {"uv": [0, 8, 0.5, 10], "texture": "#4"},
				"down": {"uv": [0, 8, 0.5, 10], "texture": "#4"}
			}
		},
		{
			"name": "stick3",
			"from": [7.75, 4.75, 7.25],
			"to": [8.25, 7.75, 8.75],
			"rotation": {"angle": 45, "axis": "y", "origin": [8, 3.75, 8]},
			"faces": {
				"north": {"uv": [8, 13, 8.5, 16], "texture": "#5"},
				"east": {"uv": [8, 13, 9.5, 16], "texture": "#5"},
				"south": {"uv": [8, 13, 8.5, 16], "texture": "#5"},
				"west": {"uv": [8, 13, 9.5, 16], "texture": "#5"},
				"up": {"uv": [8, 13, 8.5, 14.5], "texture": "#5"},
				"down": {"uv": [8, 13, 8.5, 14.5], "texture": "#5"}
			}
		},
		{
			"name": "stick3",
			"from": [7.75, 4.75, 7.25],
			"to": [8.25, 7.75, 8.75],
			"faces": {
				"north": {"uv": [8, 13, 8.5, 16], "texture": "#5"},
				"east": {"uv": [8, 13, 9.5, 16], "texture": "#5"},
				"south": {"uv": [8, 13, 8.5, 16], "texture": "#5"},
				"west": {"uv": [8, 13, 9.5, 16], "texture": "#5"},
				"up": {"uv": [8, 13, 8.5, 14.5], "texture": "#5"},
				"down": {"uv": [8, 13, 8.5, 14.5], "texture": "#5"}
			}
		},
		{
			"name": "stick3",
			"from": [7.25, 4.75, 7.75],
			"to": [8.75, 7.75, 8.25],
			"rotation": {"angle": 45, "axis": "y", "origin": [8, 3.75, 8]},
			"faces": {
				"north": {"uv": [8, 13, 11, 14.5], "rotation": 90, "texture": "#5"},
				"east": {"uv": [8, 13, 11, 13.5], "rotation": 90, "texture": "#5"},
				"south": {"uv": [8, 13, 11, 14.5], "rotation": 90, "texture": "#5"},
				"west": {"uv": [8, 13, 11, 13.5], "rotation": 90, "texture": "#5"},
				"up": {"uv": [8, 13, 8.5, 14.5], "rotation": 90, "texture": "#5"},
				"down": {"uv": [8, 13, 8.5, 14.5], "rotation": 90, "texture": "#5"}
			}
		},
		{
			"name": "stick3",
			"from": [7.25, 4.75, 7.75],
			"to": [8.75, 7.75, 8.25],
			"faces": {
				"north": {"uv": [8, 13, 11, 14.5], "rotation": 90, "texture": "#5"},
				"east": {"uv": [8, 13, 11, 13.5], "rotation": 90, "texture": "#5"},
				"south": {"uv": [8, 13, 11, 14.5], "rotation": 90, "texture": "#5"},
				"west": {"uv": [8, 13, 11, 13.5], "rotation": 90, "texture": "#5"},
				"up": {"uv": [8, 13, 8.5, 14.5], "rotation": 90, "texture": "#5"},
				"down": {"uv": [8, 13, 8.5, 14.5], "rotation": 90, "texture": "#5"}
			}
		},
		{
			"name": "stick1",
			"from": [7, 9, 7.5],
			"to": [9, 10, 8.5],
			"rotation": {"angle": 45, "axis": "y", "origin": [8, 7, 8]},
			"faces": {
				"north": {"uv": [8, 8, 9, 10], "rotation": 90, "texture": "#4"},
				"east": {"uv": [8, 8, 9, 9], "rotation": 90, "texture": "#4"},
				"south": {"uv": [8, 8, 9, 10], "rotation": 90, "texture": "#4"},
				"west": {"uv": [8, 8, 9, 9], "rotation": 90, "texture": "#4"},
				"up": {"uv": [8, 8, 9, 10], "rotation": 90, "texture": "#4"},
				"down": {"uv": [8, 8, 9, 10], "rotation": 90, "texture": "#4"}
			}
		},
		{
			"name": "stick1",
			"from": [7, 9.25, 7.5],
			"to": [9, 10, 8.5],
			"faces": {
				"north": {"uv": [8, 8, 8.75, 10], "rotation": 90, "texture": "#4"},
				"east": {"uv": [8, 8, 8.75, 9], "rotation": 90, "texture": "#4"},
				"south": {"uv": [8, 8, 8.75, 10], "rotation": 90, "texture": "#4"},
				"west": {"uv": [8, 8, 8.75, 9], "rotation": 90, "texture": "#4"},
				"up": {"uv": [8, 8, 9, 10], "rotation": 90, "texture": "#4"},
				"down": {"uv": [8, 8, 9, 10], "rotation": 90, "texture": "#4"}
			}
		},
		{
			"name": "stick1",
			"from": [7.5, 9, 7],
			"to": [8.5, 10, 9],
			"rotation": {"angle": 45, "axis": "y", "origin": [8, 7, 8]},
			"faces": {
				"north": {"uv": [8, 8, 9, 9], "texture": "#4"},
				"east": {"uv": [8, 8, 10, 9], "texture": "#4"},
				"south": {"uv": [8, 8, 9, 9], "texture": "#4"},
				"west": {"uv": [8, 8, 10, 9], "texture": "#4"},
				"up": {"uv": [8, 8, 9, 10], "texture": "#4"},
				"down": {"uv": [8, 8, 9, 10], "texture": "#4"}
			}
		},
		{
			"name": "stick1",
			"from": [7.5, 9.25, 7],
			"to": [8.5, 10, 9],
			"faces": {
				"north": {"uv": [8, 8, 9, 8.75], "texture": "#4"},
				"east": {"uv": [8, 8, 10, 8.75], "texture": "#4"},
				"south": {"uv": [8, 8, 9, 8.75], "texture": "#4"},
				"west": {"uv": [8, 8, 10, 8.75], "texture": "#4"},
				"up": {"uv": [8, 8, 9, 10], "texture": "#4"},
				"down": {"uv": [8, 8, 9, 10], "texture": "#4"}
			}
		},
		{
			"name": "stick4",
			"from": [7.75, 8.5, 7.25],
			"to": [8.25, 9.5, 8.75],
			"rotation": {"angle": 45, "axis": "y", "origin": [8, 7.5, 8]},
			"faces": {
				"north": {"uv": [8, 13, 8.5, 14], "texture": "#2"},
				"east": {"uv": [8, 13, 9.5, 14], "texture": "#2"},
				"south": {"uv": [8, 13, 8.5, 14], "texture": "#2"},
				"west": {"uv": [8, 13, 9.5, 14], "texture": "#2"},
				"up": {"uv": [8, 13, 8.5, 14.5], "texture": "#2"},
				"down": {"uv": [8, 13, 8.5, 14.5], "texture": "#2"}
			}
		},
		{
			"name": "stick4",
			"from": [7.75, 8.5, 7.25],
			"to": [8.25, 9.5, 8.75],
			"rotation": {"angle": 0, "axis": "y", "origin": [8, 11.75, 8]},
			"faces": {
				"north": {"uv": [8, 13, 8.5, 14], "texture": "#2"},
				"east": {"uv": [8, 13, 9.5, 14], "texture": "#2"},
				"south": {"uv": [8, 13, 8.5, 14], "texture": "#2"},
				"west": {"uv": [8, 13, 9.5, 14], "texture": "#2"},
				"up": {"uv": [8, 13, 8.5, 14.5], "texture": "#2"},
				"down": {"uv": [8, 13, 8.5, 14.5], "texture": "#2"}
			}
		},
		{
			"name": "stick4",
			"from": [7.25, 8.5, 7.75],
			"to": [8.75, 9.5, 8.25],
			"rotation": {"angle": 45, "axis": "y", "origin": [8, 7.5, 8]},
			"faces": {
				"north": {"uv": [8, 13, 9, 14.5], "rotation": 90, "texture": "#2"},
				"east": {"uv": [8, 13, 9, 13.5], "rotation": 90, "texture": "#2"},
				"south": {"uv": [8, 13, 9, 14.5], "rotation": 90, "texture": "#2"},
				"west": {"uv": [8, 13, 9, 13.5], "rotation": 90, "texture": "#2"},
				"up": {"uv": [8, 13, 8.5, 14.5], "rotation": 90, "texture": "#2"},
				"down": {"uv": [8, 13, 8.5, 14.5], "rotation": 90, "texture": "#2"}
			}
		},
		{
			"name": "stick4",
			"from": [7.25, 8.5, 7.75],
			"to": [8.75, 9.5, 8.25],
			"rotation": {"angle": 0, "axis": "y", "origin": [8, 11.75, 8]},
			"faces": {
				"north": {"uv": [8, 13, 9, 14.5], "rotation": 90, "texture": "#2"},
				"east": {"uv": [8, 13, 9, 13.5], "rotation": 90, "texture": "#2"},
				"south": {"uv": [8, 13, 9, 14.5], "rotation": 90, "texture": "#2"},
				"west": {"uv": [8, 13, 9, 13.5], "rotation": 90, "texture": "#2"},
				"up": {"uv": [8, 13, 8.5, 14.5], "rotation": 90, "texture": "#2"},
				"down": {"uv": [8, 13, 8.5, 14.5], "rotation": 90, "texture": "#2"}
			}
		},
		{
			"name": "stick5",
			"from": [7.8, 7.7, 7.4],
			"to": [8.2, 8.5, 8.6],
			"rotation": {"angle": 45, "axis": "y", "origin": [8, 6.8, 8]},
			"faces": {
				"north": {"uv": [8, 13, 8.5, 14], "texture": "#3"},
				"east": {"uv": [8, 13, 9.5, 14], "texture": "#3"},
				"south": {"uv": [8, 13, 8.5, 14], "texture": "#3"},
				"west": {"uv": [8, 13, 9.5, 14], "texture": "#3"},
				"up": {"uv": [8, 13, 8.5, 14.5], "texture": "#3"},
				"down": {"uv": [8, 13, 8.5, 14.5], "texture": "#3"}
			}
		},
		{
			"name": "stick5",
			"from": [7.8, 7.7, 7.4],
			"to": [8.2, 8.5, 8.6],
			"rotation": {"angle": 0, "axis": "y", "origin": [8, 10.2, 8]},
			"faces": {
				"north": {"uv": [8, 13, 8.5, 14], "texture": "#3"},
				"east": {"uv": [8, 13, 9.5, 14], "texture": "#3"},
				"south": {"uv": [8, 13, 8.5, 14], "texture": "#3"},
				"west": {"uv": [8, 13, 9.5, 14], "texture": "#3"},
				"up": {"uv": [8, 13, 8.5, 14.5], "texture": "#3"},
				"down": {"uv": [8, 13, 8.5, 14.5], "texture": "#3"}
			}
		},
		{
			"name": "stick5",
			"from": [7.4, 7.7, 7.8],
			"to": [8.6, 8.5, 8.2],
			"rotation": {"angle": 45, "axis": "y", "origin": [8, 6.8, 8]},
			"faces": {
				"north": {"uv": [8, 13, 9, 14.5], "rotation": 90, "texture": "#3"},
				"east": {"uv": [8, 13, 9, 13.5], "rotation": 90, "texture": "#3"},
				"south": {"uv": [8, 13, 9, 14.5], "rotation": 90, "texture": "#3"},
				"west": {"uv": [8, 13, 9, 13.5], "rotation": 90, "texture": "#3"},
				"up": {"uv": [8, 13, 8.5, 14.5], "rotation": 90, "texture": "#3"},
				"down": {"uv": [8, 13, 8.5, 14.5], "rotation": 90, "texture": "#3"}
			}
		},
		{
			"name": "stick5",
			"from": [7.4, 7.7, 7.8],
			"to": [8.6, 8.5, 8.2],
			"rotation": {"angle": 0, "axis": "y", "origin": [8, 10.2, 8]},
			"faces": {
				"north": {"uv": [8, 13, 9, 14.5], "rotation": 90, "texture": "#3"},
				"east": {"uv": [8, 13, 9, 13.5], "rotation": 90, "texture": "#3"},
				"south": {"uv": [8, 13, 9, 14.5], "rotation": 90, "texture": "#3"},
				"west": {"uv": [8, 13, 9, 13.5], "rotation": 90, "texture": "#3"},
				"up": {"uv": [8, 13, 8.5, 14.5], "rotation": 90, "texture": "#3"},
				"down": {"uv": [8, 13, 8.5, 14.5], "rotation": 90, "texture": "#3"}
			}
		},
		{
			"from": [7.85, 10, 7.33014],
			"to": [8.11565, 28.26565, 8.59579],
			"rotation": {"angle": 0, "axis": "y", "origin": [9.9752, 7.3435, 9.45534]},
			"faces": {
				"north": {"uv": [10, 3, 11, 4], "texture": "#6"},
				"east": {"uv": [10, 3, 11, 4], "texture": "#6"},
				"south": {"uv": [10, 3, 11, 4], "texture": "#6"},
				"west": {"uv": [10, 3, 11, 4], "texture": "#6"},
				"up": {"uv": [10, 3, 11, 4], "texture": "#6"},
				"down": {"uv": [10, 3, 11, 4], "texture": "#6"}
			}
		},
		{
			"from": [8.25608, 10, 6.45675],
			"to": [8.52173, 28.26565, 6.7224],
			"rotation": {"angle": 22.5, "axis": "y", "origin": [10.38128, 7.3435, 8.58195]},
			"faces": {
				"north": {"uv": [10, 3, 11, 4], "texture": "#6"},
				"east": {"uv": [10, 3, 11, 4], "texture": "#6"},
				"south": {"uv": [10, 3, 11, 4], "texture": "#6"},
				"west": {"uv": [10, 3, 11, 4], "texture": "#6"},
				"up": {"uv": [10, 3, 11, 4], "texture": "#6"},
				"down": {"uv": [10, 3, 11, 4], "texture": "#6"}
			}
		},
		{
			"from": [8.29702, 10, 5.49444],
			"to": [8.56267, 28.26565, 5.76009],
			"rotation": {"angle": 45, "axis": "y", "origin": [10.42222, 7.3435, 7.61964]},
			"faces": {
				"north": {"uv": [10, 3, 11, 4], "texture": "#6"},
				"east": {"uv": [10, 3, 11, 4], "texture": "#6"},
				"south": {"uv": [10, 3, 11, 4], "texture": "#6"},
				"west": {"uv": [10, 3, 11, 4], "texture": "#6"},
				"up": {"uv": [10, 3, 11, 4], "texture": "#6"},
				"down": {"uv": [10, 3, 11, 4], "texture": "#6"}
			}
		},
		{
			"from": [7.96658, 10, 8.57447],
			"to": [8.23223, 28.26565, 8.84012],
			"rotation": {"angle": -22.5, "axis": "y", "origin": [10.09178, 7.3435, 6.71492]},
			"faces": {
				"north": {"uv": [10, 3, 11, 4], "texture": "#6"},
				"east": {"uv": [10, 3, 11, 4], "texture": "#6"},
				"south": {"uv": [10, 3, 11, 4], "texture": "#6"},
				"west": {"uv": [10, 3, 11, 4], "texture": "#6"},
				"up": {"uv": [10, 3, 11, 4], "texture": "#6"},
				"down": {"uv": [10, 3, 11, 4], "texture": "#6"}
			}
		},
		{
			"from": [7.31507, 10, 7.86507],
			"to": [7.58072, 28.26565, 8.13072],
			"rotation": {"angle": 0, "axis": "y", "origin": [9.44027, 7.3435, 6.00552]},
			"faces": {
				"north": {"uv": [10, 3, 11, 4], "texture": "#6"},
				"east": {"uv": [10, 3, 11, 4], "texture": "#6"},
				"south": {"uv": [10, 3, 11, 4], "texture": "#6"},
				"west": {"uv": [10, 3, 11, 4], "texture": "#6"},
				"up": {"uv": [10, 3, 11, 4], "texture": "#6"},
				"down": {"uv": [10, 3, 11, 4], "texture": "#6"}
			}
		},
		{
			"from": [6.44168, 10, 7.45899],
			"to": [6.70733, 28.26565, 7.72464],
			"rotation": {"angle": 22.5, "axis": "y", "origin": [8.56688, 7.3435, 5.59944]},
			"faces": {
				"north": {"uv": [10, 3, 11, 4], "texture": "#6"},
				"east": {"uv": [10, 3, 11, 4], "texture": "#6"},
				"south": {"uv": [10, 3, 11, 4], "texture": "#6"},
				"west": {"uv": [10, 3, 11, 4], "texture": "#6"},
				"up": {"uv": [10, 3, 11, 4], "texture": "#6"},
				"down": {"uv": [10, 3, 11, 4], "texture": "#6"}
			}
		},
		{
			"from": [5.47937, 10, 7.41805],
			"to": [5.74502, 28.26565, 7.6837],
			"rotation": {"angle": 45, "axis": "y", "origin": [7.60457, 7.3435, 5.5585]},
			"faces": {
				"north": {"uv": [10, 3, 11, 4], "texture": "#6"},
				"east": {"uv": [10, 3, 11, 4], "texture": "#6"},
				"south": {"uv": [10, 3, 11, 4], "texture": "#6"},
				"west": {"uv": [10, 3, 11, 4], "texture": "#6"},
				"up": {"uv": [10, 3, 11, 4], "texture": "#6"},
				"down": {"uv": [10, 3, 11, 4], "texture": "#6"}
			}
		},
		{
			"from": [8.5594, 10, 7.74849],
			"to": [8.82505, 28.26565, 8.01414],
			"rotation": {"angle": -22.5, "axis": "y", "origin": [6.69985, 7.3435, 5.88894]},
			"faces": {
				"north": {"uv": [10, 3, 11, 4], "texture": "#6"},
				"east": {"uv": [10, 3, 11, 4], "texture": "#6"},
				"south": {"uv": [10, 3, 11, 4], "texture": "#6"},
				"west": {"uv": [10, 3, 11, 4], "texture": "#6"},
				"up": {"uv": [10, 3, 11, 4], "texture": "#6"},
				"down": {"uv": [10, 3, 11, 4], "texture": "#6"}
			}
		},
		{
			"from": [7.85, 10, 8.4],
			"to": [8.11565, 28.26565, 8.66565],
			"rotation": {"angle": 0, "axis": "y", "origin": [5.87727, 7.3435, 6.8748]},
			"faces": {
				"north": {"uv": [10, 3, 11, 4], "texture": "#6"},
				"east": {"uv": [10, 3, 11, 4], "texture": "#6"},
				"south": {"uv": [10, 3, 11, 4], "texture": "#6"},
				"west": {"uv": [10, 3, 11, 4], "texture": "#6"},
				"up": {"uv": [10, 3, 11, 4], "texture": "#6"},
				"down": {"uv": [10, 3, 11, 4], "texture": "#6"}
			}
		},
		{
			"from": [7.44392, 10, 8.27339],
			"to": [7.70957, 28.26565, 9.53904],
			"rotation": {"angle": 22.5, "axis": "y", "origin": [5.58437, 7.3435, 7.41384]},
			"faces": {
				"north": {"uv": [10, 3, 11, 4], "texture": "#6"},
				"east": {"uv": [10, 3, 11, 4], "texture": "#6"},
				"south": {"uv": [10, 3, 11, 4], "texture": "#6"},
				"west": {"uv": [10, 3, 11, 4], "texture": "#6"},
				"up": {"uv": [10, 3, 11, 4], "texture": "#6"},
				"down": {"uv": [10, 3, 11, 4], "texture": "#6"}
			}
		},
		{
			"from": [7.40298, 10, 9.2357],
			"to": [7.66863, 28.26565, 10.50135],
			"rotation": {"angle": 45, "axis": "y", "origin": [5.54343, 7.3435, 8.37615]},
			"faces": {
				"north": {"uv": [10, 3, 11, 4], "texture": "#6"},
				"east": {"uv": [10, 3, 11, 4], "texture": "#6"},
				"south": {"uv": [10, 3, 11, 4], "texture": "#6"},
				"west": {"uv": [10, 3, 11, 4], "texture": "#6"},
				"up": {"uv": [10, 3, 11, 4], "rotation": 270, "texture": "#6"},
				"down": {"uv": [10, 3, 11, 4], "texture": "#6"}
			}
		},
		{
			"from": [6.73342, 10, 7.15567],
			"to": [7.99907, 28.26565, 7.42132],
			"rotation": {"angle": -22.5, "axis": "y", "origin": [5.87387, 7.3435, 9.28087]},
			"faces": {
				"north": {"uv": [10, 3, 11, 4], "texture": "#6"},
				"east": {"uv": [10, 3, 11, 4], "texture": "#6"},
				"south": {"uv": [10, 3, 11, 4], "texture": "#6"},
				"west": {"uv": [10, 3, 11, 4], "texture": "#6"},
				"up": {"uv": [10, 3, 11, 4], "texture": "#6"},
				"down": {"uv": [10, 3, 11, 4], "texture": "#6"}
			}
		},
		{
			"from": [7.38493, 10, 7.86507],
			"to": [8.65058, 28.26565, 8.13072],
			"rotation": {"angle": 0, "axis": "y", "origin": [6.52538, 7.3435, 9.99027]},
			"faces": {
				"north": {"uv": [10, 3, 11, 4], "texture": "#6"},
				"east": {"uv": [10, 3, 11, 4], "texture": "#6"},
				"south": {"uv": [10, 3, 11, 4], "texture": "#6"},
				"west": {"uv": [10, 3, 11, 4], "texture": "#6"},
				"up": {"uv": [10, 3, 11, 4], "texture": "#6"},
				"down": {"uv": [10, 3, 11, 4], "texture": "#6"}
			}
		},
		{
			"from": [8.25832, 10, 8.27115],
			"to": [9.52397, 28.26565, 8.5368],
			"rotation": {"angle": 22.5, "axis": "y", "origin": [7.39877, 7.3435, 10.39635]},
			"faces": {
				"north": {"uv": [10, 3, 11, 4], "texture": "#6"},
				"east": {"uv": [10, 3, 11, 4], "texture": "#6"},
				"south": {"uv": [10, 3, 11, 4], "texture": "#6"},
				"west": {"uv": [10, 3, 11, 4], "texture": "#6"},
				"up": {"uv": [10, 3, 11, 4], "texture": "#6"},
				"down": {"uv": [10, 3, 11, 4], "texture": "#6"}
			}
		},
		{
			"from": [9.22063, 10, 8.31208],
			"to": [10.48628, 28.26565, 8.57773],
			"rotation": {"angle": 45, "axis": "y", "origin": [8.36108, 7.3435, 10.43728]},
			"faces": {
				"north": {"uv": [10, 3, 11, 4], "rotation": 90, "texture": "#6"},
				"east": {"uv": [10, 3, 11, 4], "rotation": 90, "texture": "#6"},
				"south": {"uv": [10, 3, 11, 4], "rotation": 90, "texture": "#6"},
				"west": {"uv": [10, 3, 11, 4], "rotation": 90, "texture": "#6"},
				"up": {"uv": [10, 3, 11, 4], "rotation": 90, "texture": "#6"},
				"down": {"uv": [10, 3, 11, 4], "rotation": 90, "texture": "#6"}
			}
		},
		{
			"from": [7.1406, 10, 7.98164],
			"to": [7.40625, 28.26565, 9.24729],
			"rotation": {"angle": -22.5, "axis": "y", "origin": [9.2658, 7.3435, 10.10684]},
			"faces": {
				"north": {"uv": [10, 3, 11, 4], "texture": "#6"},
				"east": {"uv": [10, 3, 11, 4], "texture": "#6"},
				"south": {"uv": [10, 3, 11, 4], "texture": "#6"},
				"west": {"uv": [10, 3, 11, 4], "texture": "#6"},
				"up": {"uv": [10, 3, 11, 4], "texture": "#6"},
				"down": {"uv": [10, 3, 11, 4], "texture": "#6"}
			}
		}
	],
	"display": {
		"gui": {
			"rotation": [12, 18, -50],
			"translation": [-4.5, -4, -7],
			"scale": [1, 0.8, 1]
		},
		"fixed": {
			"rotation": [-97, 48, 88],
			"translation": [3.5, -6.5, -0.75]
		}
	},
	"groups": [
		{
			"name": "group",
			"origin": [8, 8, 8],
			"children": [0, 1, 2, 3]
		},
		{
			"name": "group",
			"origin": [8, 8, 8],
			"children": [4, 5, 6, 7]
		},
		{
			"name": "group",
			"origin": [8, 8, 8],
			"children": [8, 9, 10, 11]
		},
		{
			"name": "group",
			"origin": [8, 8, 8],
			"children": [12, 13, 14, 15]
		},
		{
			"name": "group",
			"origin": [8, 8, 8],
			"children": [16, 17, 18, 19]
		},
		{
			"name": "group",
			"origin": [16.32957, 8, 11.4525],
			"children": [20, 21, 22, 23, 24, 25, 26, 27, 28, 29, 30, 31, 32, 33, 34, 35]
		}
	]
}