{
	"credit": "Made with Blockbench",
	"textures": {
		"0": "tecnotexture/backpack_orange",
		"particle": "tecnotexture/backpack_orange"
	},
	"elements": [
		{
			"from": [4.5, 0, 8],
			"to": [11.5, 11, 11],
			"rotation": {"angle": 0, "axis": "y", "origin": [8, 0, 6]},
			"faces": {
				"north": {"uv": [0.75, 0.75, 2.5, 3.5], "texture": "#0"},
				"east": {"uv": [4.25, 0.75, 5, 3.5], "texture": "#0"},
				"south": {"uv": [2.5, 0.75, 4.25, 3.5], "texture": "#0"},
				"west": {"uv": [0, 0.75, 0.75, 3.5], "texture": "#0"},
				"up": {"uv": [0.75, 0, 2.5, 0.75], "texture": "#0"},
				"down": {"uv": [2.5, 0, 4.25, 0.75], "texture": "#0"}
			}
		},
		{
			"from": [5, 0, 11],
			"to": [11, 4, 12],
			"rotation": {"angle": 0, "axis": "y", "origin": [8, 0, 6]},
			"faces": {
				"north": {"uv": [0, 8.25, 1.75, 9.25], "texture": "#0"},
				"east": {"uv": [3.25, 8.25, 3.5, 9.25], "texture": "#0"},
				"south": {"uv": [1.75, 8.25, 3.5, 9.25], "texture": "#0"},
				"west": {"uv": [0, 8.25, 0.25, 9.25], "texture": "#0"},
				"up": {"uv": [0.5, 8, 1.75, 8.25], "texture": "#0"},
				"down": {"uv": [1.75, 8, 3, 8.25], "texture": "#0"}
			}
		},
		{
			"from": [11.5, 0, 8],
			"to": [12.5, 5, 11],
			"rotation": {"angle": 0, "axis": "y", "origin": [8, 0, 6]},
			"faces": {
				"north": {"uv": [1.75, 10.75, 2, 12], "texture": "#0"},
				"east": {"uv": [0.25, 10.75, 1, 12], "texture": "#0"},
				"south": {"uv": [0, 10.75, 0.25, 12], "texture": "#0"},
				"west": {"uv": [0.25, 10.75, 1, 12], "texture": "#0"},
				"up": {"uv": [0.75, 10, 1, 10.75], "texture": "#0"},
				"down": {"uv": [1, 10, 1.25, 10.75], "texture": "#0"}
			}
		},
		{
			"from": [3.5, 0, 8],
			"to": [4.5, 5, 11],
			"rotation": {"angle": 0, "axis": "y", "origin": [0, 0, 6]},
			"faces": {
				"north": {"uv": [1.75, 10.75, 2, 12], "texture": "#0"},
				"east": {"uv": [0.25, 10.75, 1, 12], "texture": "#0"},
				"south": {"uv": [0, 10.75, 0.25, 12], "texture": "#0"},
				"west": {"uv": [0.25, 10.75, 1, 12], "texture": "#0"},
				"up": {"uv": [0.75, 10, 1, 10.75], "texture": "#0"},
				"down": {"uv": [1, 10, 1.25, 10.75], "texture": "#0"}
			}
		},
		{
			"from": [7.5, 3.75, 10.25],
			"to": [8.5, 7.75, 11.25],
			"rotation": {"angle": 0, "axis": "y", "origin": [16, 8, 14]},
			"faces": {
				"north": {"uv": [2.25, 12.25, 2.5, 13.25], "texture": "#0"},
				"east": {"uv": [2.25, 12.25, 2.5, 13.25], "texture": "#0"},
				"south": {"uv": [2.25, 12.25, 2.5, 13.25], "texture": "#0"},
				"west": {"uv": [2.25, 12.25, 2.5, 13.25], "texture": "#0"},
				"up": {"uv": [2.25, 12.25, 2.5, 12.5], "texture": "#0"},
				"down": {"uv": [2.25, 13, 2.5, 13.25], "texture": "#0"}
			}
		},
		{
			"from": [9, -0.25, 12.25],
			"to": [10, 1.75, 12.25],
			"rotation": {"angle": 0, "axis": "y", "origin": [16, 8, 14]},
			"faces": {
				"north": {"uv": [1.25, 12.5, 1.5, 13], "texture": "#0"},
				"east": {"uv": [1.25, 12.5, 1.5, 13], "texture": "#0"},
				"south": {"uv": [1.25, 12.5, 1.5, 13], "texture": "#0"},
				"west": {"uv": [1.25, 12.5, 1.5, 13], "texture": "#0"},
				"up": {"uv": [1.25, 12.5, 1.5, 12.75], "texture": "#0"},
				"down": {"uv": [0.75, 12, 1, 12.5], "texture": "#0"}
			}
		},
		{
			"from": [9, -0.25, 10.25],
			"to": [10, -0.25, 12.25],
			"rotation": {"angle": 0, "axis": "y", "origin": [16, 6, 14]},
			"faces": {
				"north": {"uv": [1.25, 12.5, 1.5, 13], "texture": "#0"},
				"east": {"uv": [1.25, 12.5, 1.5, 13], "texture": "#0"},
				"south": {"uv": [1.25, 12.5, 1.5, 13], "texture": "#0"},
				"west": {"uv": [1.25, 12.5, 1.5, 13], "texture": "#0"},
				"up": {"uv": [0.75, 12.25, 1, 12.5], "texture": "#0"},
				"down": {"uv": [0.75, 12, 1, 12.5], "texture": "#0"}
			}
		},
		{
			"from": [6, -0.25, 12.25],
			"to": [7, 1.75, 12.25],
			"rotation": {"angle": 0, "axis": "y", "origin": [13, 8, 14]},
			"faces": {
				"north": {"uv": [1.25, 12.5, 1.5, 13], "texture": "#0"},
				"east": {"uv": [1.25, 12.5, 1.5, 13], "texture": "#0"},
				"south": {"uv": [1.25, 12.5, 1.5, 13], "texture": "#0"},
				"west": {"uv": [1.25, 12.5, 1.5, 13], "texture": "#0"},
				"up": {"uv": [1.25, 12.5, 1.5, 12.75], "texture": "#0"},
				"down": {"uv": [0.75, 12, 1, 12.5], "texture": "#0"}
			}
		},
		{
			"from": [6, -0.25, 10.25],
			"to": [7, -0.25, 12.25],
			"rotation": {"angle": 0, "axis": "y", "origin": [13, 6, 14]},
			"faces": {
				"north": {"uv": [1.25, 12.5, 1.5, 13], "texture": "#0"},
				"east": {"uv": [1.25, 12.5, 1.5, 13], "texture": "#0"},
				"south": {"uv": [1.25, 12.5, 1.5, 13], "texture": "#0"},
				"west": {"uv": [1.25, 12.5, 1.5, 13], "texture": "#0"},
				"up": {"uv": [0.75, 12.25, 1, 12.5], "texture": "#0"},
				"down": {"uv": [0.75, 12, 1, 12.5], "texture": "#0"}
			}
		},
		{
			"from": [12.75, -0.25, 9],
			"to": [12.75, 2.75, 10],
			"rotation": {"angle": 0, "axis": "y", "origin": [16, 8, 14]},
			"faces": {
				"north": {"uv": [5, 12.25, 5.25, 13], "texture": "#0"},
				"east": {"uv": [5, 12.25, 5.25, 13], "texture": "#0"},
				"south": {"uv": [5, 12.25, 5.25, 13], "texture": "#0"},
				"west": {"uv": [5, 12.25, 5.25, 13], "texture": "#0"},
				"up": {"uv": [5, 12.25, 5.25, 12.5], "texture": "#0"},
				"down": {"uv": [5.5, 12, 5.75, 12.25], "texture": "#0"}
			}
		},
		{
			"from": [11.75, -0.25, 9],
			"to": [12.75, -0.25, 10],
			"rotation": {"angle": 0, "axis": "y", "origin": [16, 5, 14]},
			"faces": {
				"north": {"uv": [5, 12.25, 5.25, 13], "texture": "#0"},
				"east": {"uv": [5, 12.25, 5.25, 13], "texture": "#0"},
				"south": {"uv": [5, 12.25, 5.25, 13], "texture": "#0"},
				"west": {"uv": [5, 12.25, 5.25, 13], "texture": "#0"},
				"up": {"uv": [5.5, 12, 5.75, 12.25], "texture": "#0"},
				"down": {"uv": [5.5, 12, 5.75, 12.25], "texture": "#0"}
			}
		},
		{
			"from": [3.25, -0.25, 9],
			"to": [3.25, 2.75, 10],
			"rotation": {"angle": 0, "axis": "y", "origin": [7, 8, 14]},
			"faces": {
				"north": {"uv": [5, 12.25, 5.25, 13], "texture": "#0"},
				"east": {"uv": [5, 12.25, 5.25, 13], "texture": "#0"},
				"south": {"uv": [5, 12.25, 5.25, 13], "texture": "#0"},
				"west": {"uv": [5, 12.25, 5.25, 13], "texture": "#0"},
				"up": {"uv": [5, 12.25, 5.25, 12.5], "texture": "#0"},
				"down": {"uv": [5.5, 12, 5.75, 12.25], "texture": "#0"}
			}
		},
		{
			"from": [3.25, -0.25, 9],
			"to": [4.25, -0.25, 10],
			"rotation": {"angle": 0, "axis": "y", "origin": [7, 5, 14]},
			"faces": {
				"north": {"uv": [5, 12.25, 5.25, 13], "texture": "#0"},
				"east": {"uv": [5, 12.25, 5.25, 13], "texture": "#0"},
				"south": {"uv": [5, 12.25, 5.25, 13], "texture": "#0"},
				"west": {"uv": [5, 12.25, 5.25, 13], "texture": "#0"},
				"up": {"uv": [5, 12.75, 5.25, 13], "texture": "#0"},
				"down": {"uv": [5.5, 12, 5.75, 12.25], "texture": "#0"}
			}
		},
		{
			"from": [6.75, 11.25, 4.75],
			"to": [9.75, 13.25, 4.75],
			"rotation": {"angle": -22.5, "axis": "x", "origin": [8, 23, 8]},
			"faces": {
				"north": {"uv": [4.25, 12, 5, 12.5], "texture": "#0"},
				"east": {"uv": [1, 1.25, 2, 2.25], "texture": "#0"},
				"south": {"uv": [3.5, 12, 4.25, 12.5], "texture": "#0"},
				"west": {"uv": [1.25, 1.25, 2.25, 2.25], "texture": "#0"},
				"up": {"uv": [0.75, 1.75, 1.75, 2.75], "texture": "#0"},
				"down": {"uv": [1.75, 1.5, 2.75, 2.5], "texture": "#0"}
			}
		},
		{
			"from": [4.25, 7.75, 11.25],
			"to": [11.75, 11.25, 11.25],
			"rotation": {"angle": 0, "axis": "y", "origin": [16, 8, 14]},
			"faces": {
				"north": {"uv": [3.75, 4, 5.5, 4.75], "texture": "#0"},
				"east": {"uv": [1.25, 1, 2.25, 2], "texture": "#0"},
				"south": {"uv": [6.25, 4.75, 8, 5.5], "texture": "#0"},
				"west": {"uv": [1.75, 1.5, 2.75, 2.5], "texture": "#0"},
				"up": {"uv": [1, 1.25, 2, 2.25], "texture": "#0"},
				"down": {"uv": [2.5, 2.25, 4.25, 3], "texture": "#0"}
			}
		},
		{
			"from": [4.25, 11.249, 7.75],
			"to": [11.75, 11.249, 11.25],
			"rotation": {"angle": 0, "axis": "x", "origin": [16, 13.999, 11]},
			"faces": {
				"north": {"uv": [2, 1.75, 3, 2.75], "rotation": 180, "texture": "#0"},
				"east": {"uv": [1.25, 1.5, 2.25, 2.5], "rotation": 90, "texture": "#0"},
				"south": {"uv": [2, 1.5, 3.75, 2.25], "texture": "#0"},
				"west": {"uv": [1.75, 1.25, 2.75, 2.25], "rotation": 270, "texture": "#0"},
				"up": {"uv": [3.75, 4, 5.5, 4.75], "texture": "#0"},
				"down": {"uv": [3.75, 4, 5.5, 4.75], "rotation": 180, "texture": "#0"}
			}
		},
		{
			"from": [12.75, 2.75, 7.75],
			"to": [12.75, 5.25, 11.25],
			"rotation": {"angle": 0, "axis": "y", "origin": [16, 8, 14]},
			"faces": {
				"north": {"uv": [4.75, 10, 5, 10.75], "texture": "#0"},
				"east": {"uv": [4, 10.75, 4.75, 11.25], "texture": "#0"},
				"south": {"uv": [4.75, 10, 5, 10.75], "texture": "#0"},
				"west": {"uv": [4, 10.75, 4.75, 11.25], "texture": "#0"},
				"up": {"uv": [4.75, 10, 5, 10.75], "texture": "#0"},
				"down": {"uv": [4.75, 10, 5, 10.75], "texture": "#0"}
			}
		},
		{
			"from": [11.251, 5.249, 7.75],
			"to": [12.751, 5.249, 11.25],
			"rotation": {"angle": 0, "axis": "z", "origin": [7.501, 8.499, 14]},
			"faces": {
				"north": {"uv": [4.75, 10, 5, 10.75], "rotation": 90, "texture": "#0"},
				"east": {"uv": [4.75, 10, 5, 10.75], "rotation": 270, "texture": "#0"},
				"south": {"uv": [4.75, 10, 5, 10.75], "rotation": 270, "texture": "#0"},
				"west": {"uv": [4.75, 10, 5, 10.75], "rotation": 270, "texture": "#0"},
				"up": {"uv": [4.75, 10, 5, 10.75], "rotation": 270, "texture": "#0"},
				"down": {"uv": [4.75, 10, 5, 10.75], "rotation": 270, "texture": "#0"}
			}
		},
		{
			"from": [3.251, 5.249, 7.75],
			"to": [4.751, 5.249, 11.25],
			"rotation": {"angle": 0, "axis": "z", "origin": [-0.499, 8.499, 14]},
			"faces": {
				"north": {"uv": [4.75, 10, 5, 10.75], "rotation": 90, "texture": "#0"},
				"east": {"uv": [4.75, 10, 5, 10.75], "rotation": 270, "texture": "#0"},
				"south": {"uv": [4.75, 10, 5, 10.75], "rotation": 270, "texture": "#0"},
				"west": {"uv": [4.75, 10, 5, 10.75], "rotation": 270, "texture": "#0"},
				"up": {"uv": [4.75, 10, 5, 10.75], "rotation": 90, "texture": "#0"},
				"down": {"uv": [4.75, 10, 5, 10.75], "rotation": 270, "texture": "#0"}
			}
		},
		{
			"from": [3.25, 2.75, 7.75],
			"to": [3.25, 5.25, 11.25],
			"rotation": {"angle": 0, "axis": "y", "origin": [8, 8, 14]},
			"faces": {
				"north": {"uv": [4.75, 10, 5, 10.75], "texture": "#0"},
				"east": {"uv": [4, 10.75, 4.75, 11.25], "texture": "#0"},
				"south": {"uv": [4.75, 10, 5, 10.75], "texture": "#0"},
				"west": {"uv": [4, 10.75, 4.75, 11.25], "texture": "#0"},
				"up": {"uv": [4.75, 10, 5, 10.75], "texture": "#0"},
				"down": {"uv": [4.75, 10, 5, 10.75], "texture": "#0"}
			}
		},
		{
			"from": [4.75, 1.75, 12.25],
			"to": [11.25, 4.25, 12.25],
			"rotation": {"angle": 0, "axis": "y", "origin": [16, 8, 14]},
			"faces": {
				"north": {"uv": [2, 9.5, 3.5, 10], "texture": "#0"},
				"east": {"uv": [0.25, 9.25, 1.75, 9.5], "texture": "#0"},
				"south": {"uv": [2, 9.5, 3.5, 10], "texture": "#0"},
				"west": {"uv": [0.25, 9.25, 1.75, 9.5], "texture": "#0"},
				"up": {"uv": [0.25, 9.25, 1.75, 9.5], "texture": "#0"},
				"down": {"uv": [0.25, 9.25, 1.75, 9.5], "texture": "#0"}
			}
		},
		{
			"from": [4.75, 4.25, 10.75],
			"to": [11.25, 4.25, 12.25],
			"rotation": {"angle": 0, "axis": "y", "origin": [16, 10.5, 14]},
			"faces": {
				"north": {"uv": [2, 9.5, 3.5, 10], "texture": "#0"},
				"east": {"uv": [0.25, 9.25, 1.75, 9.5], "texture": "#0"},
				"south": {"uv": [2, 9.5, 3.5, 10], "texture": "#0"},
				"west": {"uv": [0.25, 9.25, 1.75, 9.5], "texture": "#0"},
				"up": {"uv": [0.25, 9.25, 1.75, 9.5], "texture": "#0"},
				"down": {"uv": [0.25, 9.25, 1.75, 9.5], "texture": "#0"}
			}
		},
		{
			"from": [9.9, 10.9, 5.9],
			"to": [11.1, 10.9, 8.1],
			"rotation": {"angle": 0, "axis": "y", "origin": [16, 8, 14]},
			"faces": {
				"north": {"uv": [1.5, 2, 1.75, 2.5], "texture": "#0"},
				"east": {"uv": [1.5, 1.25, 2.5, 2.25], "texture": "#0"},
				"south": {"uv": [1.75, 1.5, 2.75, 2.5], "texture": "#0"},
				"west": {"uv": [2.25, 1.75, 3.25, 2.75], "texture": "#0"},
				"up": {"uv": [1.25, 4, 1.5, 4.5], "texture": "#0"},
				"down": {"uv": [1.5, 4.5, 1.75, 5], "texture": "#0"}
			}
		},
		{
			"from": [9.9, 0.1, 5.9],
			"to": [11.1, 0.1, 8.1],
			"rotation": {"angle": 0, "axis": "y", "origin": [16, 8, 14]},
			"faces": {
				"north": {"uv": [1.5, 2, 1.75, 2.5], "texture": "#0"},
				"east": {"uv": [1.5, 1.25, 2.5, 2.25], "texture": "#0"},
				"south": {"uv": [1.75, 1.5, 2.75, 2.5], "texture": "#0"},
				"west": {"uv": [2.25, 1.75, 3.25, 2.75], "texture": "#0"},
				"up": {"uv": [1.25, 4, 1.5, 4.5], "texture": "#0"},
				"down": {"uv": [1.5, 4.5, 1.75, 5], "texture": "#0"}
			}
		},
		{
			"from": [4.9, 10.9, 5.9],
			"to": [6.1, 10.9, 8.1],
			"rotation": {"angle": 0, "axis": "y", "origin": [16, 8, 14]},
			"faces": {
				"north": {"uv": [1, 1.5, 2, 2.5], "texture": "#0"},
				"east": {"uv": [2.25, 1.25, 3.25, 2.25], "texture": "#0"},
				"south": {"uv": [1.5, 1.25, 2.5, 2.25], "texture": "#0"},
				"west": {"uv": [1.5, 1.5, 2.5, 2.5], "texture": "#0"},
				"up": {"uv": [1.25, 4, 1.5, 4.5], "texture": "#0"},
				"down": {"uv": [1.5, 4.5, 1.75, 5], "texture": "#0"}
			}
		},
		{
			"from": [3.7, 10.9, 3.7],
			"to": [4.9, 10.9, 5.9],
			"rotation": {"angle": 0, "axis": "y", "origin": [14.8, 8, 11.8]},
			"faces": {
				"north": {"uv": [1.75, 1, 2.75, 2], "texture": "#0"},
				"east": {"uv": [2.25, 1.5, 3.25, 2.5], "texture": "#0"},
				"south": {"uv": [2, 2, 3, 3], "texture": "#0"},
				"west": {"uv": [2.25, 1.25, 3.25, 2.25], "texture": "#0"},
				"up": {"uv": [1.75, 4, 2, 4.5], "texture": "#0"},
				"down": {"uv": [1.5, 4.5, 1.75, 5], "texture": "#0"}
			}
		},
		{
			"from": [3.7, 0.1, 3.7],
			"to": [4.9, 0.1, 5.9],
			"rotation": {"angle": 0, "axis": "y", "origin": [14.8, 8, 11.8]},
			"faces": {
				"north": {"uv": [1.75, 1, 2.75, 2], "texture": "#0"},
				"east": {"uv": [2.25, 1.5, 3.25, 2.5], "texture": "#0"},
				"south": {"uv": [2, 2, 3, 3], "texture": "#0"},
				"west": {"uv": [2.25, 1.25, 3.25, 2.25], "texture": "#0"},
				"up": {"uv": [1.75, 4, 2, 4.5], "texture": "#0"},
				"down": {"uv": [1.5, 4.5, 1.75, 5], "texture": "#0"}
			}
		},
		{
			"from": [11.1, 10.9, 3.7],
			"to": [12.3, 10.9, 5.9],
			"rotation": {"angle": 0, "axis": "y", "origin": [17.2, 8, 11.8]},
			"faces": {
				"north": {"uv": [1.75, 1.5, 2.75, 2.5], "texture": "#0"},
				"east": {"uv": [1.25, 0.75, 2.25, 1.75], "texture": "#0"},
				"south": {"uv": [1.5, 1.5, 2.5, 2.5], "texture": "#0"},
				"west": {"uv": [1.75, 2, 2.75, 3], "texture": "#0"},
				"up": {"uv": [1.75, 4, 2, 4.5], "texture": "#0"},
				"down": {"uv": [1.5, 4.5, 1.75, 5], "texture": "#0"}
			}
		},
		{
			"from": [11.1, 0.1, 3.7],
			"to": [12.3, 0.1, 5.9],
			"rotation": {"angle": 0, "axis": "y", "origin": [17.2, 8, 11.8]},
			"faces": {
				"north": {"uv": [1.75, 1.5, 2.75, 2.5], "texture": "#0"},
				"east": {"uv": [1.25, 0.75, 2.25, 1.75], "texture": "#0"},
				"south": {"uv": [1.5, 1.5, 2.5, 2.5], "texture": "#0"},
				"west": {"uv": [1.75, 2, 2.75, 3], "texture": "#0"},
				"up": {"uv": [1.75, 4, 2, 4.5], "texture": "#0"},
				"down": {"uv": [1.5, 4.5, 1.75, 5], "texture": "#0"}
			}
		},
		{
			"from": [4.9, 0.1, 5.9],
			"to": [6.1, 0.1, 8.1],
			"rotation": {"angle": 0, "axis": "y", "origin": [16, 8, 14]},
			"faces": {
				"north": {"uv": [1, 1.5, 2, 2.5], "texture": "#0"},
				"east": {"uv": [2.25, 1.25, 3.25, 2.25], "texture": "#0"},
				"south": {"uv": [1.5, 1.25, 2.5, 2.25], "texture": "#0"},
				"west": {"uv": [1.5, 1.5, 2.5, 2.5], "texture": "#0"},
				"up": {"uv": [1.25, 4, 1.5, 4.5], "texture": "#0"},
				"down": {"uv": [1.5, 4.5, 1.75, 5], "texture": "#0"}
			}
		}
	],
	"display": {
		"thirdperson_righthand": {
			"rotation": [80, -180, 0],
			"translation": [0, -2, -2.25],
			"scale": [0.7, 0.7, 0.7]
		},
		"thirdperson_lefthand": {
			"rotation": [68, 0, -3],
			"translation": [-5.75, -4.75, 9.75]
		},
		"firstperson_righthand": {
			"rotation": [0, -52, 0],
			"translation": [3.25, 5.5, 0],
			"scale": [0.6, 0.6, 0.6]
		},
		"firstperson_lefthand": {
			"scale": [0, 0, 0]
		},
		"ground": {
			"translation": [0, 2, 0],
			"scale": [0.7, 0.7, 0.7]
		},
		"gui": {
			"rotation": [23, 29, 0],
			"translation": [-0.25, 2.25, 0]
		},
		"fixed": {
			"rotation": [0, -180, 0],
			"translation": [0, 2.25, 0]
		}
	},
	"groups": [
		{
			"name": "Zaino dei dupe",
			"origin": [7, 8, 14],
			"children": [0, 1, 2, 3, 4, 5, 6, 7, 8, 9, 10, 11, 12, 13, 14, 15, 16, 17, 18, 19, 20, 21, 22, 23, 24, 25, 26, 27, 28, 29]
		}
	]
}