{
	"credit": "Made with Blockbench",
	"textures": {
		"0": "block/black_concrete",
		"1": "block/gray_concrete",
		"2": "block/gray_concrete_powder",
		"3": "block/yellow_concrete",
		"4": "block/white_concrete",
		"particle": "block/black_concrete"
	},
	"elements": [
		{
			"from": [8.375, 4.425, 7.1],
			"to": [10.275, 4.925, 7.9],
			"rotation": {"angle": 0, "axis": "y", "origin": [0, 3, 0]},
			"faces": {
				"north": {"uv": [0, 0, 1.9, 0.5], "texture": "#1"},
				"east": {"uv": [0, 0, 0.8, 0.5], "texture": "#1"},
				"south": {"uv": [0, 0, 1.9, 0.5], "texture": "#1"},
				"west": {"uv": [0, 0, 0.8, 0.5], "texture": "#1"},
				"up": {"uv": [0, 0, 1.9, 0.8], "texture": "#1"},
				"down": {"uv": [0, 0, 1.9, 0.8], "texture": "#missing"}
			}
		},
		{
			"from": [8.65, 5.975, 7.1],
			"to": [10.275, 6.175, 7.9],
			"rotation": {"angle": 0, "axis": "y", "origin": [9.25, 6.1, 7.5]},
			"faces": {
				"north": {"uv": [0, 0, 1.625, 0.2], "texture": "#3"},
				"east": {"uv": [0, 0, 0.8, 0.2], "texture": "#3"},
				"south": {"uv": [0, 0, 1.625, 0.2], "texture": "#3"},
				"west": {"uv": [0, 0, 0.8, 0.2], "texture": "#3"},
				"up": {"uv": [0, 0, 1.625, 0.8], "texture": "#3"},
				"down": {"uv": [0, 0, 1.625, 0.8], "texture": "#3"}
			}
		},
		{
			"from": [7.4, 4.975, 7.1],
			"to": [8.525, 5.175, 7.9],
			"rotation": {"angle": 0, "axis": "y", "origin": [7.5, 5.1, 7.5]},
			"faces": {
				"north": {"uv": [0, 0, 1.125, 0.2], "texture": "#3"},
				"east": {"uv": [0, 0, 0.8, 0.2], "texture": "#3"},
				"south": {"uv": [0, 0, 1.125, 0.2], "texture": "#3"},
				"west": {"uv": [0, 0, 0.8, 0.2], "texture": "#3"},
				"up": {"uv": [0, 0, 1.125, 0.8], "texture": "#3"},
				"down": {"uv": [0, 0, 1.125, 0.8], "texture": "#3"}
			}
		},
		{
			"from": [7.05, 4.55, 7.1],
			"to": [7.225, 4.775, 7.9],
			"rotation": {"angle": 0, "axis": "y", "origin": [7.5, 5.1, 7.5]},
			"faces": {
				"north": {"uv": [0, 0, 0.175, 0.225], "texture": "#3"},
				"east": {"uv": [0, 0, 0.8, 0.225], "texture": "#3"},
				"south": {"uv": [0, 0, 0.175, 0.225], "texture": "#3"},
				"west": {"uv": [0, 0, 0.8, 0.225], "texture": "#3"},
				"up": {"uv": [0, 0, 0.175, 0.8], "texture": "#3"},
				"down": {"uv": [0, 0, 0.175, 0.8], "texture": "#3"}
			}
		},
		{
			"from": [5.5, 4.55, 7.1],
			"to": [7, 4.7, 7.9],
			"rotation": {"angle": 0, "axis": "y", "origin": [7.275, 5.1, 7.5]},
			"faces": {
				"north": {"uv": [0, 0, 1.5, 0.15], "texture": "#3"},
				"east": {"uv": [0, 0, 0.8, 0.15], "texture": "#3"},
				"south": {"uv": [0, 0, 1.5, 0.15], "texture": "#3"},
				"west": {"uv": [0, 0, 0.8, 0.15], "texture": "#3"},
				"up": {"uv": [0, 0, 1.5, 0.8], "texture": "#3"},
				"down": {"uv": [0, 0, 1.5, 0.8], "texture": "#3"}
			}
		},
		{
			"from": [4.2, 4.55, 7.1],
			"to": [5.5, 4.775, 7.9],
			"rotation": {"angle": 0, "axis": "y", "origin": [5.775, 5.1, 7.5]},
			"faces": {
				"north": {"uv": [0, 0, 1.3, 0.225], "texture": "#3"},
				"east": {"uv": [0, 0, 0.8, 0.225], "texture": "#3"},
				"south": {"uv": [0, 0, 1.3, 0.225], "texture": "#3"},
				"west": {"uv": [0, 0, 0.8, 0.225], "texture": "#3"},
				"up": {"uv": [0, 0, 1.3, 0.8], "texture": "#3"},
				"down": {"uv": [0, 0, 1.3, 0.8], "texture": "#3"}
			}
		},
		{
			"from": [3.65, 5.1, 7.1],
			"to": [4.125, 5.3, 7.9],
			"rotation": {"angle": -22.5, "axis": "z", "origin": [2.75, 4.6, 7.5]},
			"faces": {
				"north": {"uv": [0, 0, 0.475, 0.2], "texture": "#3"},
				"east": {"uv": [0, 0, 0.8, 0.2], "texture": "#3"},
				"south": {"uv": [0, 0, 0.475, 0.2], "texture": "#3"},
				"west": {"uv": [0, 0, 0.8, 0.2], "texture": "#3"},
				"up": {"uv": [0, 0, 0.475, 0.8], "texture": "#3"},
				"down": {"uv": [0, 0, 0.475, 0.8], "texture": "#3"}
			}
		},
		{
			"from": [3.79679, 5.16203, 7.1],
			"to": [4.57179, 5.36203, 7.9],
			"rotation": {"angle": 22.5, "axis": "z", "origin": [4.05, 5.275, 7.5]},
			"faces": {
				"north": {"uv": [0, 0, 0.775, 0.2], "texture": "#3"},
				"east": {"uv": [0, 0, 0.8, 0.2], "texture": "#3"},
				"south": {"uv": [0, 0, 0.775, 0.2], "texture": "#3"},
				"west": {"uv": [0, 0, 0.8, 0.2], "texture": "#3"},
				"up": {"uv": [0, 0, 0.775, 0.8], "texture": "#3"},
				"down": {"uv": [0, 0, 0.775, 0.8], "texture": "#3"}
			}
		},
		{
			"from": [3.76949, 5.81198, 7.1],
			"to": [4.41949, 6.01198, 7.9],
			"rotation": {"angle": 0, "axis": "y", "origin": [4, 5.9, 7.5]},
			"faces": {
				"north": {"uv": [0, 0, 0.65, 0.2], "texture": "#3"},
				"east": {"uv": [0, 0, 0.8, 0.2], "texture": "#3"},
				"south": {"uv": [0, 0, 0.65, 0.2], "texture": "#3"},
				"west": {"uv": [0, 0, 0.8, 0.2], "texture": "#3"},
				"up": {"uv": [0, 0, 0.65, 0.8], "texture": "#3"},
				"down": {"uv": [0, 0, 0.65, 0.8], "texture": "#3"}
			}
		},
		{
			"from": [3.68403, 4.66283, 7.1],
			"to": [3.88403, 4.96283, 7.9],
			"rotation": {"angle": 22.5, "axis": "z", "origin": [3.575, 4.925, 7.5]},
			"faces": {
				"north": {"uv": [0, 0, 0.3, 0.2], "rotation": 270, "texture": "#3"},
				"east": {"uv": [0, 0, 0.3, 0.8], "rotation": 90, "texture": "#3"},
				"south": {"uv": [0, 0, 0.3, 0.2], "rotation": 90, "texture": "#3"},
				"west": {"uv": [0, 0, 0.3, 0.8], "rotation": 90, "texture": "#3"},
				"up": {"uv": [0, 0, 0.8, 0.2], "rotation": 90, "texture": "#3"},
				"down": {"uv": [0, 0, 0.8, 0.2], "rotation": 90, "texture": "#3"}
			}
		},
		{
			"from": [3.68403, 5.76283, 7.1],
			"to": [3.88403, 6.06283, 7.9],
			"rotation": {"angle": 22.5, "axis": "z", "origin": [3.575, 6.025, 7.5]},
			"faces": {
				"north": {"uv": [0, 0, 0.3, 0.2], "rotation": 270, "texture": "#3"},
				"east": {"uv": [0, 0, 0.3, 0.8], "rotation": 90, "texture": "#3"},
				"south": {"uv": [0, 0, 0.3, 0.2], "rotation": 90, "texture": "#3"},
				"west": {"uv": [0, 0, 0.3, 0.8], "rotation": 90, "texture": "#3"},
				"up": {"uv": [0, 0, 0.8, 0.2], "rotation": 90, "texture": "#3"},
				"down": {"uv": [0, 0, 0.8, 0.2], "rotation": 90, "texture": "#3"}
			}
		},
		{
			"from": [4.25903, 5.58783, 7.1],
			"to": [4.45903, 5.88783, 7.9],
			"rotation": {"angle": 22.5, "axis": "z", "origin": [4.15, 5.85, 7.5]},
			"faces": {
				"north": {"uv": [0, 0, 0.3, 0.2], "rotation": 270, "texture": "#3"},
				"east": {"uv": [0, 0, 0.3, 0.8], "rotation": 90, "texture": "#3"},
				"south": {"uv": [0, 0, 0.3, 0.2], "rotation": 90, "texture": "#3"},
				"west": {"uv": [0, 0, 0.3, 0.8], "rotation": 90, "texture": "#3"},
				"up": {"uv": [0, 0, 0.8, 0.2], "rotation": 90, "texture": "#3"},
				"down": {"uv": [0, 0, 0.8, 0.2], "rotation": 90, "texture": "#3"}
			}
		},
		{
			"from": [4.32806, 5.4335, 7.1],
			"to": [4.52806, 5.7335, 7.9],
			"rotation": {"angle": 0, "axis": "y", "origin": [4.45, 5.6, 7.5]},
			"faces": {
				"north": {"uv": [0, 0, 0.3, 0.2], "rotation": 270, "texture": "#3"},
				"east": {"uv": [0, 0, 0.3, 0.8], "rotation": 90, "texture": "#3"},
				"south": {"uv": [0, 0, 0.3, 0.2], "rotation": 90, "texture": "#3"},
				"west": {"uv": [0, 0, 0.3, 0.8], "rotation": 90, "texture": "#3"},
				"up": {"uv": [0, 0, 0.8, 0.2], "rotation": 90, "texture": "#3"},
				"down": {"uv": [0, 0, 0.8, 0.2], "rotation": 90, "texture": "#3"}
			}
		},
		{
			"from": [3.65903, 4.96283, 7.1],
			"to": [3.85903, 5.26283, 7.9],
			"rotation": {"angle": 0, "axis": "y", "origin": [3.575, 4.925, 7.5]},
			"faces": {
				"north": {"uv": [0, 0, 0.3, 0.2], "rotation": 270, "texture": "#3"},
				"east": {"uv": [0, 0, 0.3, 0.8], "rotation": 90, "texture": "#3"},
				"south": {"uv": [0, 0, 0.3, 0.2], "rotation": 90, "texture": "#3"},
				"west": {"uv": [0, 0, 0.3, 0.8], "rotation": 90, "texture": "#3"},
				"up": {"uv": [0, 0, 0.8, 0.2], "rotation": 90, "texture": "#3"},
				"down": {"uv": [0, 0, 0.8, 0.2], "rotation": 90, "texture": "#3"}
			}
		},
		{
			"from": [3.65903, 6.08783, 7.1],
			"to": [3.85903, 6.66283, 7.9],
			"rotation": {"angle": 0, "axis": "y", "origin": [3.575, 4.925, 7.5]},
			"faces": {
				"north": {"uv": [0, 0, 0.575, 0.2], "rotation": 270, "texture": "#3"},
				"east": {"uv": [0, 0, 0.575, 0.8], "rotation": 90, "texture": "#3"},
				"south": {"uv": [0, 0, 0.575, 0.2], "rotation": 90, "texture": "#3"},
				"west": {"uv": [0, 0, 0.575, 0.8], "rotation": 90, "texture": "#3"},
				"up": {"uv": [0, 0, 0.8, 0.2], "rotation": 90, "texture": "#3"},
				"down": {"uv": [0, 0, 0.8, 0.2], "rotation": 90, "texture": "#3"}
			}
		},
		{
			"from": [5.5, 4.675, 7.1],
			"to": [7, 4.925, 7.9],
			"rotation": {"angle": 0, "axis": "y", "origin": [7.5, 5.1, 7.5]},
			"faces": {
				"north": {"uv": [0, 0, 1.5, 0.25], "texture": "#3"},
				"east": {"uv": [0, 0, 0.8, 0.25], "texture": "#3"},
				"south": {"uv": [0, 0, 1.5, 0.25], "texture": "#3"},
				"west": {"uv": [0, 0, 0.8, 0.25], "texture": "#3"},
				"up": {"uv": [0, 0, 1.5, 0.8], "texture": "#3"},
				"down": {"uv": [0, 0, 1.5, 0.8], "texture": "#3"}
			}
		},
		{
			"from": [7.05, 4.75, 7.1],
			"to": [7.375, 5.1, 7.9],
			"rotation": {"angle": 0, "axis": "y", "origin": [7.5, 5.1, 7.5]},
			"faces": {
				"north": {"uv": [0, 0, 0.325, 0.35], "texture": "#3"},
				"east": {"uv": [0, 0, 0.8, 0.35], "texture": "#3"},
				"south": {"uv": [0, 0, 0.325, 0.35], "texture": "#3"},
				"west": {"uv": [0, 0, 0.8, 0.35], "texture": "#3"},
				"up": {"uv": [0, 0, 0.325, 0.8], "texture": "#3"},
				"down": {"uv": [0, 0, 0.325, 0.8], "texture": "#3"}
			}
		},
		{
			"from": [6.9, 4.9, 7.1],
			"to": [7.6, 5.1, 7.9],
			"rotation": {"angle": 45, "axis": "z", "origin": [7.5, 5.1, 7.5]},
			"faces": {
				"north": {"uv": [0, 0, 0.7, 0.2], "texture": "#3"},
				"east": {"uv": [0, 0, 0.8, 0.2], "texture": "#3"},
				"south": {"uv": [0, 0, 0.7, 0.2], "texture": "#3"},
				"west": {"uv": [0, 0, 0.8, 0.2], "texture": "#3"},
				"up": {"uv": [0, 0, 0.7, 0.8], "texture": "#3"},
				"down": {"uv": [0, 0, 0.7, 0.8], "texture": "#3"}
			}
		},
		{
			"from": [7.4, 4.975, 7.1],
			"to": [8.525, 5.175, 7.9],
			"rotation": {"angle": 0, "axis": "y", "origin": [7.5, 5.1, 7.5]},
			"faces": {
				"north": {"uv": [0, 0, 1.125, 0.2], "texture": "#3"},
				"east": {"uv": [0, 0, 0.8, 0.2], "texture": "#3"},
				"south": {"uv": [0, 0, 1.125, 0.2], "texture": "#3"},
				"west": {"uv": [0, 0, 0.8, 0.2], "texture": "#3"},
				"up": {"uv": [0, 0, 1.125, 0.8], "texture": "#3"},
				"down": {"uv": [0, 0, 1.125, 0.8], "texture": "#3"}
			}
		},
		{
			"from": [7.3, 5.1, 7.1],
			"to": [7.6, 5.3, 7.9],
			"rotation": {"angle": -45, "axis": "z", "origin": [7.4, 5.225, 7.5]},
			"faces": {
				"north": {"uv": [0, 0, 0.3, 0.2], "texture": "#3"},
				"east": {"uv": [0, 0, 0.8, 0.2], "texture": "#3"},
				"south": {"uv": [0, 0, 0.3, 0.2], "texture": "#3"},
				"west": {"uv": [0, 0, 0.8, 0.2], "texture": "#3"},
				"up": {"uv": [0, 0, 0.3, 0.8], "texture": "#3"},
				"down": {"uv": [0, 0, 0.3, 0.8], "texture": "#3"}
			}
		},
		{
			"from": [6.8, 5.9, 7.1],
			"to": [7, 6.375, 7.9],
			"rotation": {"angle": -45, "axis": "z", "origin": [6.875, 5.35, 7.5]},
			"faces": {
				"north": {"uv": [0, 0, 0.475, 0.2], "rotation": 90, "texture": "#3"},
				"east": {"uv": [0, 0, 0.475, 0.8], "rotation": 270, "texture": "#3"},
				"south": {"uv": [0, 0, 0.475, 0.2], "rotation": 270, "texture": "#3"},
				"west": {"uv": [0, 0, 0.475, 0.8], "rotation": 270, "texture": "#3"},
				"up": {"uv": [0, 0, 0.8, 0.2], "rotation": 270, "texture": "#3"},
				"down": {"uv": [0, 0, 0.8, 0.2], "rotation": 270, "texture": "#3"}
			}
		},
		{
			"from": [7.05, 4.975, 7.1],
			"to": [7.4, 6.175, 7.9],
			"rotation": {"angle": 0, "axis": "y", "origin": [7.325, 5.4, 7.5]},
			"faces": {
				"north": {"uv": [0, 0, 0.35, 1.2], "texture": "#3"},
				"east": {"uv": [0, 0, 0.8, 1.2], "texture": "#3"},
				"south": {"uv": [0, 0, 0.35, 1.2], "texture": "#3"},
				"west": {"uv": [0, 0, 0.8, 1.2], "texture": "#3"},
				"up": {"uv": [0, 0, 0.35, 0.8], "texture": "#3"},
				"down": {"uv": [0, 0, 0.35, 0.8], "texture": "#3"}
			}
		},
		{
			"from": [5.5, 5.675, 7.1],
			"to": [7, 6.625, 7.9],
			"rotation": {"angle": 0, "axis": "y", "origin": [6.775, 6.175, 7.5]},
			"faces": {
				"north": {"uv": [0, 0, 1.5, 0.95], "texture": "#3"},
				"east": {"uv": [0, 0, 0.8, 0.95], "texture": "#3"},
				"south": {"uv": [0, 0, 1.5, 0.95], "texture": "#3"},
				"west": {"uv": [0, 0, 0.8, 0.95], "texture": "#3"},
				"up": {"uv": [0, 0, 1.5, 0.8], "texture": "#3"},
				"down": {"uv": [0, 0, 1.5, 0.8], "texture": "#3"}
			}
		},
		{
			"from": [3.85, 4.75, 7.1],
			"to": [5.5, 5.25, 7.9],
			"rotation": {"angle": 0, "axis": "y", "origin": [6.775, 6.175, 7.5]},
			"faces": {
				"north": {"uv": [0, 0, 1.65, 0.5], "texture": "#3"},
				"east": {"uv": [0, 0, 0.8, 0.5], "texture": "#3"},
				"south": {"uv": [0, 0, 1.65, 0.5], "texture": "#3"},
				"west": {"uv": [0, 0, 0.8, 0.5], "texture": "#3"},
				"up": {"uv": [0, 0, 1.65, 0.8], "texture": "#3"},
				"down": {"uv": [0, 0, 1.65, 0.8], "texture": "#3"}
			}
		},
		{
			"from": [4.2, 4.75, 7.1],
			"to": [4.375, 5.35, 7.9],
			"rotation": {"angle": 0, "axis": "y", "origin": [6.775, 6.175, 7.5]},
			"faces": {
				"north": {"uv": [0, 0, 0.175, 0.6], "texture": "#3"},
				"east": {"uv": [0, 0, 0.8, 0.6], "texture": "#3"},
				"south": {"uv": [0, 0, 0.175, 0.6], "texture": "#3"},
				"west": {"uv": [0, 0, 0.8, 0.6], "texture": "#3"},
				"up": {"uv": [0, 0, 0.175, 0.8], "texture": "#3"},
				"down": {"uv": [0, 0, 0.175, 0.8], "texture": "#3"}
			}
		},
		{
			"from": [4.375, 4.75, 7.1],
			"to": [5.5, 6.625, 7.9],
			"rotation": {"angle": 0, "axis": "y", "origin": [6.775, 6.175, 7.5]},
			"faces": {
				"north": {"uv": [0, 0, 1.125, 1.875], "texture": "#3"},
				"east": {"uv": [0, 0, 0.8, 1.875], "texture": "#3"},
				"south": {"uv": [0, 0, 1.125, 1.875], "texture": "#3"},
				"west": {"uv": [0, 0, 0.8, 1.875], "texture": "#3"},
				"up": {"uv": [0, 0, 1.125, 0.8], "texture": "#3"},
				"down": {"uv": [0, 0, 1.125, 0.8], "texture": "#3"}
			}
		},
		{
			"from": [3.925, 6.05, 7.1],
			"to": [4.7, 6.625, 7.9],
			"rotation": {"angle": 0, "axis": "y", "origin": [6.775, 6.175, 7.5]},
			"faces": {
				"north": {"uv": [0, 0, 0.775, 0.575], "texture": "#3"},
				"east": {"uv": [0, 0, 0.8, 0.575], "texture": "#3"},
				"south": {"uv": [0, 0, 0.775, 0.575], "texture": "#3"},
				"west": {"uv": [0, 0, 0.8, 0.575], "texture": "#3"},
				"up": {"uv": [0, 0, 0.775, 0.8], "texture": "#3"},
				"down": {"uv": [0, 0, 0.775, 0.8], "texture": "#3"}
			}
		},
		{
			"from": [5.55, 4.975, 7.125],
			"to": [7, 5.05, 7.875],
			"rotation": {"angle": 0, "axis": "y", "origin": [6.775, 6.175, 7.5]},
			"faces": {
				"north": {"uv": [0, 0, 1.45, 0.075], "texture": "#3"},
				"east": {"uv": [0, 0, 0.75, 0.075], "texture": "#3"},
				"south": {"uv": [0, 0, 1.45, 0.075], "texture": "#3"},
				"west": {"uv": [0, 0, 0.75, 0.075], "texture": "#3"},
				"up": {"uv": [0, 0, 1.45, 0.75], "texture": "#3"},
				"down": {"uv": [0, 0, 1.45, 0.75], "texture": "#3"}
			}
		},
		{
			"from": [5.55, 5.575, 7.125],
			"to": [7, 5.625, 7.875],
			"rotation": {"angle": 0, "axis": "y", "origin": [6.775, 6.175, 7.5]},
			"faces": {
				"north": {"uv": [0, 0, 1.45, 0.05], "texture": "#3"},
				"east": {"uv": [0, 0, 0.75, 0.05], "texture": "#3"},
				"south": {"uv": [0, 0, 1.45, 0.05], "texture": "#3"},
				"west": {"uv": [0, 0, 0.75, 0.05], "texture": "#3"},
				"up": {"uv": [0, 0, 1.45, 0.75], "texture": "#3"},
				"down": {"uv": [0, 0, 1.45, 0.75], "texture": "#3"}
			}
		},
		{
			"from": [6.875, 5.05, 7.125],
			"to": [7, 5.575, 7.875],
			"rotation": {"angle": 0, "axis": "y", "origin": [6.775, 6.175, 7.5]},
			"faces": {
				"north": {"uv": [0, 0, 0.125, 0.525], "texture": "#3"},
				"east": {"uv": [0, 0, 0.75, 0.525], "texture": "#3"},
				"south": {"uv": [0, 0, 0.125, 0.525], "texture": "#3"},
				"west": {"uv": [0, 0, 0.75, 0.525], "texture": "#3"},
				"up": {"uv": [0, 0, 0.125, 0.75], "texture": "#3"},
				"down": {"uv": [0, 0, 0.125, 0.75], "texture": "#3"}
			}
		},
		{
			"from": [5.55, 5.05, 7.125],
			"to": [5.625, 5.575, 7.875],
			"rotation": {"angle": 0, "axis": "y", "origin": [6.775, 6.175, 7.5]},
			"faces": {
				"north": {"uv": [0, 0, 0.075, 0.525], "texture": "#3"},
				"east": {"uv": [0, 0, 0.75, 0.525], "texture": "#3"},
				"south": {"uv": [0, 0, 0.075, 0.525], "texture": "#3"},
				"west": {"uv": [0, 0, 0.75, 0.525], "texture": "#3"},
				"up": {"uv": [0, 0, 0.075, 0.75], "texture": "#3"},
				"down": {"uv": [0, 0, 0.075, 0.75], "texture": "#3"}
			}
		},
		{
			"from": [8.3, 4.975, 7.1],
			"to": [8.65, 6.175, 7.9],
			"rotation": {"angle": 0, "axis": "y", "origin": [8.575, 5.4, 7.5]},
			"faces": {
				"north": {"uv": [0, 0, 0.35, 1.2], "texture": "#3"},
				"east": {"uv": [0, 0, 0.8, 1.2], "texture": "#3"},
				"south": {"uv": [0, 0, 0.35, 1.2], "texture": "#3"},
				"west": {"uv": [0, 0, 0.8, 1.2], "texture": "#3"},
				"up": {"uv": [0, 0, 0.35, 0.8], "texture": "#3"},
				"down": {"uv": [0, 0, 0.35, 0.8], "texture": "#3"}
			}
		},
		{
			"from": [8.225, 5.15, 7.325],
			"to": [8.6, 6, 7.65],
			"rotation": {"angle": 0, "axis": "y", "origin": [8.525, 5.4, 7.5]},
			"faces": {
				"north": {"uv": [14, 11, 14.375, 11.85], "texture": "#2"},
				"east": {"uv": [0, 0, 0.325, 0.85], "texture": "#3"},
				"south": {"uv": [14, 12, 14.375, 12.85], "texture": "#2"},
				"west": {"uv": [10, 10, 10.325, 10.85], "texture": "#2"},
				"up": {"uv": [0, 0, 0.375, 0.325], "texture": "#3"},
				"down": {"uv": [0, 0, 0.375, 0.325], "texture": "#3"}
			}
		},
		{
			"from": [8.075, 5.15, 7.35],
			"to": [8.6, 6, 7.625],
			"rotation": {"angle": 0, "axis": "y", "origin": [8.525, 5.4, 7.5]},
			"faces": {
				"north": {"uv": [0, 0, 0.375, 0.85], "texture": "#2"},
				"east": {"uv": [0, 0, 0.325, 0.85], "texture": "#3"},
				"south": {"uv": [0, 0, 0.375, 0.85], "texture": "#2"},
				"west": {"uv": [0, 0, 0.325, 0.85], "texture": "#2"},
				"up": {"uv": [0, 0, 0.375, 0.325], "texture": "#3"},
				"down": {"uv": [0, 0, 0.375, 0.325], "texture": "#3"}
			}
		},
		{
			"from": [7.875, 4.9, 7.375],
			"to": [8.5, 5.825, 7.6],
			"rotation": {"angle": -22.5, "axis": "z", "origin": [8.425, 5.225, 7.5]},
			"faces": {
				"north": {"uv": [14, 11, 14.375, 11.85], "texture": "#2"},
				"east": {"uv": [0, 0, 0.325, 0.85], "texture": "#3"},
				"south": {"uv": [14, 12, 14.375, 12.85], "texture": "#1"},
				"west": {"uv": [10, 10, 10.325, 10.85], "texture": "#2"},
				"up": {"uv": [0, 0, 0.375, 0.325], "texture": "#3"},
				"down": {"uv": [0, 0, 0.375, 0.325], "texture": "#3"}
			}
		},
		{
			"from": [3.9, 5.175, 7.375],
			"to": [4.275, 5.675, 7.6],
			"rotation": {"angle": 22.5, "axis": "z", "origin": [4.5, 5, 7.5]},
			"faces": {
				"north": {"uv": [14, 11, 14.375, 11.85], "texture": "#2"},
				"east": {"uv": [0, 0, 0.325, 0.85], "texture": "#1"},
				"south": {"uv": [14, 12, 14.375, 12.85], "texture": "#1"},
				"west": {"uv": [10, 10, 10.325, 10.85], "texture": "#2"},
				"up": {"uv": [0, 0, 0.375, 0.325], "texture": "#1"},
				"down": {"uv": [0, 0, 0.375, 0.325], "texture": "#3"}
			}
		},
		{
			"from": [8.025, 5.2, 7.375],
			"to": [8.5, 6.2, 7.6],
			"rotation": {"angle": 22.5, "axis": "z", "origin": [8.425, 5.45, 7.5]},
			"faces": {
				"north": {"uv": [14, 11, 14.375, 11.85], "texture": "#2"},
				"east": {"uv": [0, 0, 0.325, 0.85], "texture": "#3"},
				"south": {"uv": [14, 12, 14.375, 12.85], "texture": "#2"},
				"west": {"uv": [10, 10, 10.325, 10.85], "texture": "#1"},
				"up": {"uv": [0, 0, 0.375, 0.325], "texture": "#1"},
				"down": {"uv": [0, 0, 0.375, 0.325], "texture": "#3"}
			}
		},
		{
			"from": [3.8, 5.6, 7.375],
			"to": [4.8, 5.975, 7.6],
			"rotation": {"angle": 0, "axis": "y", "origin": [4.55, 5.7, 7.5]},
			"faces": {
				"north": {"uv": [14, 11, 14.375, 11.85], "rotation": 90, "texture": "#2"},
				"east": {"uv": [0, 0, 0.375, 0.325], "rotation": 270, "texture": "#3"},
				"south": {"uv": [14, 12, 14.375, 12.85], "rotation": 270, "texture": "#2"},
				"west": {"uv": [0, 0, 0.375, 0.325], "rotation": 270, "texture": "#1"},
				"up": {"uv": [0, 0, 0.325, 0.85], "rotation": 270, "texture": "#3"},
				"down": {"uv": [10, 10, 10.325, 10.85], "rotation": 270, "texture": "#1"}
			}
		},
		{
			"from": [7.4, 5.975, 7.1],
			"to": [8.525, 6.175, 7.9],
			"rotation": {"angle": 0, "axis": "y", "origin": [7.5, 6.1, 7.5]},
			"faces": {
				"north": {"uv": [0, 0, 1.125, 0.2], "texture": "#3"},
				"east": {"uv": [0, 0, 0.8, 0.2], "texture": "#3"},
				"south": {"uv": [0, 0, 1.125, 0.2], "texture": "#3"},
				"west": {"uv": [0, 0, 0.8, 0.2], "texture": "#3"},
				"up": {"uv": [0, 0, 1.125, 0.8], "texture": "#3"},
				"down": {"uv": [0, 0, 1.125, 0.8], "texture": "#3"}
			}
		},
		{
			"from": [8.65, 4.425, 7.1],
			"to": [10.275, 5.925, 7.9],
			"rotation": {"angle": 0, "axis": "y", "origin": [0, 3, 0]},
			"faces": {
				"north": {"uv": [0, 0, 1.625, 1.5], "texture": "#1"},
				"east": {"uv": [0, 0, 0.8, 1.5], "texture": "#1"},
				"south": {"uv": [0, 0, 1.625, 1.5], "texture": "#1"},
				"west": {"uv": [0, 0, 0.8, 1.5], "texture": "#1"},
				"up": {"uv": [0, 0, 1.625, 0.8], "texture": "#1"},
				"down": {"uv": [0, 0, 1.625, 0.8], "texture": "#missing"}
			}
		},
		{
			"from": [7.05, 6.75, 7.1],
			"to": [8.95, 8.25, 7.9],
			"rotation": {"angle": -22.5, "axis": "z", "origin": [0, 3, 0]},
			"faces": {
				"north": {"uv": [0, 0, 1.9, 1.5], "texture": "#1"},
				"east": {"uv": [0, 0, 0.8, 1.5], "texture": "#1"},
				"south": {"uv": [0, 0, 1.9, 1.5], "texture": "#1"},
				"west": {"uv": [0, 0, 0.8, 1.5], "texture": "#1"},
				"up": {"uv": [0, 0, 1.9, 0.8], "texture": "#1"},
				"down": {"uv": [0, 0, 1.9, 0.8], "texture": "#missing"}
			}
		},
		{
			"from": [8.675, 4.5, 7.05],
			"to": [10.125, 5.825, 7.95],
			"rotation": {"angle": 0, "axis": "y", "origin": [0, 3, 0]},
			"faces": {
				"north": {"uv": [14, 15, 15.55, 16.325], "texture": "#2"},
				"east": {"uv": [15, 15, 15.9, 16.325], "texture": "#2"},
				"south": {"uv": [14, 15, 15.55, 16.325], "texture": "#2"},
				"west": {"uv": [15, 15, 15.9, 16.325], "texture": "#2"},
				"up": {"uv": [14, 15, 15.55, 15.9], "texture": "#2"},
				"down": {"uv": [14, 15, 15.55, 15.9], "texture": "#2"}
			}
		},
		{
			"from": [7.225, 6.95, 7.05],
			"to": [8.775, 8.275, 7.95],
			"rotation": {"angle": -22.5, "axis": "z", "origin": [0, 3, 0]},
			"faces": {
				"north": {"uv": [14, 15, 15.55, 16.325], "texture": "#2"},
				"east": {"uv": [15, 15, 15.9, 16.325], "texture": "#2"},
				"south": {"uv": [14, 15, 15.55, 16.325], "texture": "#2"},
				"west": {"uv": [15, 15, 15.9, 16.325], "texture": "#2"},
				"up": {"uv": [0, 0, 1.55, 0.9], "texture": "#missing"},
				"down": {"uv": [14, 15, 15.55, 15.9], "texture": "#2"}
			}
		},
		{
			"from": [7.25, 5.65, 7.25],
			"to": [8.75, 5.725, 7.75],
			"rotation": {"angle": -22.5, "axis": "z", "origin": [0, 3, 0]},
			"faces": {
				"north": {"uv": [0, 0, 1.5, 0.075], "texture": "#0"},
				"east": {"uv": [0, 0, 0.5, 0.075], "texture": "#0"},
				"south": {"uv": [0, 0, 1.5, 0.075], "texture": "#0"},
				"west": {"uv": [0, 0, 0.5, 0.075], "texture": "#0"},
				"up": {"uv": [0, 0, 1.5, 0.5], "texture": "#0"},
				"down": {"uv": [0, 0, 1.5, 0.5], "texture": "#0"}
			}
		},
		{
			"from": [8.675, 5.65, 7.25],
			"to": [8.75, 6, 7.75],
			"rotation": {"angle": -22.5, "axis": "z", "origin": [0, 3, 0]},
			"faces": {
				"north": {"uv": [0, 0, 0.075, 0.35], "texture": "#0"},
				"east": {"uv": [0, 0, 0.5, 0.35], "texture": "#0"},
				"south": {"uv": [0, 0, 0.075, 0.35], "texture": "#0"},
				"west": {"uv": [0, 0, 0.5, 0.35], "texture": "#0"},
				"up": {"uv": [0, 0, 0.075, 0.5], "texture": "#0"},
				"down": {"uv": [0, 0, 0.075, 0.5], "texture": "#0"}
			}
		},
		{
			"from": [7.25, 5.65, 7.25],
			"to": [7.325, 6, 7.75],
			"rotation": {"angle": -22.5, "axis": "z", "origin": [0, 3, 0]},
			"faces": {
				"north": {"uv": [0, 0, 0.075, 0.35], "texture": "#0"},
				"east": {"uv": [0, 0, 0.5, 0.35], "texture": "#0"},
				"south": {"uv": [0, 0, 0.075, 0.35], "texture": "#0"},
				"west": {"uv": [0, 0, 0.5, 0.35], "texture": "#0"},
				"up": {"uv": [0, 0, 0.075, 0.5], "texture": "#0"},
				"down": {"uv": [0, 0, 0.075, 0.5], "texture": "#0"}
			}
		},
		{
			"from": [7.9, 5.65, 7.25],
			"to": [7.975, 6, 7.75],
			"rotation": {"angle": -22.5, "axis": "z", "origin": [0, 3, 0]},
			"faces": {
				"north": {"uv": [0, 0, 0.075, 0.35], "texture": "#0"},
				"east": {"uv": [0, 0, 0.5, 0.35], "texture": "#0"},
				"south": {"uv": [0, 0, 0.075, 0.35], "texture": "#0"},
				"west": {"uv": [0, 0, 0.5, 0.35], "texture": "#0"},
				"up": {"uv": [0, 0, 0.075, 0.5], "texture": "#0"},
				"down": {"uv": [0, 0, 0.075, 0.5], "texture": "#0"}
			}
		},
		{
			"from": [7.975, 5.65, 7.25],
			"to": [8.05, 6, 7.75],
			"rotation": {"angle": -22.5, "axis": "z", "origin": [0, 3, 0]},
			"faces": {
				"north": {"uv": [0, 0, 0.075, 0.35], "texture": "#0"},
				"east": {"uv": [0, 0, 0.5, 0.35], "texture": "#0"},
				"south": {"uv": [0, 0, 0.075, 0.35], "texture": "#0"},
				"west": {"uv": [0, 0, 0.5, 0.35], "texture": "#0"},
				"up": {"uv": [0, 0, 0.075, 0.5], "texture": "#0"},
				"down": {"uv": [0, 0, 0.075, 0.5], "texture": "#0"}
			}
		},
		{
			"from": [7.25, 5.925, 7.25],
			"to": [8.75, 6.5, 7.75],
			"rotation": {"angle": -22.5, "axis": "z", "origin": [0, 3, 0]},
			"faces": {
				"north": {"uv": [0, 0, 1.5, 0.575], "texture": "#0"},
				"east": {"uv": [0, 0, 0.5, 0.575], "texture": "#0"},
				"south": {"uv": [0, 0, 1.5, 0.575], "texture": "#0"},
				"west": {"uv": [0, 0, 0.5, 0.575], "texture": "#0"},
				"up": {"uv": [0, 0, 1.5, 0.5], "texture": "#0"},
				"down": {"uv": [0, 0, 1.5, 0.5], "texture": "#0"}
			}
		},
		{
			"from": [7, 6, 7],
			"to": [9, 6.75, 8],
			"rotation": {"angle": -22.5, "axis": "z", "origin": [0, 3, 0]},
			"faces": {
				"north": {"uv": [0, 0, 2, 0.75], "texture": "#0"},
				"east": {"uv": [0, 0, 1, 0.75], "texture": "#0"},
				"south": {"uv": [0, 0, 2, 0.75], "texture": "#0"},
				"west": {"uv": [0, 0, 1, 0.75], "texture": "#0"},
				"up": {"uv": [0, 0, 2, 1], "texture": "#0"},
				"down": {"uv": [0, 0, 2, 1], "texture": "#0"}
			}
		},
		{
			"from": [8.4, 5.925, 7.125],
			"to": [10.25, 5.975, 7.875],
			"rotation": {"angle": 0, "axis": "y", "origin": [0, 3, 0]},
			"faces": {
				"north": {"uv": [0, 0, 1.85, 0.05], "texture": "#3"},
				"east": {"uv": [0, 0, 0.75, 0.05], "texture": "#3"},
				"south": {"uv": [0, 0, 1.85, 0.05], "texture": "#3"},
				"west": {"uv": [0, 0, 0.75, 0.05], "texture": "#3"},
				"up": {"uv": [0, 0, 1.85, 0.75], "texture": "#3"},
				"down": {"uv": [0, 0, 1.85, 0.75], "texture": "#3"}
			}
		},
		{
			"from": [7.05, 6.15, 7.125],
			"to": [9.125, 6.625, 7.875],
			"rotation": {"angle": 0, "axis": "y", "origin": [0, 3, 0]},
			"faces": {
				"north": {"uv": [0, 0, 2.075, 0.475], "texture": "#0"},
				"east": {"uv": [0, 0, 0.75, 0.475], "texture": "#0"},
				"south": {"uv": [0, 0, 2.075, 0.475], "texture": "#0"},
				"west": {"uv": [0, 0, 0.75, 0.475], "texture": "#0"},
				"up": {"uv": [0, 0, 2.075, 0.75], "texture": "#0"},
				"down": {"uv": [0, 0, 2.075, 0.75], "texture": "#0"}
			}
		},
		{
			"from": [7, 4.575, 7.15],
			"to": [7.05, 6.6, 7.85],
			"rotation": {"angle": 0, "axis": "y", "origin": [-0.025, 3, 0]},
			"faces": {
				"north": {"uv": [0, 0, 0.05, 2.025], "texture": "#1"},
				"east": {"uv": [0, 0, 0.7, 2.025], "texture": "#1"},
				"south": {"uv": [0, 0, 0.05, 2.025], "texture": "#1"},
				"west": {"uv": [0, 0, 0.7, 2.025], "texture": "#1"},
				"up": {"uv": [0, 0, 0.05, 0.7], "texture": "#1"},
				"down": {"uv": [0, 0, 0.05, 0.7], "texture": "#1"}
			}
		},
		{
			"from": [3.85, 5.95, 7.15],
			"to": [3.925, 6.6, 7.85],
			"rotation": {"angle": 0, "axis": "y", "origin": [-3.15, 3, 0]},
			"faces": {
				"north": {"uv": [0, 0, 0.075, 0.65], "texture": "#1"},
				"east": {"uv": [0, 0, 0.7, 0.65], "texture": "#1"},
				"south": {"uv": [0, 0, 0.075, 0.65], "texture": "#1"},
				"west": {"uv": [0, 0, 0.7, 0.65], "texture": "#1"},
				"up": {"uv": [0, 0, 0.075, 0.7], "texture": "#1"},
				"down": {"uv": [0, 0, 0.075, 0.7], "texture": "#1"}
			}
		},
		{
			"from": [3.85, 5.975, 7.15],
			"to": [4.475, 6.1, 7.85],
			"rotation": {"angle": 0, "axis": "y", "origin": [-3.15, 3, 0]},
			"faces": {
				"north": {"uv": [0, 0, 0.625, 0.125], "texture": "#1"},
				"east": {"uv": [0, 0, 0.7, 0.125], "texture": "#1"},
				"south": {"uv": [0, 0, 0.625, 0.125], "texture": "#1"},
				"west": {"uv": [0, 0, 0.7, 0.125], "texture": "#1"},
				"up": {"uv": [0, 0, 0.625, 0.7], "texture": "#1"},
				"down": {"uv": [0, 0, 0.625, 0.7], "texture": "#1"}
			}
		},
		{
			"from": [4.025, 5.2, 7.15],
			"to": [4.475, 5.325, 7.85],
			"rotation": {"angle": 0, "axis": "y", "origin": [-3.15, 2.225, 0]},
			"faces": {
				"north": {"uv": [0, 0, 0.45, 0.125], "texture": "#1"},
				"east": {"uv": [0, 0, 0.7, 0.125], "texture": "#1"},
				"south": {"uv": [0, 0, 0.45, 0.125], "texture": "#1"},
				"west": {"uv": [0, 0, 0.7, 0.125], "texture": "#1"},
				"up": {"uv": [0, 0, 0.45, 0.7], "texture": "#1"},
				"down": {"uv": [0, 0, 0.45, 0.7], "texture": "#1"}
			}
		},
		{
			"from": [5.55, 4.925, 7.15],
			"to": [7, 4.975, 7.85],
			"rotation": {"angle": 0, "axis": "y", "origin": [-0.025, 3, 0]},
			"faces": {
				"north": {"uv": [0, 0, 1.45, 0.05], "texture": "#1"},
				"east": {"uv": [0, 0, 0.7, 0.05], "texture": "#1"},
				"south": {"uv": [0, 0, 1.45, 0.05], "texture": "#1"},
				"west": {"uv": [0, 0, 0.7, 0.05], "texture": "#1"},
				"up": {"uv": [0, 0, 1.45, 0.7], "texture": "#1"},
				"down": {"uv": [0, 0, 1.45, 0.7], "texture": "#1"}
			}
		},
		{
			"from": [5.5, 5.625, 7.15],
			"to": [7.05, 5.675, 7.85],
			"rotation": {"angle": 0, "axis": "y", "origin": [-0.025, 3, 0]},
			"faces": {
				"north": {"uv": [0, 0, 1.55, 0.05], "texture": "#1"},
				"east": {"uv": [0, 0, 0.7, 0.05], "texture": "#1"},
				"south": {"uv": [0, 0, 1.55, 0.05], "texture": "#1"},
				"west": {"uv": [0, 0, 0.7, 0.05], "texture": "#1"},
				"up": {"uv": [0, 0, 1.55, 0.7], "texture": "#1"},
				"down": {"uv": [0, 0, 1.55, 0.7], "texture": "#1"}
			}
		},
		{
			"from": [5.5, 4.925, 7.15],
			"to": [5.55, 5.625, 7.85],
			"rotation": {"angle": 0, "axis": "y", "origin": [-0.025, 3, 0]},
			"faces": {
				"north": {"uv": [0, 0, 0.05, 0.7], "texture": "#1"},
				"east": {"uv": [0, 0, 0.7, 0.7], "texture": "#1"},
				"south": {"uv": [0, 0, 0.05, 0.7], "texture": "#1"},
				"west": {"uv": [0, 0, 0.7, 0.7], "texture": "#1"},
				"up": {"uv": [0, 0, 0.05, 0.7], "texture": "#1"},
				"down": {"uv": [0, 0, 0.05, 0.7], "texture": "#1"}
			}
		},
		{
			"from": [10.1, 6.325, 7.075],
			"to": [10.125, 6.525, 7.925],
			"rotation": {"angle": 22.5, "axis": "z", "origin": [9.775, 5.75, 7.75]},
			"faces": {
				"north": {"uv": [0, 0, 0.2, 0.025], "rotation": 90, "texture": "#4"},
				"east": {"uv": [0, 0, 0.2, 0.85], "rotation": 270, "texture": "#4"},
				"south": {"uv": [0, 0, 0.2, 0.025], "rotation": 270, "texture": "#4"},
				"west": {"uv": [0, 0, 0.2, 0.85], "rotation": 270, "texture": "#4"},
				"up": {"uv": [0, 0, 0.85, 0.025], "rotation": 270, "texture": "#4"},
				"down": {"uv": [0, 0, 0.85, 0.025], "rotation": 270, "texture": "#4"}
			}
		},
		{
			"from": [9.775, 6.4, 7.075],
			"to": [9.875, 6.425, 7.925],
			"rotation": {"angle": 0, "axis": "y", "origin": [10.45, 6.075, 7.75]},
			"faces": {
				"north": {"uv": [0, 0, 0.1, 0.025], "rotation": 180, "texture": "#4"},
				"east": {"uv": [0, 0, 0.85, 0.025], "rotation": 180, "texture": "#4"},
				"south": {"uv": [0, 0, 0.1, 0.025], "rotation": 180, "texture": "#4"},
				"west": {"uv": [0, 0, 0.85, 0.025], "rotation": 180, "texture": "#4"},
				"up": {"uv": [0, 0, 0.1, 0.85], "rotation": 180, "texture": "#4"},
				"down": {"uv": [0, 0, 0.1, 0.85], "rotation": 180, "texture": "#4"}
			}
		},
		{
			"from": [10.325, 2.225, 7.075],
			"to": [10.35, 2.425, 7.925],
			"rotation": {"angle": 22.5, "axis": "z", "origin": [0, 3, 0]},
			"faces": {
				"north": {"uv": [0, 0, 0.2, 0.025], "rotation": 90, "texture": "#4"},
				"east": {"uv": [0, 0, 0.2, 0.85], "rotation": 270, "texture": "#4"},
				"south": {"uv": [0, 0, 0.2, 0.025], "rotation": 270, "texture": "#4"},
				"west": {"uv": [0, 0, 0.2, 0.85], "rotation": 270, "texture": "#4"},
				"up": {"uv": [0, 0, 0.85, 0.025], "rotation": 270, "texture": "#4"},
				"down": {"uv": [0, 0, 0.85, 0.025], "rotation": 270, "texture": "#0"}
			}
		},
		{
			"from": [9.125, 6.175, 7.1],
			"to": [10.375, 6.7, 7.9],
			"rotation": {"angle": 0, "axis": "y", "origin": [0, 3, 0]},
			"faces": {
				"north": {"uv": [0, 0, 1.25, 0.525], "texture": "#0"},
				"east": {"uv": [0, 0, 0.8, 0.525], "texture": "#0"},
				"south": {"uv": [0, 0, 1.25, 0.525], "texture": "#0"},
				"west": {"uv": [0, 0, 0.8, 0.525], "texture": "#0"},
				"up": {"uv": [0, 0, 1.25, 0.8], "texture": "#0"},
				"down": {"uv": [0, 0, 1.25, 0.8], "texture": "#0"}
			}
		},
		{
			"from": [5.625, 5.05, 7.1],
			"to": [6.875, 5.575, 7.9],
			"rotation": {"angle": 0, "axis": "y", "origin": [0, 3, 0]},
			"faces": {
				"north": {"uv": [0, 0, 1.25, 0.525], "texture": "#0"},
				"east": {"uv": [0, 0, 0.8, 0.525], "texture": "#0"},
				"south": {"uv": [0, 0, 1.25, 0.525], "texture": "#0"},
				"west": {"uv": [0, 0, 0.8, 0.525], "texture": "#0"},
				"up": {"uv": [0, 0, 1.25, 0.8], "texture": "#0"},
				"down": {"uv": [0, 0, 1.25, 0.8], "texture": "#0"}
			}
		},
		{
			"from": [8.35, 4.925, 7.075],
			"to": [8.65, 6.175, 7.925],
			"rotation": {"angle": 0, "axis": "y", "origin": [9.25, 6.1, 7.5]},
			"faces": {
				"north": {"uv": [0, 0, 0.3, 1.25], "texture": "#3"},
				"east": {"uv": [0, 0, 0.85, 1.25], "texture": "#3"},
				"south": {"uv": [0, 0, 0.3, 1.25], "texture": "#3"},
				"west": {"uv": [0, 0, 0.85, 1.25], "texture": "#3"},
				"up": {"uv": [0, 0, 0.3, 0.85], "texture": "#3"},
				"down": {"uv": [0, 0, 0.3, 0.85], "texture": "#3"}
			}
		}
	],
	"display": {
		"thirdperson_righthand": {
			"rotation": [0, -90, 0],
			"translation": [-0.5, 3, 0.25],
			"scale": [1.15234, 1, 2.05078]
		},
		"thirdperson_lefthand": {
			"rotation": [0, -90, 0],
			"translation": [-0.5, 3, -2.75],
			"scale": [1.15234, 1, 2.05078]
		},
		"firstperson_righthand": {
			"rotation": [0, -75.25, 0],
			"translation": [-1, 7.25, 1.75],
			"scale": [1.25586, 1.36328, 2.70703]
		},
		"firstperson_lefthand": {
			"rotation": [0, -75.25, 0],
			"translation": [-1, 7.25, 1.75],
			"scale": [1.25586, 1.36328, 2.70703]
		},
		"ground": {
			"rotation": [88.25, 0.5, 0],
			"translation": [0, -2.75, 2.25]
		},
		"gui": {
			"rotation": [-165.9, -38.82, 168.86],
			"translation": [-3.25, 6.5, 0],
			"scale": [2, 2, 2.64453]
		},
		"fixed": {
			"translation": [0.75, 4.75, 0],
			"scale": [1.82813, 1.82813, 1.82813]
		}
	}
}